atelectasis,cardiomegaly,effusion,infiltration,mass,nodule,pneumonia,pneumothorax,consolidation,edema,emphysema,fibrosis,pleural_thickening,hernia,row_id
0.50904685,0.5050638,0.5498278,0.56592375,0.50543404,0.50025815,0.5307761,0.5361341,0.5533622,0.5256676,0.5200101,0.5032318,0.48895797,0.42444143,0
0.5301421,0.5062021,0.49198565,0.5196544,0.43463308,0.51034206,0.55026746,0.5189797,0.56379277,0.61353123,0.50325286,0.4373952,0.3622959,0.24164301,1
0.54804206,0.51618725,0.5485044,0.60341465,0.44115368,0.500736,0.5976681,0.56108135,0.60633683,0.6563483,0.56088513,0.39962566,0.38650253,0.27494442,2
0.5070151,0.5595073,0.57524604,0.5223055,0.5595756,0.4992854,0.49799854,0.49378586,0.5388417,0.41769454,0.4571749,0.52058697,0.54176605,0.5616289,3
0.48577738,0.53540224,0.56181484,0.5175779,0.5627735,0.503818,0.4683471,0.4961796,0.52526456,0.40780407,0.45970365,0.5479673,0.550129,0.5666125,4
0.56608206,0.5175703,0.5315003,0.6133054,0.40294158,0.4971556,0.6313022,0.5516305,0.6146135,0.7064455,0.586471,0.33765677,0.32789907,0.19427991,5
0.46000284,0.51519,0.63177526,0.59227693,0.6201838,0.5032769,0.4505917,0.5382665,0.5769952,0.38700613,0.48599386,0.58135474,0.61640424,0.6950237,6
0.53764284,0.49456885,0.5515953,0.6468398,0.41689956,0.49324813,0.60800105,0.58646667,0.617521,0.6946989,0.62366116,0.3745629,0.36234996,0.23027574,7
0.56800056,0.5400878,0.48934188,0.545862,0.3938799,0.51247996,0.6105346,0.51911867,0.5918737,0.69674844,0.5203382,0.3455915,0.31104678,0.1737502,8
0.51811033,0.55101216,0.5364459,0.50686646,0.51364267,0.49917018,0.52033734,0.48911044,0.51972365,0.46402672,0.47600746,0.49293453,0.4863779,0.44764817,9
0.56305367,0.5542606,0.56227493,0.5604224,0.49987927,0.50251365,0.5914598,0.5141233,0.5756848,0.5538765,0.50334954,0.43398535,0.4668145,0.41063184,10
0.56642383,0.50470644,0.5056119,0.6414625,0.3553612,0.49912474,0.6484157,0.58320826,0.6202683,0.76931727,0.64268434,0.29348642,0.2724919,0.12845917,11
0.5393369,0.5871915,0.5786665,0.5165554,0.54927313,0.5048699,0.5325515,0.48083153,0.55322516,0.4378809,0.44590786,0.4782838,0.5181919,0.5366169,12
0.5173817,0.56124043,0.52300286,0.4707478,0.5216841,0.49993378,0.4979239,0.4617824,0.50399107,0.4294835,0.44402862,0.5007053,0.49677646,0.46669638,13
0.5514771,0.6625301,0.44082996,0.30902073,0.5014474,0.5069168,0.4514031,0.35502616,0.41473347,0.32989627,0.2927981,0.46489984,0.44368872,0.4187415,14
0.49023917,0.53524536,0.66451234,0.622992,0.6315151,0.5047747,0.4926584,0.5554114,0.6263086,0.41615245,0.48444557,0.55908483,0.6182593,0.7156857,15
0.52694714,0.5810144,0.54291654,0.4769972,0.5380413,0.5023963,0.50977224,0.46704778,0.5146763,0.41876715,0.43430263,0.49213433,0.5066726,0.5014723,16
0.49469712,0.50988394,0.5871374,0.5762937,0.55584943,0.49817717,0.50908464,0.53676885,0.55688506,0.46294168,0.5186203,0.52953315,0.5392848,0.5442176,17
0.51307285,0.53489435,0.55916667,0.540783,0.5287449,0.49494272,0.5237255,0.51276577,0.53142613,0.46797797,0.5001464,0.50356025,0.5122415,0.4856559,18
0.4997663,0.5242461,0.5534348,0.5355231,0.53083766,0.49612203,0.5018848,0.51482797,0.5306286,0.46282476,0.5002665,0.5139235,0.51231396,0.48881334,19
0.5582728,0.6501245,0.44193375,0.3104537,0.5188276,0.5087715,0.46338353,0.35688043,0.42265067,0.34492674,0.28588703,0.47226888,0.4574515,0.4385121,20
0.55810165,0.5106791,0.5292114,0.60575384,0.41377705,0.5043117,0.6128916,0.5637694,0.6207025,0.709179,0.56754315,0.35982668,0.33229035,0.20516752,21
0.555548,0.59415513,0.53169274,0.49945104,0.47690353,0.50186574,0.5599356,0.4719221,0.5432868,0.52098405,0.4550827,0.4163028,0.42950302,0.3650441,22
0.5662854,0.52273005,0.5219201,0.5960512,0.40879384,0.49629357,0.62085813,0.5538354,0.58540344,0.67642164,0.5808285,0.36381763,0.3568422,0.22747302,23
0.5483745,0.60190547,0.4759358,0.4127664,0.48321986,0.5090511,0.50752723,0.4279118,0.49108627,0.47189376,0.40597963,0.4363022,0.4346239,0.3847396,24
0.5497645,0.4963248,0.5217968,0.6387334,0.37526655,0.49572173,0.6214438,0.585257,0.61052084,0.7290239,0.62897605,0.33749166,0.3072095,0.1604552,25
0.53582746,0.6161416,0.44812405,0.34013826,0.51840025,0.505659,0.45767274,0.38914222,0.43413848,0.3657211,0.32535237,0.49281856,0.4620118,0.4413416,26
0.5456945,0.633609,0.47007197,0.3571893,0.5074093,0.5047066,0.47341174,0.3875742,0.4436898,0.36579782,0.3483752,0.46800762,0.45936844,0.44073606,27
0.5596049,0.5024818,0.51077914,0.630398,0.36694154,0.4998089,0.63735193,0.57015675,0.6095114,0.74369216,0.63524765,0.31298375,0.2880972,0.14320134,28
0.5200311,0.5477138,0.5058024,0.47216648,0.49636623,0.497555,0.5032936,0.47447854,0.4947462,0.45207608,0.45522577,0.49403393,0.46358964,0.40617,29
0.56024754,0.5222347,0.5115587,0.5759796,0.41001272,0.5039427,0.6083921,0.54272735,0.58403856,0.67478245,0.56450295,0.3702077,0.3481784,0.21795848,30
0.55708396,0.59008086,0.487558,0.4243444,0.46957874,0.51219994,0.5382173,0.44824952,0.52615905,0.5136916,0.38728946,0.44854876,0.41163135,0.33465612,31
0.536046,0.5838151,0.5452329,0.49020284,0.5220216,0.49858424,0.52259827,0.47209623,0.5235312,0.44216403,0.4358415,0.4877254,0.5046338,0.48241186,32
0.5390736,0.6225376,0.45541704,0.35570347,0.49857587,0.50892633,0.4624866,0.3915284,0.43916488,0.37736002,0.34040266,0.46819586,0.43464643,0.40029013,33
0.56363404,0.5461388,0.5701737,0.59927386,0.47325662,0.49497578,0.61818653,0.5349187,0.58714414,0.59210825,0.5499155,0.4059385,0.44347575,0.35973296,34
0.5342319,0.5531011,0.56306833,0.5528392,0.5070292,0.49610513,0.5456658,0.51841754,0.5544457,0.5068884,0.49384928,0.47060397,0.4911002,0.44715795,35
0.5333618,0.5419435,0.5235272,0.52605635,0.47231987,0.50673586,0.54523075,0.51063216,0.5512646,0.55936533,0.49707323,0.44313625,0.4213548,0.34708953,36
0.55142266,0.5020385,0.54351,0.6437551,0.40483183,0.49323595,0.6266542,0.5852182,0.6148842,0.7049735,0.6262526,0.35752538,0.34417003,0.20909594,37
0.55895734,0.5044626,0.5354178,0.64551586,0.38696018,0.493168,0.64143425,0.58116484,0.62468743,0.7362252,0.62919086,0.3262231,0.31092927,0.17013134,38
0.5233432,0.6074416,0.49294367,0.39964464,0.5016935,0.5049454,0.46006238,0.42161945,0.4682027,0.3903924,0.36745486,0.49204513,0.467505,0.42734852,39
0.51439255,0.50044376,0.55377793,0.59479684,0.48938495,0.5039072,0.54458725,0.54185367,0.5769898,0.5590134,0.5532402,0.45910838,0.45599976,0.3759449,40
0.5094932,0.53063244,0.53330934,0.51410866,0.50775594,0.49571064,0.50815433,0.5039932,0.51971084,0.4650718,0.48188257,0.5085564,0.48408175,0.4405142,41
0.5557696,0.67540586,0.43582785,0.28787556,0.51237595,0.50460154,0.4450205,0.3330395,0.39885506,0.3042781,0.27179912,0.4634062,0.45299283,0.44125223,42
0.5636725,0.5701822,0.5812502,0.56974715,0.5069893,0.49528557,0.58367103,0.52448016,0.57315844,0.5199278,0.49642774,0.4408933,0.48468152,0.45172903,43
0.54719335,0.61463153,0.5474981,0.47160935,0.52917355,0.48962545,0.52451694,0.44852698,0.49417922,0.39503807,0.4293153,0.4630688,0.51374006,0.51393634,44
0.56415516,0.59101343,0.5160055,0.4873549,0.46727064,0.504307,0.5610309,0.47341228,0.53385407,0.53341657,0.4513602,0.41555914,0.42381725,0.34870696,45
0.5436468,0.6300783,0.4591848,0.3551521,0.5060119,0.5068617,0.46603876,0.3847436,0.43961045,0.37289524,0.33540812,0.4689936,0.45670938,0.43021277,46
0.52757776,0.56971556,0.4959145,0.44734251,0.4938898,0.50491977,0.50265634,0.4551209,0.5024863,0.45682982,0.42806795,0.47932416,0.45038345,0.39486644,47
0.5279915,0.56907195,0.53684604,0.49992263,0.5077551,0.49764803,0.52047175,0.48489237,0.513928,0.45689836,0.45714745,0.48401868,0.48433205,0.44203693,48
0.53928137,0.60641205,0.5009212,0.4395961,0.48600593,0.49934888,0.51227,0.4400361,0.4844248,0.43547297,0.42748246,0.4518639,0.45214626,0.40101844,49
0.5014487,0.53454477,0.5446607,0.52572834,0.51912796,0.49484998,0.5044469,0.50891507,0.5224173,0.4568468,0.48883513,0.51379585,0.5047199,0.47302392,50
0.52465373,0.540327,0.54716617,0.5300932,0.51556647,0.504176,0.5336824,0.50224924,0.54198635,0.492644,0.49460816,0.47611406,0.48429716,0.44145438,51
0.5635079,0.6318937,0.45691964,0.34902045,0.4901848,0.5107347,0.49072567,0.38816977,0.46196714,0.40570718,0.3141583,0.46279606,0.42983806,0.37780288,52
0.49045575,0.5145445,0.55981195,0.5459782,0.54285675,0.49579585,0.4921382,0.5125789,0.52234685,0.44579417,0.5143024,0.5211088,0.5314188,0.52119815,53
0.50602484,0.5423206,0.55330276,0.51542515,0.54376876,0.49870327,0.50092506,0.49255767,0.52084345,0.43444517,0.47557697,0.5135861,0.52269465,0.51807946,54
0.5528237,0.52766705,0.5777237,0.6192002,0.47417483,0.49939182,0.61087406,0.554933,0.60452557,0.612789,0.5669401,0.4101842,0.43700317,0.35448843,55
0.5255778,0.5192792,0.5213127,0.5261642,0.4907019,0.49640998,0.53132856,0.5101667,0.5176187,0.50409245,0.5132306,0.4810211,0.46559384,0.39649317,56
0.548402,0.49803686,0.53856075,0.6449904,0.39843768,0.50015664,0.62446254,0.58141494,0.6246662,0.72629553,0.62671816,0.3436276,0.32749656,0.18696,57
0.571885,0.5027004,0.48502803,0.6476771,0.31892696,0.50350404,0.6609608,0.5861109,0.6358204,0.81417084,0.6483606,0.2496727,0.21835692,0.08149325,58
0.55639124,0.6070901,0.46620888,0.38851184,0.49087924,0.5157641,0.5063053,0.4131768,0.48616534,0.45554084,0.3560031,0.44824824,0.42440957,0.36360335,59
0.5306496,0.60589236,0.54169035,0.45402345,0.536,0.5026891,0.49743298,0.44799098,0.50289196,0.3931163,0.4031901,0.49757653,0.5147085,0.521807,60
0.47924867,0.5260416,0.55994433,0.5332628,0.54669374,0.50052035,0.4741534,0.5108073,0.53088224,0.43205976,0.47932476,0.5428485,0.53769183,0.5341329,61
0.5442353,0.58459103,0.48160294,0.4374837,0.45772424,0.5120636,0.5250891,0.45560884,0.51721466,0.51645976,0.4152861,0.4371099,0.38832667,0.3122384,62
0.5167923,0.5450812,0.5556196,0.5466156,0.5052514,0.49475053,0.5318893,0.51505554,0.5450455,0.49556974,0.49141562,0.4902406,0.48854735,0.440508,63
0.5274728,0.65346324,0.42816985,0.29099053,0.51507,0.5020566,0.41011083,0.33157203,0.37597436,0.2805561,0.3103497,0.47205886,0.46867612,0.45148543,64
0.55788875,0.5106262,0.60688514,0.6745281,0.46574423,0.4828178,0.63489294,0.589232,0.62548417,0.63482547,0.6252146,0.39452744,0.43251953,0.34137946,65
0.536714,0.56051534,0.53448373,0.50471896,0.5064437,0.5022345,0.5328482,0.48949242,0.52549934,0.4856961,0.47269824,0.47073323,0.47675222,0.43889996,66
0.5604603,0.54270715,0.48462513,0.5146644,0.4075705,0.5095148,0.5863265,0.50780725,0.5698055,0.6505077,0.499488,0.38054025,0.3288241,0.20384721,67
0.49708384,0.54011273,0.5625035,0.53638834,0.54027635,0.49430004,0.49089625,0.51409554,0.52936035,0.4390347,0.4821457,0.52290475,0.52475965,0.51743823,68
0.5000083,0.5330677,0.55710965,0.5236774,0.55045354,0.49549785,0.48804635,0.5021323,0.51742274,0.42117697,0.4858781,0.5223077,0.5282373,0.53304005,69
0.5094634,0.5806277,0.47324017,0.40191454,0.5024649,0.50173414,0.45653552,0.42138326,0.46146932,0.3999724,0.38923922,0.48912174,0.45371795,0.39630416,70
0.5608361,0.54816484,0.56362855,0.5879348,0.47150877,0.48950478,0.6088137,0.53583217,0.5693991,0.5720263,0.5424841,0.42291743,0.4556318,0.37288338,71
0.50759906,0.553537,0.50348794,0.46515247,0.49819136,0.50022393,0.48377308,0.47094795,0.48971766,0.43227667,0.44238877,0.51051664,0.47267145,0.4259482,72
0.5028579,0.49624676,0.6083632,0.6134525,0.5615952,0.4983591,0.5257832,0.5630267,0.58995676,0.49421194,0.5350027,0.53449,0.5485017,0.55002135,73
0.5254232,0.52671367,0.57178,0.57046133,0.5167785,0.49365464,0.5435776,0.5392926,0.5530822,0.5024505,0.52236634,0.48982158,0.4996738,0.47062162,74
0.5498818,0.54757154,0.5220779,0.5385726,0.4487048,0.50441813,0.571848,0.51844126,0.5613496,0.59321237,0.5070158,0.41462007,0.3944331,0.29679096,75
0.49985775,0.513775,0.5879287,0.5857337,0.54714483,0.50162643,0.51993537,0.5417156,0.5756608,0.4927468,0.5177711,0.51207435,0.52190906,0.513686,76
0.54643595,0.590668,0.47859,0.39969593,0.49598745,0.5123404,0.49850887,0.4268724,0.4856682,0.44863454,0.3746621,0.47626847,0.4389217,0.39472893,77
0.52814114,0.6035164,0.52229035,0.42502874,0.54695845,0.50588214,0.48319817,0.42977315,0.48255184,0.379631,0.3859527,0.5016836,0.5142128,0.52380216,78
0.49806726,0.55460477,0.5333281,0.48401225,0.53284,0.50401706,0.47636464,0.47946942,0.501833,0.42184055,0.44924542,0.5256424,0.5110146,0.50113654,79
0.520322,0.55657864,0.5114724,0.46138,0.5144884,0.5041579,0.5037329,0.4664463,0.49973908,0.44591072,0.45029062,0.49364185,0.47690716,0.44605753,80
0.5716207,0.5086693,0.50648004,0.6360614,0.35496026,0.4972308,0.64934677,0.5760128,0.61425126,0.75798,0.6430787,0.29303235,0.27568245,0.13252762,81
0.5003388,0.52793336,0.49603754,0.45698327,0.5120687,0.5088252,0.47511083,0.46988901,0.4931033,0.45236644,0.4514375,0.5168127,0.46745443,0.4249642,82
0.55622363,0.5476815,0.56367975,0.5830444,0.479367,0.4983924,0.59593755,0.5356294,0.5822757,0.5746778,0.529233,0.42202094,0.44603324,0.37352756,83
0.56849456,0.5103074,0.52208936,0.6400891,0.37611926,0.498497,0.6501457,0.5758213,0.6262477,0.74949086,0.6364128,0.30464217,0.2927001,0.15353696,84
0.56189626,0.50463396,0.52683103,0.6449486,0.38298887,0.49903804,0.6391862,0.5833815,0.62705046,0.7488871,0.6342073,0.3145697,0.30230406,0.16433282,85
0.55028576,0.5183668,0.51423115,0.5772779,0.4183325,0.5057381,0.5987513,0.54022855,0.58831245,0.67418057,0.55162966,0.38221914,0.3561421,0.22176147,86
0.52109915,0.49572754,0.5723673,0.613287,0.4971542,0.49123403,0.5612577,0.56531245,0.568054,0.54328877,0.5686161,0.48129472,0.48336342,0.41606098,87
0.51888627,0.52032715,0.55586004,0.5584783,0.51915693,0.50262296,0.54030395,0.5266558,0.5469111,0.5035922,0.5166543,0.49591073,0.4989398,0.45958886,88
0.5325587,0.55170935,0.4866436,0.4653606,0.48033062,0.50192595,0.51440877,0.46822527,0.49041393,0.47257954,0.4592771,0.46385387,0.43349147,0.36066636,89
0.5646814,0.5365322,0.558137,0.59767324,0.45597786,0.49837884,0.614559,0.5421604,0.6077024,0.6400754,0.5493649,0.3828502,0.40355283,0.30869156,90
0.5602518,0.50357485,0.51682395,0.64140296,0.36925688,0.5000155,0.64359814,0.5761179,0.6217835,0.7532185,0.63833886,0.30676907,0.28930297,0.14263073,91
0.5113745,0.5004017,0.56497633,0.5977277,0.49159837,0.49568862,0.5545699,0.55657166,0.5747302,0.5644879,0.5529851,0.4751556,0.47515872,0.39146015,92
0.5394927,0.63764113,0.47750053,0.35652655,0.52413696,0.5047395,0.4630862,0.3826036,0.43438593,0.34170565,0.34756765,0.4747892,0.48062778,0.48423252,93
0.5852064,0.6223739,0.5130543,0.47548014,0.44529358,0.49367312,0.5784409,0.45470452,0.5186474,0.5187136,0.43433967,0.38180226,0.40918034,0.32494074,94
0.539804,0.6526356,0.4432392,0.30705085,0.5251954,0.50363475,0.4399789,0.34637648,0.40369642,0.3099715,0.29567307,0.4736825,0.4629814,0.4536608,95
0.5200482,0.5777446,0.5797277,0.5294105,0.54423434,0.49522552,0.51394004,0.49498525,0.5369871,0.42415833,0.45664933,0.5095902,0.54166263,0.5489571,96
0.5301145,0.5674856,0.51406324,0.47056237,0.5013465,0.49763432,0.5175368,0.46837643,0.49082783,0.44578162,0.46149817,0.4764152,0.47204277,0.42999014,97
0.53889865,0.5334536,0.5267643,0.52839696,0.4821336,0.5013137,0.5540969,0.50905496,0.5442567,0.53995717,0.50676596,0.4575424,0.44884905,0.374675,98
0.4974552,0.5447613,0.52047926,0.4686968,0.5345193,0.50431645,0.4736669,0.4727311,0.49241647,0.41562873,0.44593206,0.5321812,0.5062118,0.4914868,99
0.55413884,0.57974756,0.4805117,0.4325408,0.4558273,0.513134,0.53792363,0.45645642,0.53063095,0.53472906,0.40324077,0.43892452,0.38637486,0.30019584,100
0.52348185,0.5687139,0.513433,0.4692656,0.5086545,0.50275886,0.50069106,0.46884698,0.4930235,0.44418854,0.45265886,0.48037207,0.47398096,0.4395611,101
0.52887607,0.5554665,0.57764405,0.54359347,0.5430554,0.5028296,0.53395444,0.51020235,0.5530751,0.46489742,0.47953102,0.4937461,0.51965564,0.5251995,102
0.5247807,0.5680776,0.5376435,0.48003215,0.53291994,0.50272816,0.5016637,0.46655273,0.5158587,0.43071532,0.43843126,0.49761266,0.5045615,0.4959678,103
0.5471157,0.58307004,0.4901521,0.4492523,0.4723246,0.50365585,0.53036773,0.45793015,0.5041635,0.49302247,0.42809993,0.44544524,0.42363182,0.35477236,104
0.53709,0.5224479,0.49566415,0.52292573,0.43570286,0.5104151,0.557661,0.5188009,0.56600624,0.6195296,0.49641728,0.42844695,0.364993,0.2504565,105
0.5173782,0.558596,0.5001355,0.4506832,0.5072752,0.50425154,0.4890557,0.45361972,0.48737156,0.42823112,0.44005698,0.49755076,0.47498396,0.427621,106
0.5591539,0.5038351,0.53018785,0.6498379,0.38664863,0.5001648,0.6377565,0.5892167,0.62731737,0.74704593,0.63748914,0.31944406,0.30860114,0.17032528,107
0.52572423,0.550461,0.48600253,0.45058995,0.49606982,0.50929093,0.49470308,0.46075678,0.48808065,0.46644953,0.4419369,0.48270035,0.45415607,0.39436966,108
0.509042,0.5651479,0.57693005,0.5188244,0.5624427,0.5003846,0.4929387,0.49634337,0.5331154,0.41219896,0.44444397,0.53229696,0.5554547,0.5772824,109
0.56270635,0.5415035,0.5445677,0.56910694,0.46416727,0.5041451,0.60439545,0.527365,0.5881218,0.6119962,0.5236316,0.40548316,0.4143046,0.31913784,110
0.50667816,0.5324665,0.52594835,0.50497806,0.51487017,0.5030899,0.49707595,0.49243185,0.5164822,0.4615972,0.46694347,0.5126911,0.48484075,0.44807944,111
0.49441385,0.5192881,0.5641943,0.55365443,0.5361165,0.4978504,0.49786708,0.52365845,0.53905344,0.46429166,0.49972382,0.5234385,0.5247853,0.5004057,112
0.557244,0.5403545,0.55065304,0.579286,0.45566893,0.4915653,0.5992886,0.53780997,0.5695925,0.5912726,0.5365917,0.41916585,0.42988315,0.33522132,113
0.533841,0.5651171,0.5378121,0.49116632,0.52257437,0.5070159,0.52418476,0.47552913,0.52898574,0.4637023,0.45152807,0.47970644,0.4878932,0.46412683,114
0.52221245,0.5043694,0.5316025,0.570812,0.4659965,0.5013286,0.54997087,0.5454887,0.56033605,0.5724192,0.53424937,0.46419418,0.4276182,0.33140802,115
0.54457545,0.623143,0.45937932,0.35859448,0.49557775,0.50701135,0.47654563,0.39430237,0.44748893,0.3808268,0.3485841,0.4701067,0.44507977,0.40511438,116
0.5158895,0.5498209,0.51813143,0.4827738,0.5132626,0.50130284,0.5044016,0.4777831,0.49168497,0.43704104,0.46518973,0.50343966,0.48984537,0.45784548,117
0.5166991,0.502561,0.5296914,0.5655506,0.4715629,0.5058271,0.54839444,0.541348,0.56877154,0.59292716,0.5393722,0.46251664,0.43145967,0.33395997,118
0.5517332,0.53258,0.47738525,0.50166285,0.4117862,0.51115334,0.57184553,0.504721,0.5642987,0.6394374,0.49391505,0.3960526,0.32921678,0.20773919,119
0.5353759,0.5211608,0.5391207,0.56269026,0.4663229,0.49920282,0.5661495,0.5378508,0.5733635,0.58320016,0.5196109,0.45045435,0.4232423,0.3310276,120
0.53067124,0.57809323,0.50003695,0.42509824,0.522387,0.5111825,0.4908425,0.44421253,0.5023039,0.43910897,0.37468982,0.5080109,0.47923878,0.44875094,121
0.5099358,0.50476646,0.5275056,0.5416308,0.50676495,0.5044233,0.51582104,0.5122415,0.5332134,0.50923926,0.51938,0.49436292,0.48295045,0.420857,122
0.47030804,0.50653446,0.60316014,0.57518184,0.59249705,0.49738932,0.46519426,0.528094,0.550776,0.4037044,0.50374013,0.5640702,0.5822708,0.62326753,123
0.58029795,0.7756689,0.44889727,0.22203329,0.5253865,0.49415615,0.42795336,0.27492014,0.3469064,0.2015671,0.19330731,0.45761907,0.49355587,0.53904897,124
0.5480753,0.5195311,0.57071203,0.5958533,0.48460793,0.5011694,0.5897169,0.54465944,0.6069645,0.5964952,0.5353235,0.43274808,0.42967537,0.34640038,125
0.5552541,0.5936289,0.5024626,0.42376816,0.49466616,0.5146695,0.53102565,0.4436799,0.52639383,0.4892061,0.3742302,0.4691348,0.43894595,0.38735268,126
0.5288752,0.54129326,0.5304434,0.51877487,0.50118,0.5049496,0.5433705,0.49434206,0.5400803,0.5132547,0.4948306,0.46331146,0.46350586,0.39530706,127
0.5648925,0.5301233,0.5492764,0.5969645,0.43917263,0.49492592,0.62112164,0.5420559,0.6041409,0.65321183,0.55246735,0.3803867,0.38608947,0.26967072,128
0.5328798,0.62906104,0.45503378,0.34761772,0.4948896,0.50006473,0.4584241,0.38288137,0.42537928,0.34777728,0.35329244,0.47056258,0.44776344,0.41343588,129
0.5480821,0.49740654,0.5356768,0.6414986,0.39227283,0.49588594,0.62069845,0.585488,0.616689,0.7205746,0.6274792,0.34811863,0.32884583,0.18709587,130
0.4996402,0.5404496,0.562443,0.5396552,0.5360921,0.49654034,0.49819693,0.50840545,0.53197193,0.44642296,0.48516378,0.5185536,0.5326445,0.51943105,131
0.44693005,0.49290314,0.6937066,0.6557073,0.67163426,0.51559085,0.44190285,0.5709703,0.65598154,0.40690812,0.5028542,0.5983156,0.6578875,0.78748775,132
0.52189934,0.55628943,0.5235375,0.4894383,0.50719637,0.50257325,0.5144623,0.47838843,0.51681596,0.46549025,0.46399108,0.4854641,0.47942415,0.43255025,133
0.5214107,0.5100973,0.5542431,0.57956177,0.4938821,0.4941806,0.55294544,0.5429903,0.5556588,0.5348582,0.5417678,0.47523656,0.46626604,0.40050387,134
0.54695165,0.58129776,0.482672,0.42982784,0.464851,0.51128256,0.5280148,0.45507014,0.5203925,0.5142972,0.4012185,0.45193902,0.4029012,0.32452962,135
0.55600965,0.53584707,0.5335235,0.5715437,0.45235795,0.5044563,0.59452343,0.53343415,0.58246875,0.6246932,0.5381561,0.40008837,0.40289405,0.29934782,136
0.57000816,0.5455695,0.49163702,0.52817696,0.40725264,0.5111542,0.60251576,0.5104443,0.58306885,0.6732829,0.5038156,0.36219046,0.32802543,0.19995873,137
0.5294738,0.5618767,0.50391537,0.46515742,0.48880088,0.5033081,0.5139049,0.4710549,0.50074345,0.47453728,0.45306006,0.47449282,0.45029932,0.398743,138
0.5368419,0.49786565,0.50298434,0.559092,0.42462295,0.50873107,0.5803987,0.5449781,0.5789831,0.6572883,0.54329187,0.41384178,0.35534862,0.22245483,139
0.5461099,0.55639386,0.52678305,0.5232067,0.4774721,0.50196123,0.5605994,0.49961728,0.54066765,0.5363426,0.49911562,0.43198088,0.4353,0.36128896,140
0.552648,0.5356991,0.5059373,0.5394598,0.4272496,0.5008094,0.58414775,0.5226698,0.5592569,0.61621004,0.52911353,0.39984697,0.3685394,0.2537804,141
0.49708584,0.50676274,0.5458835,0.53840053,0.5325601,0.50478244,0.49878678,0.51379436,0.5381575,0.47688514,0.5022169,0.519257,0.513507,0.4793464,142
0.5673054,0.5130374,0.58575714,0.66967136,0.43725482,0.48095602,0.651658,0.57990444,0.6099662,0.6564554,0.641323,0.36314535,0.40430278,0.2856738,143
0.55257505,0.60777503,0.49946192,0.40701473,0.5071304,0.5111009,0.5208125,0.43260086,0.5119556,0.45480672,0.35893732,0.47498503,0.45066723,0.42497122,144
0.54083925,0.5811755,0.47518614,0.39578187,0.5077931,0.5093788,0.4843628,0.4292434,0.48364964,0.43742183,0.35438776,0.49305987,0.44882187,0.40186465,145
0.5113553,0.50403625,0.5298448,0.5559287,0.48559776,0.51171803,0.5336387,0.53873867,0.5738613,0.5881039,0.50614685,0.47770518,0.44139105,0.3568028,146
0.5080419,0.5420358,0.5540939,0.5149253,0.5447293,0.49665192,0.50111914,0.4955914,0.51372755,0.42646727,0.47375247,0.5184667,0.5328236,0.52392995,147
0.5161085,0.523873,0.52756035,0.5198154,0.50274926,0.49763364,0.5197215,0.50530267,0.5168863,0.48052624,0.4965777,0.5016147,0.48497653,0.42810938,148
0.5134291,0.5131345,0.58883905,0.60263777,0.5239271,0.49546728,0.5504157,0.5543546,0.5784875,0.5234254,0.53481895,0.50240755,0.51766443,0.47865567,149
0.5413615,0.5683158,0.5425164,0.49866065,0.51565945,0.5020458,0.5391364,0.478665,0.5304583,0.4722269,0.46549627,0.46752825,0.48225623,0.4555177,150
0.5770043,0.53737843,0.54021883,0.5983261,0.42376003,0.49302748,0.63550067,0.5405015,0.58990455,0.65394515,0.5633504,0.3631482,0.37755144,0.2524409,151
0.5175251,0.5177461,0.536895,0.56771153,0.4804099,0.5041061,0.5318398,0.5379978,0.561538,0.5676572,0.52486247,0.4537312,0.44346458,0.35877258,152
0.4911511,0.52033097,0.57983947,0.56964284,0.5455466,0.49799198,0.5031899,0.53048384,0.5541779,0.4674167,0.50524807,0.5250665,0.5418986,0.53128713,153
0.49046046,0.50893474,0.5518483,0.5394711,0.53637654,0.5050438,0.49737728,0.51878065,0.5383382,0.4696075,0.49799252,0.52839255,0.5128342,0.49207327,154
0.53602827,0.651122,0.43342167,0.30695987,0.50645006,0.5039812,0.4242909,0.3496821,0.3980788,0.31019002,0.2864381,0.48212925,0.4514211,0.4244375,155
0.53267777,0.5831146,0.50747395,0.45950434,0.49034527,0.49808416,0.5143082,0.45880052,0.4932187,0.4449282,0.43874973,0.46546528,0.45201266,0.4024157,156
0.5191276,0.5136638,0.58529425,0.5966773,0.52839863,0.49832857,0.55389404,0.54881454,0.5738695,0.5195813,0.5359399,0.49729377,0.5116359,0.48167086,157
0.55926484,0.5396433,0.5337551,0.54649884,0.46710637,0.5031232,0.5855822,0.5191875,0.5771961,0.59197617,0.50675184,0.4220941,0.41763124,0.33084965,158
0.5270674,0.57601136,0.577857,0.5413224,0.5302077,0.48856437,0.53122115,0.5015316,0.5296247,0.43381053,0.48379597,0.48584813,0.5205738,0.5189116,159
0.52594286,0.5075253,0.506749,0.5404538,0.44952026,0.5072922,0.54207367,0.53457266,0.5541924,0.5953132,0.5225714,0.4516684,0.39840806,0.29348433,160
0.5404062,0.52629375,0.533219,0.5616605,0.45884535,0.50893337,0.5706404,0.53500926,0.58979887,0.62124306,0.510908,0.42422286,0.39343342,0.29387385,161
0.528838,0.5692676,0.51882184,0.49523234,0.4855466,0.50004315,0.5291738,0.48093197,0.5093415,0.48090392,0.4756198,0.45798194,0.4544088,0.3898597,162
0.5306893,0.5127399,0.5296045,0.57351667,0.46079618,0.5077998,0.5693288,0.54154253,0.5729774,0.60960996,0.54377586,0.4327885,0.41236535,0.3096417,163
0.5198847,0.58285916,0.573228,0.5061695,0.5560375,0.50136685,0.5033834,0.47463787,0.5363211,0.41062596,0.44116783,0.4990194,0.5345247,0.559263,164
0.4908303,0.5205378,0.55981594,0.53104675,0.555885,0.5000904,0.48767835,0.5090622,0.52801305,0.43546963,0.4889988,0.5379205,0.5349254,0.54152393,165
0.5058678,0.5321263,0.59471697,0.5850628,0.5407522,0.49135453,0.52317166,0.5446697,0.55648315,0.46405998,0.5110773,0.5246033,0.54763037,0.54959446,166
0.5031925,0.5366392,0.5624903,0.5338687,0.5357929,0.4976792,0.50462765,0.5121185,0.5366365,0.455191,0.48314655,0.5189901,0.5196836,0.5074101,167
0.53124046,0.54359674,0.53934205,0.5235528,0.49943438,0.5019383,0.5378592,0.504915,0.54499054,0.5092199,0.47347602,0.48357,0.47332418,0.40998232,168
0.5260667,0.5500251,0.5592998,0.54134995,0.52173305,0.50763893,0.5309463,0.50928336,0.55899906,0.50616026,0.47979033,0.4699978,0.4772296,0.45100808,169
0.57029307,0.6189691,0.4599743,0.35779646,0.49295864,0.5173254,0.50688595,0.3993781,0.48125535,0.44343397,0.3096918,0.46481055,0.42512235,0.36908078,170
0.54935855,0.567316,0.52778053,0.5151131,0.48000458,0.50015783,0.55780226,0.49596927,0.5464031,0.5320986,0.46756032,0.43992567,0.43938172,0.36400923,171
0.55566955,0.51773876,0.52949286,0.5955429,0.41476095,0.4953044,0.60874516,0.5592606,0.58409095,0.66486084,0.57462925,0.38580424,0.36430845,0.23807347,172
0.5655119,0.5970725,0.45189407,0.3802599,0.481104,0.5192046,0.50778174,0.4120807,0.48860335,0.4799645,0.3376958,0.44587603,0.4028947,0.32689905,173
0.51319355,0.52090675,0.5529367,0.54572016,0.53067046,0.49595004,0.5182173,0.51511425,0.52329373,0.46000183,0.50875574,0.51074064,0.5183853,0.4915237,174
0.5595648,0.531604,0.55234903,0.59964395,0.4437961,0.49211147,0.6154427,0.5460723,0.59257454,0.63613087,0.56246257,0.39138567,0.4038287,0.29598212,175
0.51843244,0.60813195,0.42638066,0.33524394,0.50268894,0.50528514,0.41987455,0.3731795,0.40502238,0.34341478,0.32582125,0.48504496,0.44692647,0.4000495,176
0.5307237,0.54961336,0.51237345,0.5063283,0.47433656,0.5019253,0.5343463,0.5018183,0.52916586,0.52255994,0.4679318,0.46833408,0.43795168,0.35599846,177
0.5183818,0.53640985,0.54093564,0.514644,0.52244776,0.49878287,0.52426696,0.49791926,0.52184343,0.4701541,0.49138787,0.4943181,0.49737003,0.4681842,178
0.53273606,0.52144957,0.5750255,0.5996767,0.49978605,0.5078352,0.5714509,0.5505152,0.61718744,0.60531473,0.5306424,0.44104904,0.44919473,0.3916841,179
0.5453117,0.51893747,0.52445793,0.5691064,0.44118208,0.5024914,0.58474565,0.53930944,0.58257425,0.6344551,0.53377086,0.4142989,0.38978848,0.270859,180
0.49855348,0.55495274,0.53246665,0.4785385,0.5392016,0.49880162,0.47374156,0.47249106,0.4998241,0.40699372,0.44866133,0.5237112,0.5220793,0.5195397,181
0.5016181,0.5306707,0.5685782,0.5389115,0.5535889,0.50008494,0.5027692,0.51057315,0.53241044,0.43792036,0.48950586,0.52609366,0.5364235,0.53839463,182
0.5369387,0.60135466,0.44253367,0.36518678,0.48655167,0.5092564,0.46705008,0.3968302,0.4474368,0.4081308,0.36233738,0.45559973,0.42069095,0.36207342,183
0.5285563,0.5560483,0.4682708,0.4124373,0.4887529,0.51007,0.4829837,0.4384645,0.50709367,0.4657207,0.3790049,0.4914467,0.43127972,0.35219213,184
0.55075383,0.5138161,0.58916706,0.64202505,0.47145462,0.49224645,0.61567134,0.5738662,0.62139744,0.6320651,0.58663726,0.41118926,0.42843464,0.33827707,185
0.5213452,0.56445545,0.5391656,0.5116591,0.5129615,0.5008497,0.5115102,0.4886013,0.529395,0.46279034,0.46176192,0.48350745,0.48873687,0.45301685,186
0.491769,0.5282471,0.55987567,0.53513646,0.5422906,0.5002652,0.48788506,0.5099211,0.53203464,0.4436793,0.47860235,0.5351075,0.53024495,0.520715,187
0.51400465,0.53783,0.54285616,0.51464,0.52181363,0.4967218,0.51301247,0.5000644,0.5199728,0.46242476,0.48585048,0.5025848,0.5004525,0.47076032,188
0.54938406,0.53721076,0.5451461,0.57376754,0.46217665,0.49829304,0.58564687,0.53676474,0.582015,0.6069922,0.5304259,0.41851807,0.41731614,0.3290708,189
0.5380033,0.49825186,0.5144744,0.5791667,0.4222395,0.50256574,0.5873886,0.5510489,0.5812899,0.6571642,0.5757773,0.40147626,0.3578367,0.23268951,190
0.5010665,0.5156968,0.5532779,0.5510337,0.5230708,0.4956735,0.5135142,0.5165934,0.52998155,0.47091195,0.5159761,0.512347,0.51209986,0.47238538,191
0.5124365,0.48553422,0.61482096,0.66037637,0.5112453,0.49304342,0.5757728,0.5932133,0.62029374,0.60052395,0.60141766,0.45858803,0.48433065,0.42664498,192
0.5400324,0.5882333,0.5248661,0.45941052,0.5215065,0.5067211,0.51491314,0.45479736,0.50961715,0.43968424,0.41690674,0.48139867,0.48667914,0.46556956,193
0.5617124,0.5499899,0.48207626,0.52454644,0.40083566,0.51066726,0.5850999,0.5069271,0.5592076,0.64449257,0.51344246,0.3626866,0.3273637,0.19865164,194
0.56416297,0.56751764,0.47108325,0.42164576,0.4555157,0.5190035,0.5443135,0.4536871,0.53732824,0.55634147,0.3815077,0.44389248,0.37506714,0.2784928,195
0.5271387,0.51875633,0.51381963,0.52967054,0.4597475,0.5074487,0.5489161,0.5204872,0.5625377,0.5925765,0.5104397,0.44663036,0.39981964,0.3060432,196
0.541236,0.5185897,0.5518946,0.58990437,0.4633473,0.5011979,0.58149505,0.55657583,0.5928928,0.62210405,0.5419912,0.4305673,0.41718188,0.32164103,197
0.51725364,0.49118593,0.52484024,0.57799006,0.45258477,0.5055793,0.55451673,0.5538079,0.5818619,0.6281574,0.5568475,0.44377953,0.40055415,0.29473332,198
0.56804246,0.63576895,0.4843329,0.3916564,0.48589873,0.5145139,0.5268445,0.41474032,0.49776462,0.4591201,0.34675428,0.4421392,0.43591827,0.3802937,199
0.5434412,0.64271563,0.49660537,0.37160635,0.5269567,0.50699705,0.4777878,0.3909418,0.45742914,0.35419703,0.3487552,0.47489044,0.48631787,0.48706728,200
0.55340785,0.579573,0.5134361,0.4957948,0.4658179,0.5012632,0.55679995,0.48297048,0.5279415,0.52618814,0.46161112,0.42599636,0.41848868,0.34270096,201
0.5456714,0.52851516,0.54137754,0.57303166,0.45561165,0.4976786,0.5863167,0.53565603,0.57083255,0.5941969,0.5376524,0.42866206,0.42735305,0.31591582,202
0.54733676,0.5349418,0.48572576,0.47358248,0.45383224,0.51560885,0.5532625,0.48301613,0.5579146,0.59546006,0.4556086,0.43350255,0.37383854,0.27242762,203
0.5543324,0.5203816,0.4856546,0.53658813,0.41095057,0.51650697,0.59103763,0.5230443,0.59192616,0.68971604,0.5137579,0.37744644,0.3219537,0.18973099,204
0.5566098,0.60333097,0.44133222,0.36951974,0.4801868,0.5184166,0.49129313,0.404347,0.4719153,0.4557389,0.3432175,0.44198838,0.3991437,0.32889077,205
0.56960166,0.5066245,0.50547695,0.6384213,0.35504568,0.49716562,0.648674,0.5815613,0.61557084,0.76270497,0.64407593,0.29421806,0.27605802,0.13235903,206
0.56765693,0.531947,0.5580764,0.6196304,0.43901536,0.48759347,0.6328778,0.5532319,0.5863431,0.6341334,0.59667844,0.3751399,0.40584216,0.29523858,207
0.56822675,0.6085622,0.46903035,0.41371557,0.44678912,0.5147823,0.5367744,0.4351403,0.51499915,0.5307991,0.37718216,0.41230574,0.37430483,0.28085956,208
0.55661774,0.5003328,0.51865965,0.6470784,0.3754415,0.5022957,0.63639206,0.5876218,0.62473965,0.75677955,0.63793135,0.31464505,0.29517537,0.14974181,209
0.51323766,0.5783464,0.49377307,0.44352418,0.49338648,0.50119925,0.47067314,0.44784898,0.4796118,0.44177186,0.43045527,0.4699869,0.4528285,0.41146365,210
0.5448638,0.57438916,0.46230963,0.39997327,0.48768505,0.51350975,0.49493548,0.43425652,0.48893142,0.4701647,0.36082822,0.47750548,0.42175138,0.34786692,211
0.53235114,0.61150503,0.43870133,0.34564775,0.49371502,0.5098177,0.4529481,0.38918114,0.43214184,0.37196073,0.3317551,0.47840938,0.43101013,0.3752339,212
0.51788163,0.5299563,0.56829137,0.5615063,0.5291493,0.49943024,0.5313968,0.52679265,0.55138993,0.49805176,0.5143482,0.48470736,0.5045106,0.48519528,213
0.5208646,0.5539727,0.56406146,0.51467663,0.55190504,0.5050875,0.50659484,0.48942354,0.53739184,0.43538347,0.4559243,0.51526845,0.5319054,0.5374313,214
0.5637133,0.51633745,0.5184046,0.60455084,0.3914626,0.49650696,0.62734455,0.55615646,0.5994498,0.70813096,0.5892731,0.34214348,0.32244077,0.18383111,215
0.5646904,0.52546096,0.5594946,0.6209929,0.43686634,0.49201196,0.63531095,0.55661005,0.59764796,0.6509491,0.5906718,0.37499884,0.3918125,0.27722794,216
0.54428375,0.5221856,0.5368264,0.5593953,0.4703516,0.49999356,0.57303005,0.53217506,0.57239383,0.5795387,0.52249205,0.4444115,0.42641205,0.33898053,217
0.50997776,0.53934205,0.54528004,0.5113709,0.5348904,0.49592623,0.5010638,0.49647057,0.5117456,0.4296616,0.47290093,0.51764345,0.5167041,0.50346583,218
0.49831495,0.5438735,0.54541004,0.5181654,0.52447057,0.4961231,0.49221727,0.50223404,0.51937354,0.44955277,0.47609413,0.51318264,0.5060395,0.48359856,219
0.5563939,0.58036685,0.4786541,0.4330071,0.4651361,0.51920843,0.53808534,0.4524877,0.5297181,0.54045653,0.3991897,0.4332958,0.39407557,0.3040063,220
0.5667724,0.5474128,0.47822022,0.5248207,0.39372408,0.511708,0.59444433,0.5067707,0.574095,0.6733098,0.49877754,0.35490397,0.31098512,0.17439346,221
0.5588501,0.5195484,0.533181,0.61433905,0.40861294,0.4972735,0.6236076,0.5600644,0.60811347,0.6966738,0.5813848,0.35333475,0.34291834,0.20668446,222
0.5661052,0.5602534,0.5349426,0.53985965,0.45828524,0.49375498,0.5922579,0.5147475,0.55565715,0.5667433,0.4939104,0.42507958,0.43216607,0.34090725,223
0.5592322,0.5382841,0.5398003,0.57388586,0.44371098,0.49823186,0.6060851,0.535235,0.58139807,0.62338424,0.5323757,0.40439522,0.3995277,0.2913972,224
0.55631113,0.501072,0.52170837,0.63808435,0.37771666,0.50045854,0.63221043,0.5755507,0.61879015,0.74133354,0.6334436,0.32035276,0.30039018,0.15689984,225
0.53933054,0.5327161,0.5200735,0.5264358,0.47351587,0.5099476,0.555274,0.50453925,0.5665383,0.5792531,0.4937491,0.43034896,0.40951496,0.32009676,226
0.53577906,0.5463989,0.59549075,0.5949333,0.52206355,0.48625627,0.570995,0.5368289,0.5632623,0.49090293,0.5287118,0.47742644,0.5208259,0.49310386,227
0.56072307,0.5184946,0.5002988,0.5636975,0.39914033,0.505088,0.6079727,0.5402597,0.5837179,0.6854428,0.54735535,0.36988798,0.3239302,0.19018108,228
0.5380739,0.5519083,0.53945863,0.5156611,0.5090807,0.5023937,0.5425575,0.4947546,0.5320274,0.49281788,0.48424825,0.47086903,0.47987118,0.44185027,229
0.5685599,0.50598264,0.50988287,0.6401579,0.36244145,0.49916413,0.6475483,0.5807616,0.6216375,0.7640399,0.64179224,0.29629058,0.28039488,0.13780382,230
0.5769564,0.5446886,0.54552317,0.594522,0.43315285,0.4931953,0.6307992,0.5378957,0.59071535,0.6421883,0.5538181,0.3675115,0.38673204,0.27410957,231
0.53986806,0.65783906,0.442765,0.30554304,0.5163318,0.5070221,0.44181448,0.354192,0.4107567,0.31552202,0.30504924,0.46995494,0.4590303,0.46015343,232
0.5486902,0.5252996,0.4719716,0.49133503,0.42485887,0.50884897,0.5564499,0.4933636,0.55481553,0.6231733,0.4766703,0.40605885,0.33588246,0.21349852,233
0.5079857,0.5511346,0.5440889,0.4978952,0.537174,0.49751398,0.49164677,0.48647875,0.5117514,0.42790267,0.45787185,0.51673186,0.5188353,0.5116434,234
0.5302069,0.5408221,0.53728575,0.5251817,0.49510247,0.51498914,0.545916,0.5018945,0.57444125,0.56420916,0.4835428,0.443976,0.43406257,0.37842047,235
0.55362254,0.5133517,0.48079708,0.5482179,0.38644508,0.5089461,0.5930279,0.53487414,0.58267653,0.6934192,0.5461449,0.3630882,0.29584545,0.16349916,236
0.538707,0.6344557,0.47395912,0.34888828,0.5354018,0.5087182,0.45632198,0.3776299,0.4393807,0.34449983,0.31933016,0.48735377,0.4818167,0.48486927,237
0.51351196,0.54369056,0.55107385,0.5277155,0.5202081,0.4968954,0.52005327,0.50783926,0.5329471,0.47431168,0.4870592,0.4956304,0.49376073,0.467471,238
0.53902364,0.57728434,0.5717633,0.5182601,0.54278743,0.50493157,0.5346695,0.48429704,0.5508247,0.45689735,0.45388913,0.47766948,0.51659393,0.5213044,239
0.54885083,0.54221773,0.49235463,0.48982066,0.4515443,0.51128745,0.5542717,0.4896432,0.54647005,0.5803473,0.4745652,0.4307914,0.3880322,0.28890523,240
0.48842424,0.522823,0.5731859,0.55406356,0.5523137,0.4959647,0.48982182,0.5280378,0.5449513,0.44745567,0.49263382,0.5347372,0.54493475,0.542836,241
0.55125666,0.69865394,0.43522516,0.26747122,0.51345754,0.5005455,0.42829448,0.3181054,0.3769766,0.262892,0.2567845,0.47308356,0.46450046,0.466936,242
0.5409113,0.5633348,0.47011438,0.42447728,0.4881686,0.5129362,0.51195264,0.44715184,0.4978738,0.48597327,0.414071,0.4653327,0.4211507,0.35612977,243
0.52704954,0.50574934,0.5148142,0.54779685,0.46204042,0.502018,0.54984957,0.5297266,0.54864746,0.5776458,0.5428646,0.44355026,0.4118085,0.31966212,244
0.5562874,0.6521925,0.4380651,0.32200816,0.49092522,0.50935924,0.46179274,0.3599614,0.4237472,0.36244252,0.3040364,0.4398154,0.4197138,0.37134913,245
0.5586566,0.53772044,0.5265791,0.54731613,0.4514672,0.5035464,0.58554626,0.52318496,0.5746528,0.6026879,0.5162592,0.4133108,0.39976114,0.30251244,246
0.5273586,0.6274615,0.440873,0.32715434,0.5100925,0.5092429,0.42967162,0.36985728,0.41625777,0.3389167,0.309728,0.4865633,0.4486854,0.419493,247
0.56325966,0.59286535,0.4771032,0.4084454,0.46990117,0.5149811,0.53641886,0.4370976,0.51985323,0.5120502,0.37329406,0.44696087,0.4016886,0.3254491,248
0.5546064,0.5486337,0.5575312,0.58335984,0.46625826,0.4976283,0.5912815,0.5333213,0.5778596,0.58697456,0.5354136,0.41100556,0.4322873,0.34928897,249
0.55774134,0.5029713,0.5243956,0.6304834,0.38531703,0.49970782,0.63140184,0.5702844,0.61652315,0.730823,0.63008916,0.32582814,0.30864432,0.17056997,250
0.50608104,0.5134719,0.5792982,0.5698513,0.5449057,0.49733087,0.52435726,0.5328981,0.553061,0.4794732,0.5241201,0.5114115,0.5252671,0.5190715,251
0.53452075,0.57729065,0.49433878,0.4642101,0.46779445,0.5060013,0.51813704,0.46595487,0.519537,0.50998396,0.44022,0.44330034,0.41302928,0.33756536,252
0.5112298,0.5296351,0.51999456,0.5006798,0.5079675,0.49483377,0.50191814,0.49511683,0.5075409,0.464879,0.47798705,0.5032013,0.4799486,0.43084008,253
0.575244,0.5227368,0.5225878,0.60679483,0.39236438,0.49553126,0.6429639,0.54741424,0.5999261,0.70572466,0.59818846,0.3324977,0.33268848,0.19255993,254
0.51582116,0.5101651,0.55640125,0.56003827,0.5309231,0.5037524,0.5291412,0.52430755,0.55096036,0.49916568,0.5201632,0.49873555,0.50993,0.47404718,255
0.51191026,0.5590565,0.5230874,0.48031965,0.5122079,0.5032692,0.49648592,0.48001766,0.5025984,0.4504832,0.45929763,0.49571633,0.47962657,0.44933584,256
0.5213569,0.5859889,0.5149228,0.44271865,0.52494323,0.503106,0.4769816,0.444559,0.5144711,0.41804275,0.40017387,0.48909277,0.48620456,0.47500515,257
0.52240044,0.5868798,0.51360554,0.44511804,0.5122322,0.5017155,0.4846029,0.45391318,0.48202905,0.40506282,0.4169651,0.50103396,0.48964694,0.46500984,258
0.5296241,0.56653094,0.5009849,0.46254665,0.48916617,0.5027467,0.5110532,0.46098483,0.49214515,0.45217237,0.4452879,0.4767646,0.45418656,0.3948991,259
0.5076057,0.5767756,0.5694855,0.5113193,0.5492552,0.4900104,0.4925621,0.49084696,0.51440495,0.39505938,0.44716954,0.5227297,0.5466396,0.55976087,260
0.5343468,0.6528763,0.47165793,0.33271515,0.53246564,0.49707985,0.43535653,0.3620229,0.42004266,0.29609528,0.3071043,0.49498734,0.4962969,0.5061873,261
0.50969553,0.5618201,0.5723508,0.52290136,0.54813415,0.5002599,0.50438976,0.4969978,0.5432391,0.44057775,0.4575619,0.51115316,0.5241974,0.5355592,262
0.5171449,0.55194956,0.5569477,0.5368911,0.5209805,0.48905057,0.50937086,0.5110651,0.5256862,0.4414503,0.48270324,0.49522275,0.49425486,0.4717347,263
0.55719423,0.5017994,0.53073,0.64173007,0.38790742,0.49858922,0.6348836,0.57849973,0.61898696,0.73376656,0.6313748,0.32691646,0.3129419,0.17200218,264
0.55086786,0.57839423,0.47025257,0.41624385,0.45978284,0.51361054,0.522727,0.44671813,0.5106641,0.50484836,0.3922883,0.45508948,0.38940343,0.30612758,265
0.55312794,0.6865971,0.44408438,0.294233,0.5036997,0.5043108,0.4426535,0.33965564,0.39838287,0.30092424,0.26922673,0.46333694,0.4475385,0.43409285,266
0.55910224,0.5084754,0.50063396,0.5955228,0.3937212,0.50563127,0.6126314,0.55673766,0.5948399,0.714337,0.59020066,0.34709117,0.32276398,0.1828661,267
0.55788755,0.55489737,0.516409,0.51369375,0.45825776,0.51398003,0.5718628,0.49549344,0.57427984,0.5993662,0.471202,0.41312668,0.39390638,0.297144,268
0.5564388,0.58287185,0.48711327,0.422091,0.47576034,0.51574033,0.5350772,0.45143673,0.528711,0.5192475,0.3780905,0.45821476,0.41126478,0.33889207,269
0.52131075,0.60068923,0.46177122,0.36097008,0.5291294,0.5078003,0.43842137,0.39260313,0.43648028,0.3522164,0.3352796,0.5055312,0.476207,0.45819628,270
0.54779595,0.51446,0.5080969,0.5738618,0.41077882,0.5049596,0.5902054,0.5469303,0.58030814,0.66547436,0.557844,0.38977745,0.34998453,0.21757977,271
0.51389974,0.52727556,0.52530366,0.51847094,0.49656433,0.49660417,0.5161173,0.5068519,0.5138288,0.47947603,0.49803934,0.4960101,0.472896,0.41717958,272
0.5352816,0.5849888,0.53929454,0.4687186,0.5303415,0.5029978,0.51570594,0.45803437,0.51086015,0.42431125,0.42972234,0.48735768,0.5040272,0.49274012,273
0.5219312,0.59335124,0.5303994,0.44801608,0.5357367,0.501475,0.4838357,0.4501152,0.4884719,0.39322326,0.4134086,0.499903,0.5139636,0.51807404,274
0.4950501,0.53257424,0.57077366,0.53187484,0.56400436,0.49852508,0.48723742,0.49751544,0.53194153,0.41083193,0.48267946,0.52901566,0.54842293,0.5607383,275
0.5207224,0.5125164,0.5833404,0.60225827,0.52057797,0.49567562,0.5568888,0.5464431,0.5752037,0.53683794,0.5503191,0.47512954,0.4935121,0.4556016,276
0.54782003,0.6528095,0.4615511,0.3343336,0.50871253,0.5022589,0.4625921,0.36847043,0.42228976,0.33300278,0.3204577,0.47207114,0.47013292,0.4539922,277
0.56637055,0.50682485,0.5045944,0.62819093,0.3585946,0.4991794,0.6419935,0.5723043,0.6106501,0.74976313,0.63695383,0.30297297,0.27996922,0.13634422,278
0.5679697,0.53060323,0.5302309,0.597974,0.41531876,0.4970625,0.62339085,0.54921967,0.5943892,0.67821455,0.5742175,0.35660735,0.3567622,0.23158553,279
0.5762608,0.52268195,0.51739645,0.6049028,0.37919837,0.4930459,0.6419272,0.5516775,0.5974455,0.71240526,0.59727937,0.32553977,0.3145321,0.17458092,280
0.562736,0.5403133,0.54699475,0.5714583,0.46175766,0.49069008,0.60434055,0.52883846,0.56644124,0.5853456,0.5279783,0.4249803,0.4389638,0.3447651,281
0.5334618,0.50073755,0.5014335,0.54977036,0.42836538,0.50806576,0.5608482,0.5352534,0.59357697,0.65789557,0.5181553,0.41886792,0.3538257,0.2214506,282
0.48662245,0.5321395,0.5411092,0.5007231,0.544855,0.49885297,0.4668467,0.4856535,0.501834,0.4041929,0.46686178,0.5398304,0.53286785,0.52625287,283
0.5111419,0.50660175,0.5679196,0.5953221,0.5094973,0.49714953,0.53949684,0.55857944,0.565142,0.5468821,0.5535475,0.48597485,0.49815622,0.4513042,284
0.5631351,0.5211671,0.5190534,0.59717363,0.4160095,0.5002912,0.61826295,0.55042326,0.5856735,0.6695661,0.58028656,0.36835346,0.3674203,0.23470137,285
0.55074453,0.49905914,0.5309121,0.6411624,0.38256386,0.4922103,0.6245008,0.58844435,0.6169661,0.7238417,0.62591165,0.34534281,0.3163882,0.17423622,286
0.57192373,0.5087184,0.5031844,0.6283001,0.35349315,0.49944973,0.6457895,0.57179356,0.61337316,0.75452924,0.6364849,0.29564166,0.27280664,0.13014884,287
0.56083375,0.5208014,0.5452624,0.5975069,0.44408602,0.5097174,0.6073533,0.55041414,0.62373066,0.6770367,0.54162985,0.38000104,0.36832875,0.2587606,288
0.47834936,0.49647626,0.6543837,0.6446997,0.6115721,0.50071806,0.5041108,0.5764646,0.6219849,0.45804265,0.53072405,0.5607811,0.60351765,0.66713977,289
0.5435623,0.49836788,0.55495954,0.6516177,0.41984057,0.49637732,0.6202141,0.5872827,0.62656486,0.70810086,0.6225627,0.36357868,0.35437623,0.22470823,290
0.5373185,0.5229524,0.56412715,0.5962871,0.48009402,0.49595672,0.5830307,0.5479296,0.57542866,0.57950115,0.55775136,0.4375282,0.45511818,0.377272,291
0.5171456,0.5397348,0.5605793,0.55071527,0.5243996,0.50436324,0.5255789,0.51076555,0.5442731,0.48144007,0.49843848,0.48759925,0.5017871,0.47366548,292
0.5201844,0.5307856,0.54066885,0.530736,0.5161568,0.50374377,0.52726305,0.5060391,0.5289343,0.48297915,0.5024031,0.48907074,0.4891533,0.4481024,293
0.51467466,0.57542354,0.51494324,0.43754828,0.53145933,0.50748587,0.47255775,0.44673568,0.49321344,0.40545553,0.4087548,0.5079062,0.49030933,0.4884032,294
0.5111406,0.5245427,0.5529541,0.54313743,0.52571845,0.5010852,0.5166692,0.5111828,0.5403094,0.47809973,0.5022999,0.49946472,0.5039204,0.46990305,295
0.5525301,0.57653934,0.4669276,0.42177927,0.47297627,0.5169514,0.518592,0.44324496,0.5057379,0.5060032,0.3921535,0.44660193,0.40344673,0.32282358,296
0.5162531,0.53019994,0.50902927,0.4989931,0.4978277,0.49546847,0.5140815,0.48848942,0.4975577,0.4657868,0.4952137,0.48445693,0.46817094,0.41242555,297
0.49032548,0.5093279,0.54811525,0.5380798,0.53215104,0.49651447,0.4894826,0.5159675,0.52435684,0.45453647,0.50889856,0.52861685,0.5138609,0.4906538,298
0.53679615,0.5645877,0.54070944,0.5171565,0.4952611,0.4967388,0.5364052,0.50095814,0.5392267,0.5060582,0.46628702,0.46510223,0.47034195,0.4146137,299
0.5228805,0.60025626,0.4610368,0.370779,0.5182593,0.5041939,0.4504042,0.40080982,0.4452205,0.3710015,0.36371073,0.49117237,0.47076994,0.4434207,300
0.51008695,0.5341886,0.5636938,0.5320037,0.547594,0.50330096,0.5091071,0.5032371,0.5435018,0.4556633,0.47545496,0.51335794,0.5254274,0.51502216,301
0.5449445,0.49694684,0.5420508,0.6406563,0.40473312,0.4955653,0.6151689,0.58333164,0.61507493,0.70754915,0.6251528,0.359573,0.3441583,0.20877424,302
0.49226898,0.50587326,0.65494454,0.63792694,0.6109373,0.5029006,0.50805897,0.5716963,0.6141372,0.45089516,0.5247291,0.5510551,0.60340494,0.6666492,303
0.50167304,0.53156906,0.52034914,0.49708998,0.5165262,0.4975491,0.49297324,0.48988461,0.49319303,0.43752727,0.47987047,0.5186297,0.4969988,0.46157008,304
0.5520202,0.50789684,0.5128051,0.5931483,0.3991468,0.50329196,0.60630786,0.55921495,0.6097859,0.7102682,0.5634516,0.36408314,0.32142365,0.18252997,305
0.5316582,0.49361572,0.52723616,0.5969417,0.42546815,0.5032711,0.5719536,0.57627034,0.60668194,0.67780066,0.56821316,0.41199374,0.3641425,0.24323432,306
0.5372281,0.56483215,0.49042168,0.47276267,0.4648339,0.5012074,0.52405196,0.47666684,0.5027662,0.49789643,0.45802227,0.4549468,0.43236807,0.3429065,307
0.54388314,0.5127093,0.49578875,0.5404282,0.4259808,0.5069965,0.5803469,0.5279416,0.57237583,0.64754105,0.54045427,0.40332437,0.35678643,0.23454298,308
0.5482458,0.6448916,0.44916254,0.32002622,0.5243431,0.50613475,0.4603119,0.35959792,0.42315784,0.3431226,0.31120577,0.46657014,0.4646776,0.45955738,309
0.5273466,0.5288772,0.4663506,0.4437181,0.47266057,0.51923966,0.50305957,0.46844742,0.5183694,0.5264901,0.4240224,0.48300263,0.40664676,0.30951083,310
0.54729307,0.5341856,0.5665613,0.5978518,0.4794736,0.50310206,0.5882066,0.5415335,0.5995525,0.59910536,0.5392095,0.41846392,0.4366675,0.3594602,311
0.5525674,0.66466296,0.47311407,0.34597796,0.50802726,0.5040856,0.47680083,0.37142372,0.43395495,0.34594068,0.3294937,0.45005378,0.46559724,0.4538119,312
0.5398204,0.59784657,0.5011078,0.4250717,0.505181,0.5017232,0.50240827,0.43379322,0.48649094,0.41784677,0.39575306,0.47609353,0.4681514,0.42780092,313
0.4903577,0.49760506,0.5452564,0.54416794,0.53026444,0.4947863,0.4917297,0.5200251,0.5257396,0.45670143,0.5024123,0.5412804,0.52333975,0.48599094,314
0.51356703,0.5395979,0.5420767,0.5059261,0.5392188,0.50305164,0.5048546,0.4913155,0.51724005,0.4445126,0.46988592,0.5129387,0.51546305,0.5009996,315
0.52183247,0.5510817,0.5293151,0.49379143,0.5096745,0.49923596,0.51411015,0.4846891,0.5147634,0.46165523,0.46385428,0.4901923,0.4771843,0.43839327,316
0.47454843,0.50217485,0.5963644,0.58386266,0.5738478,0.50104773,0.480758,0.5387228,0.5593495,0.44280082,0.5160918,0.550384,0.56476814,0.5898338,317
0.48047867,0.53067756,0.5240486,0.47491646,0.5427159,0.50064707,0.44615856,0.47788772,0.5129847,0.4255085,0.42638665,0.5485171,0.51849383,0.50600076,318
0.5228784,0.5046148,0.55122316,0.6001206,0.467197,0.4998586,0.5662222,0.55193263,0.57954824,0.6020038,0.5611006,0.43818218,0.42662463,0.32967025,319
0.57133806,0.505784,0.5042128,0.6433646,0.3512421,0.49806583,0.65102875,0.5875669,0.62163746,0.7700575,0.6410584,0.29003212,0.2681491,0.12502445,320
0.5670341,0.50390893,0.5026049,0.641115,0.34928033,0.4985942,0.65002805,0.58354956,0.6195503,0.7699084,0.6437676,0.29216284,0.26788446,0.12198174,321
0.5209653,0.56561804,0.4921318,0.4396651,0.49579298,0.5007133,0.49034658,0.45142332,0.48029578,0.43154818,0.4313239,0.49469942,0.46301496,0.41379353,322
0.5541636,0.49814758,0.50972307,0.6322252,0.36776674,0.49564528,0.62999916,0.58274615,0.6084373,0.7438164,0.6339588,0.32632968,0.29752868,0.14930236,323
0.5446734,0.50653577,0.5766091,0.63479376,0.4662499,0.5076437,0.6152735,0.56397057,0.6393815,0.67534924,0.59036446,0.3818772,0.39390543,0.29527003,324
0.46276072,0.48956957,0.62454784,0.6104523,0.6036463,0.50107247,0.46688288,0.55916953,0.5792277,0.42242905,0.51420575,0.58214957,0.60138094,0.6562134,325
0.53967583,0.50715643,0.5301106,0.55973816,0.4724045,0.51041776,0.5710517,0.5350946,0.5769609,0.6059121,0.54012114,0.43836725,0.41999495,0.32899994,326
0.52461255,0.53019464,0.5415843,0.5392963,0.5025956,0.50393647,0.53309345,0.5265992,0.55236053,0.51930076,0.4862999,0.48950243,0.4724225,0.4096844,327
0.5388726,0.65248245,0.4681794,0.3394331,0.50960493,0.50320363,0.46064714,0.37563398,0.42382,0.33023518,0.32788455,0.4810983,0.47313246,0.46428648,328
0.55160755,0.6739947,0.4601834,0.31603912,0.5089319,0.50471604,0.4543443,0.35984102,0.4154225,0.31821248,0.29565018,0.47354537,0.4628953,0.45808762,329
0.5132929,0.5756967,0.5420022,0.4784633,0.53336245,0.49604294,0.48758993,0.4656422,0.49802437,0.39723027,0.43366224,0.5149987,0.51480407,0.51211864,330
0.5594801,0.5035128,0.52718925,0.6503404,0.3784208,0.5034665,0.64137137,0.58324486,0.6367674,0.7602063,0.63532794,0.30615824,0.29082966,0.14986272,331
0.48902947,0.5380683,0.5396441,0.49725828,0.5458753,0.49888965,0.47152045,0.4883637,0.50381345,0.41465807,0.46054056,0.5416822,0.53407425,0.529217,332
0.5702762,0.5107534,0.523007,0.64387566,0.37514102,0.50093424,0.6530906,0.57608837,0.63223296,0.7584268,0.6372839,0.29744864,0.28717312,0.1479176,333
0.56634563,0.62918454,0.46195135,0.35273382,0.49455196,0.511719,0.49640483,0.3890732,0.46492466,0.4092414,0.32043108,0.46207848,0.43125254,0.3888345,334
0.54051864,0.60399103,0.4537969,0.3682549,0.49580148,0.50968724,0.4710115,0.40594304,0.4555011,0.40928832,0.3408195,0.47678885,0.4316461,0.379807,335
0.55107754,0.6493442,0.46315083,0.344784,0.5013622,0.50566703,0.47607213,0.37613377,0.43651477,0.36366084,0.33190015,0.45413503,0.45181185,0.4294053,336
0.51024413,0.5272039,0.52359325,0.5093765,0.5072617,0.49766344,0.50653076,0.49556574,0.506954,0.46543565,0.49367172,0.4988441,0.48450336,0.43209717,337
0.5618284,0.52260137,0.5125794,0.5846442,0.40180343,0.49689317,0.61666447,0.5475429,0.58563733,0.67768145,0.5652251,0.3625863,0.34151518,0.2029606,338
0.575915,0.52218294,0.5463319,0.63103175,0.40516424,0.48631528,0.65130734,0.56334364,0.59767,0.68163955,0.6143242,0.34418207,0.3605338,0.22793086,339
0.53631085,0.6270744,0.46031797,0.34669846,0.5116826,0.5063972,0.457075,0.3812293,0.43514785,0.3548194,0.33388564,0.48473704,0.46543658,0.4435271,340
0.5183096,0.5270139,0.54983556,0.5430265,0.5131302,0.497426,0.52351266,0.5169367,0.5387528,0.48620445,0.4910663,0.50125337,0.49853304,0.45241103,341
0.5139553,0.5319091,0.53833574,0.5241214,0.5126517,0.49719903,0.52087337,0.49805993,0.52444965,0.47519976,0.5038585,0.48506537,0.48286778,0.44021386,342
0.5045338,0.4810071,0.5205939,0.56244123,0.48282087,0.50282484,0.5217825,0.5449136,0.5597014,0.58559984,0.5457171,0.48136505,0.44947746,0.3675127,343
0.5687377,0.5722782,0.5724653,0.5659481,0.49466202,0.49699214,0.5973786,0.5185449,0.57698035,0.54408604,0.49609047,0.42586902,0.46887305,0.41692,344
0.5016174,0.5172037,0.53114396,0.5139389,0.5220769,0.49806607,0.4917763,0.5067221,0.50478715,0.4553206,0.4962322,0.5180866,0.49830365,0.46658683,345
0.5596493,0.52849853,0.53630227,0.5902214,0.433304,0.5013585,0.6077441,0.543495,0.59305894,0.6535869,0.5548937,0.38181004,0.37491763,0.25833726,346
0.55947715,0.62476635,0.4951316,0.40703985,0.49741846,0.51148087,0.51821905,0.4279958,0.4993599,0.4496963,0.36004427,0.45954242,0.45751965,0.42007026,347
0.5210156,0.52305406,0.53287745,0.5391661,0.49412227,0.50089115,0.534105,0.51102674,0.54172444,0.5324991,0.5061695,0.47546554,0.46443397,0.39426547,348
0.5316082,0.64249796,0.46767417,0.33693114,0.5244947,0.499744,0.44573662,0.3747985,0.41915536,0.3157145,0.31076127,0.5028605,0.48269373,0.48030287,349
0.5622151,0.5604317,0.58122057,0.5833799,0.49668103,0.5006605,0.600489,0.52423215,0.5948833,0.5630019,0.5123299,0.42314225,0.46556768,0.4111083,350
0.5016618,0.51401764,0.5829844,0.5658793,0.55840087,0.49691918,0.5118508,0.53091943,0.5499074,0.45808047,0.5140633,0.52449274,0.53994775,0.5507511,351
0.5537048,0.5256668,0.5430278,0.59267247,0.44546083,0.5078626,0.59939563,0.5424526,0.61335224,0.66391903,0.5493802,0.38084581,0.37499693,0.2672296,352
0.5669545,0.50448835,0.5062867,0.6363134,0.3606108,0.49558356,0.6420299,0.585834,0.6103673,0.75212646,0.6396556,0.30842176,0.28638083,0.14277728,353
0.4967342,0.509882,0.5697534,0.5727907,0.5307177,0.5004898,0.5084517,0.53180605,0.5489464,0.48244268,0.5151016,0.52173233,0.5227325,0.49075043,354
0.54160404,0.5105557,0.52456844,0.58798087,0.4227121,0.50142455,0.5857393,0.5553158,0.5939248,0.66474795,0.5539542,0.3991307,0.36472297,0.23468941,355
0.53347594,0.62581956,0.4862632,0.3713689,0.52558684,0.50792795,0.46159524,0.39873347,0.45071983,0.35701224,0.3473956,0.49174,0.4822918,0.48433965,356
0.532719,0.58781403,0.55333847,0.507378,0.51045275,0.49704698,0.5276109,0.49027482,0.53515947,0.4615822,0.4435933,0.4753824,0.48479727,0.45909336,357
0.5288108,0.5509237,0.48835757,0.43469843,0.50128156,0.512278,0.49829245,0.45852804,0.5014623,0.46303868,0.39650556,0.51098996,0.45054707,0.3906251,358
0.5619703,0.50401384,0.5170903,0.6406892,0.36818144,0.49958158,0.6448922,0.5782299,0.62246245,0.7559524,0.6384398,0.3062507,0.28772,0.14228271,359
0.526552,0.5668312,0.52077925,0.4846982,0.49930242,0.4986773,0.50915474,0.4781917,0.50366855,0.45268247,0.4541793,0.48499817,0.48013553,0.42888746,360
0.5521981,0.56016684,0.4503141,0.40746328,0.48043552,0.52310455,0.5082619,0.43809006,0.5025427,0.51046026,0.37854773,0.4519246,0.39814848,0.31632826,361
0.5675144,0.57366604,0.5464631,0.53437597,0.48258078,0.49944022,0.587435,0.4959409,0.5546831,0.53978866,0.49134216,0.42110747,0.44722307,0.38280985,362
0.55598944,0.503715,0.54097515,0.6421654,0.39491823,0.49019954,0.63419586,0.5852077,0.6233004,0.7170845,0.6207838,0.34742215,0.32752225,0.1904817,363
0.5347885,0.5108807,0.5195736,0.5681318,0.4426866,0.5075038,0.57051337,0.5463294,0.5852171,0.6409562,0.54321605,0.41863766,0.3825111,0.2712523,364
0.54268146,0.585116,0.5264621,0.46510044,0.5135823,0.502121,0.52446437,0.4624134,0.5093006,0.4495198,0.43438938,0.4756351,0.48285526,0.4583988,365
0.51443154,0.5109423,0.5412804,0.5678053,0.49007863,0.50007033,0.5443134,0.532926,0.5503167,0.54797775,0.54025143,0.47129807,0.46121722,0.38704082,366
0.55688006,0.61762184,0.4855412,0.39679244,0.49937162,0.5115414,0.509222,0.41852567,0.48664176,0.43343118,0.3626482,0.45833316,0.44509342,0.4049713,367
0.55177623,0.5679585,0.48727462,0.42130896,0.49567163,0.5156454,0.52317405,0.44654337,0.5139897,0.487369,0.3797994,0.48463538,0.4356415,0.37089533,368
0.51524925,0.51978457,0.51480985,0.52641875,0.4867803,0.50097114,0.5309048,0.5138572,0.5148041,0.51128,0.5210685,0.47722796,0.45641813,0.38557228,369
0.4831797,0.50148505,0.6240156,0.61142117,0.5925706,0.49691966,0.49897227,0.5533385,0.5791485,0.44612634,0.53363913,0.5450374,0.5756943,0.62186074,370
0.55311805,0.52536577,0.48101968,0.5176963,0.41142866,0.5149947,0.5815446,0.5183154,0.58279514,0.6742256,0.5046423,0.38357556,0.3176968,0.19452658,371
0.5607371,0.50240326,0.5180416,0.63886863,0.37011316,0.4993136,0.63580245,0.5763904,0.6202189,0.7493312,0.6351971,0.31129962,0.29012212,0.14644608,372
0.52598864,0.5670638,0.49754095,0.4559002,0.4965884,0.5025148,0.5064601,0.46226248,0.48336977,0.44423008,0.44912493,0.4793118,0.4618713,0.41521743,373
0.5039336,0.5256583,0.538671,0.50920874,0.5374007,0.50009596,0.50210696,0.49289277,0.5115072,0.4444939,0.48868266,0.515086,0.5118689,0.49645013,374
0.4796153,0.5071976,0.5716946,0.5544252,0.56338406,0.5028818,0.47420326,0.5203969,0.53932524,0.43273345,0.4895778,0.55446094,0.55644214,0.55855334,375
0.530477,0.5048186,0.5054432,0.54943126,0.44132456,0.50935996,0.5605709,0.5341178,0.5767177,0.64132714,0.5345736,0.42385823,0.37335655,0.25659826,376
0.5240197,0.5886929,0.5453784,0.47549993,0.53623784,0.49801788,0.4988639,0.4583411,0.51060236,0.40491554,0.42824334,0.49569425,0.5190134,0.51605105,377
0.46260214,0.52209914,0.6169709,0.5775575,0.6062305,0.5002305,0.45250538,0.53527313,0.56691235,0.39723182,0.47926742,0.57254595,0.60487497,0.6678038,378
0.55831134,0.51720566,0.5102782,0.55932266,0.41860837,0.50660646,0.6028342,0.5331981,0.59099066,0.6745701,0.5462959,0.37745205,0.3429913,0.21703586,379
0.55412126,0.6452313,0.45583326,0.33176205,0.5151362,0.5092086,0.4681655,0.36951318,0.4353126,0.35875538,0.30548516,0.46698695,0.45566383,0.4392589,380
0.49886924,0.49419877,0.5818029,0.5795253,0.5607057,0.50203055,0.5126125,0.53898054,0.5620523,0.47564855,0.5288648,0.5274225,0.53973544,0.5341137,381
0.5659572,0.50816935,0.52312064,0.6462029,0.3753338,0.5014049,0.64955753,0.57814,0.62977755,0.75577396,0.637583,0.30248132,0.29020655,0.1489801,382
0.5617871,0.5415088,0.52484864,0.5614415,0.432991,0.4956877,0.60192704,0.526721,0.5691187,0.6149027,0.530182,0.39415756,0.38827974,0.2715487,383
0.5535977,0.5340646,0.50839937,0.5345605,0.43166712,0.5064332,0.5840512,0.51461655,0.5760296,0.6328379,0.51354575,0.400262,0.36547822,0.24967079,384
0.54777914,0.51912826,0.52262926,0.5681095,0.4372437,0.5071653,0.59110844,0.5340771,0.5935299,0.65350926,0.54486465,0.39465308,0.36888564,0.25293425,385
0.5193193,0.55761814,0.5464192,0.5010623,0.53490394,0.50186086,0.5090657,0.48348284,0.5144064,0.43945384,0.46640953,0.4976014,0.50832367,0.5017675,386
0.53733003,0.5840059,0.55640984,0.5011442,0.5309155,0.4985542,0.520778,0.480409,0.52163297,0.4338449,0.44430226,0.48510104,0.51269174,0.5050655,387
0.55217004,0.52617425,0.550136,0.606368,0.44721198,0.50414103,0.6046659,0.5559557,0.6086773,0.65725124,0.55893993,0.3852708,0.38748556,0.27893063,388
0.56396884,0.5031257,0.5144291,0.6383768,0.36499918,0.49555516,0.64014465,0.5833618,0.62376237,0.7628208,0.63465625,0.30455607,0.28246337,0.14180002,389
0.5010733,0.5339123,0.6030984,0.5789933,0.56825167,0.49314684,0.50959027,0.53447366,0.56198543,0.43696612,0.49890935,0.5298537,0.56302184,0.58660144,390
0.5388884,0.5210526,0.5236187,0.569529,0.44820097,0.50633633,0.5749586,0.53679883,0.58090687,0.6341479,0.5448805,0.4070653,0.3877868,0.28169787,391
0.55759895,0.5905307,0.5965306,0.543531,0.5506096,0.50317585,0.5651633,0.49668497,0.57488716,0.46160403,0.4489871,0.47285113,0.5253468,0.5429917,392
0.53113174,0.6317972,0.432757,0.31520018,0.5142015,0.50852007,0.4221392,0.35892934,0.4003485,0.3240709,0.29755893,0.48673427,0.45472506,0.42625362,393
0.54298854,0.5973246,0.54641265,0.48306772,0.5218851,0.49608824,0.5244684,0.47189525,0.50915074,0.42781726,0.4346621,0.4791751,0.5005139,0.4955599,394
0.5623359,0.566815,0.4649924,0.42318806,0.44441774,0.5199571,0.54255855,0.45597407,0.5400173,0.5671746,0.39440233,0.42860192,0.35357112,0.25519893,395
0.5203352,0.5551733,0.52713716,0.5068697,0.494007,0.50191754,0.51739585,0.4976782,0.5262359,0.48935583,0.46265137,0.4910147,0.47424433,0.41159555,396
0.5226875,0.57785,0.5570914,0.49220753,0.54488194,0.50123304,0.5076585,0.47243276,0.5272407,0.421057,0.43847921,0.5024194,0.52741486,0.5296772,397
0.54208505,0.5886836,0.46358138,0.38502622,0.4944871,0.51505697,0.48013481,0.42107427,0.47695804,0.44383976,0.3388523,0.48910508,0.43403795,0.37651697,398
0.5267633,0.6105624,0.51586944,0.43372443,0.5210779,0.500261,0.48582408,0.44213328,0.4716157,0.38778332,0.4053003,0.4910866,0.4986741,0.49187422,399
0.5614112,0.4996294,0.5089107,0.6371682,0.35198867,0.49330488,0.63769615,0.5858897,0.61126584,0.75490785,0.63835466,0.3091043,0.277922,0.13139722,400
0.5606654,0.6025444,0.49126446,0.42820904,0.48385406,0.51129806,0.52825236,0.43616703,0.50822383,0.48465362,0.38830137,0.43989152,0.4294484,0.3663354,401
0.5083901,0.50995314,0.5771242,0.59944373,0.50763917,0.4941391,0.54956573,0.55475026,0.573382,0.53908473,0.54224426,0.48996782,0.49691254,0.43501657,402
0.49581772,0.53603864,0.5349284,0.5073825,0.518607,0.4975386,0.4820818,0.49840412,0.50923085,0.43184963,0.47477105,0.52024573,0.4944557,0.468344,403
0.575415,0.5192781,0.562196,0.66080505,0.405625,0.4831159,0.6600142,0.5780019,0.6109853,0.6943058,0.64383644,0.32840148,0.35815895,0.2293974,404
0.5613129,0.538991,0.52493787,0.5762033,0.42081097,0.49512583,0.60551095,0.53687555,0.57597136,0.64513296,0.5488206,0.37838677,0.37229612,0.25144818,405
0.5360804,0.6004218,0.4624051,0.38622373,0.4866684,0.5116907,0.47325182,0.42052272,0.46353057,0.42159402,0.3587901,0.47894594,0.4276392,0.37149596,406
0.5439827,0.6476984,0.43274564,0.3024859,0.51392424,0.5055568,0.44224232,0.3476299,0.40582743,0.32414857,0.28848618,0.47468996,0.45431322,0.4252223,407
0.54514045,0.52823174,0.5384476,0.57073957,0.46518034,0.4975888,0.58087164,0.5361207,0.572076,0.6000713,0.538441,0.42717233,0.42799133,0.33745387,408
0.54581916,0.6450321,0.43468866,0.30530813,0.5176953,0.5084911,0.44496942,0.35163555,0.41129926,0.33083093,0.29337364,0.47107375,0.45691258,0.44233358,409
0.5318075,0.57178813,0.54154897,0.48510447,0.537274,0.5038659,0.51363516,0.46798602,0.51458585,0.43263227,0.44319135,0.49088678,0.5097532,0.5046464,410
0.55812365,0.5502882,0.47821224,0.5051999,0.409389,0.5105341,0.56823766,0.502786,0.5530985,0.6328457,0.48524022,0.38448444,0.33629563,0.21490507,411
0.5575463,0.5791129,0.49913213,0.42864832,0.48889676,0.511425,0.5317935,0.44687995,0.5321179,0.50306916,0.37250558,0.4687826,0.4260456,0.35861927,412
0.5262549,0.566334,0.54030067,0.4824347,0.5298,0.5051,0.50978935,0.47413805,0.52293605,0.44219077,0.4397153,0.50133276,0.5023418,0.4841014,413
0.5549264,0.49999005,0.5200212,0.63848287,0.37283492,0.4959186,0.629356,0.5828377,0.61501503,0.7363816,0.63042563,0.32863006,0.30182558,0.15640429,414
0.536417,0.62852156,0.47588047,0.3673961,0.50747246,0.5105957,0.46144873,0.40250522,0.452362,0.375116,0.33596033,0.48699865,0.45673487,0.435782,415
0.56962174,0.63330173,0.4579165,0.34866408,0.4982393,0.5152944,0.49945486,0.38842535,0.4684874,0.4183934,0.30152556,0.46329412,0.43545136,0.38974246,416
0.55067736,0.6178283,0.4731776,0.35954106,0.51766896,0.5107573,0.4870621,0.39210021,0.46579018,0.3979276,0.32875466,0.48048165,0.45446402,0.43188146,417
0.49835226,0.54018784,0.5832467,0.55040854,0.5594528,0.496809,0.49822736,0.5168728,0.54034173,0.4283293,0.4859244,0.5313359,0.54911995,0.56676024,418
0.5071166,0.5119801,0.5329624,0.54003453,0.50483704,0.5000635,0.51512206,0.5167964,0.5351247,0.5029227,0.5074955,0.4993194,0.4854632,0.41943753,419
0.53436416,0.58599705,0.54686385,0.5024609,0.51973766,0.49276173,0.524631,0.47450173,0.5084299,0.42681846,0.45504227,0.47995755,0.509896,0.49021664,420
0.52731,0.5250856,0.53170216,0.52671915,0.49724796,0.5109167,0.54755425,0.50691146,0.5604884,0.5536879,0.5053589,0.4564591,0.4435322,0.3815453,421
0.52346617,0.49315304,0.549604,0.58456427,0.48176104,0.50737846,0.5643348,0.55651665,0.59798723,0.61961067,0.54062384,0.45705658,0.42921478,0.33636898,422
0.5131579,0.57017255,0.5130015,0.43852222,0.535827,0.506242,0.47501105,0.44792104,0.48420006,0.39645675,0.42010105,0.5143172,0.5053743,0.49772906,423
0.50521404,0.53422225,0.5805818,0.5481755,0.55604756,0.50165373,0.5063955,0.5194249,0.55269665,0.45365056,0.47837326,0.5287483,0.5415841,0.55000573,424
0.5334388,0.6112736,0.47087425,0.3829718,0.49864173,0.506682,0.4727934,0.4111079,0.46284175,0.40034363,0.35747257,0.48113593,0.4490104,0.40614036,425
0.5478818,0.5728235,0.46282148,0.42865402,0.46273795,0.5152746,0.51426685,0.4518643,0.50855607,0.515928,0.39877304,0.4443643,0.38648146,0.2958972,426
0.534901,0.49934617,0.5344365,0.5971717,0.44895896,0.51492697,0.5829837,0.560547,0.61879444,0.680844,0.5549576,0.4000979,0.36856627,0.2580613,427
0.5605132,0.58699054,0.5434905,0.52456653,0.48175073,0.50160366,0.5778628,0.489204,0.5483485,0.5302764,0.4854614,0.4130104,0.44497952,0.3834878,428
0.5421983,0.5684548,0.49979374,0.43244305,0.500829,0.51349634,0.5181906,0.45342296,0.5182589,0.4811148,0.38870153,0.49051082,0.4468039,0.39271852,429
0.54088604,0.52418226,0.49991918,0.5050317,0.45707023,0.5078823,0.5519647,0.50239074,0.55225116,0.58290404,0.4799769,0.4444675,0.3911289,0.2902221,430
0.5124125,0.5460576,0.5083729,0.46263188,0.5005423,0.5028912,0.4760395,0.47618833,0.51122,0.45512533,0.41299284,0.5219805,0.471244,0.41047922,431
0.5094256,0.72585714,0.3896341,0.2051396,0.53293955,0.49435017,0.34264407,0.24815889,0.29298174,0.17616859,0.2166209,0.47886837,0.489958,0.5019706,432
0.48164365,0.49544486,0.576453,0.5653105,0.56527406,0.50232714,0.48696274,0.53174675,0.5501696,0.4520492,0.50947905,0.5467522,0.54813266,0.55634165,433
0.5312904,0.6493086,0.4940527,0.3515491,0.5412771,0.5013655,0.45101076,0.37654656,0.4266361,0.30561578,0.33090043,0.49568206,0.5074446,0.53380996,434
0.57118696,0.5186718,0.56190956,0.6491342,0.41476044,0.4869587,0.64918953,0.5736952,0.6110567,0.68454343,0.6238856,0.3473829,0.36876038,0.2417311,435
0.522326,0.5572441,0.5588981,0.5120083,0.5391285,0.5033541,0.5160331,0.4938361,0.5345449,0.44973922,0.46005854,0.50782496,0.51890135,0.515719,436
0.5156445,0.5098739,0.54599947,0.5586586,0.50632536,0.50039357,0.53591573,0.53369975,0.5437946,0.5101883,0.52185464,0.50106853,0.49041516,0.4339334,437
0.5353316,0.5524734,0.5548378,0.5391279,0.50723994,0.5095058,0.54355127,0.5163491,0.57110506,0.53463477,0.46973488,0.46548328,0.46190852,0.4179899,438
0.56656593,0.6805696,0.45121944,0.30127156,0.5097088,0.5064587,0.46522558,0.34976587,0.41825986,0.32638404,0.26165098,0.47168195,0.4609656,0.4485472,439
0.55181354,0.5322587,0.5479084,0.57759094,0.4621509,0.50376505,0.59466124,0.5371173,0.59471273,0.6215647,0.5263567,0.41396144,0.40858763,0.31047046,440
0.5539696,0.62300444,0.44163918,0.34018955,0.49885145,0.5113447,0.47370687,0.3823433,0.44313306,0.39354762,0.31499097,0.46117666,0.42681342,0.3806663,441
0.5019548,0.5272749,0.55220056,0.5304448,0.53474486,0.502415,0.49672723,0.5040666,0.5326196,0.45424938,0.47804743,0.5227649,0.5180768,0.49039656,442
0.5211039,0.5029799,0.55286384,0.60118717,0.47510952,0.50161016,0.5571691,0.566064,0.58698285,0.60914487,0.5545614,0.4543634,0.4466917,0.35754874,443
0.55819464,0.5577129,0.52323055,0.51493824,0.46447223,0.500913,0.57767767,0.4949419,0.5487432,0.55330825,0.48522407,0.4308795,0.426038,0.33763236,444
0.51118296,0.60146517,0.44693428,0.35515842,0.501179,0.50635374,0.43287182,0.39644966,0.42216706,0.35138407,0.3480982,0.50016284,0.45166546,0.40663368,445
0.55990803,0.57363534,0.47382206,0.4332355,0.4519103,0.51308316,0.54371387,0.461353,0.5288892,0.55479425,0.39316088,0.43718082,0.3756722,0.27921006,446
0.5421346,0.62531656,0.45146304,0.3427958,0.5104549,0.5050775,0.459985,0.37832692,0.43834218,0.36546314,0.3307563,0.4743595,0.45257676,0.42618865,447
0.5135162,0.5477881,0.55253696,0.5158445,0.5339702,0.5019113,0.5048482,0.49661136,0.5300172,0.4511945,0.46668994,0.5133344,0.51663923,0.5007698,448
0.55172485,0.5726756,0.4555172,0.4025969,0.48110685,0.51855636,0.5086734,0.4321455,0.49711272,0.4946777,0.3699748,0.45611936,0.40140623,0.32220522,449
0.51573116,0.53317577,0.53284246,0.5074688,0.5191764,0.4988315,0.5126306,0.49405637,0.5160866,0.46519333,0.486738,0.49708813,0.49291396,0.45888457,450
0.5044357,0.5506887,0.555277,0.5199424,0.53396714,0.4954245,0.49855223,0.4994162,0.51545656,0.434453,0.4760405,0.51395917,0.52532965,0.51230025,451
0.54646975,0.5100482,0.52696115,0.59339565,0.4276487,0.50340724,0.6005,0.54778206,0.5986967,0.67087215,0.5724702,0.38212523,0.36295867,0.2373599,452
0.5681579,0.5485916,0.49840596,0.5446094,0.40782085,0.5066692,0.6054818,0.5148192,0.5740782,0.66121715,0.5274727,0.35647595,0.33792427,0.2105057,453
0.53565747,0.53073555,0.48762414,0.49720407,0.45565283,0.5076294,0.53783613,0.4928151,0.53673553,0.56884456,0.48395914,0.4402377,0.3969307,0.2920587,454
0.5231003,0.54889446,0.5478482,0.544199,0.49815398,0.49951255,0.53323144,0.5139799,0.55791295,0.52187616,0.4835169,0.4662296,0.4649927,0.40573364,455
0.56606984,0.5730113,0.5360423,0.538423,0.4601454,0.5011872,0.58841294,0.4974869,0.5697882,0.5719617,0.4844737,0.4019396,0.41349068,0.31742013,456
0.5270398,0.57997864,0.45002896,0.3773787,0.5122261,0.5145503,0.46079394,0.4064196,0.45599008,0.40656367,0.36779797,0.47972128,0.44073504,0.40079954,457
0.54053915,0.5104824,0.5347064,0.57602215,0.4611243,0.5044488,0.5825839,0.5450688,0.5800861,0.618651,0.55659944,0.42668098,0.4109657,0.3140396,458
0.5611151,0.5011967,0.51105684,0.6381194,0.36229765,0.49859935,0.63838553,0.5824881,0.6154386,0.75355357,0.6384545,0.31076622,0.28502285,0.13940142,459
0.5471803,0.5894213,0.5042794,0.4353773,0.493676,0.50950485,0.5153239,0.44684276,0.5269601,0.4698777,0.38607135,0.4718876,0.44704053,0.38567507,460
0.5715811,0.6545072,0.46758065,0.33520982,0.50002825,0.5106212,0.49665263,0.38350433,0.4602223,0.38681737,0.2849701,0.4775959,0.45260206,0.42128992,461
0.5369937,0.6385316,0.47670412,0.36322227,0.50573957,0.5024092,0.4658607,0.39330792,0.4409783,0.3565446,0.34397772,0.4829276,0.4669811,0.44930038,462
0.55900866,0.5189373,0.49840412,0.58408004,0.3927233,0.50494164,0.60933304,0.542592,0.58145523,0.68927974,0.577017,0.35072517,0.32442364,0.18434009,463
0.5676552,0.549812,0.5534096,0.5759198,0.4685825,0.5014065,0.6121039,0.5241232,0.59093475,0.6062228,0.5268626,0.39948377,0.42207265,0.334783,464
0.52717745,0.5115501,0.58510554,0.58415407,0.54432684,0.49551073,0.5491209,0.5388689,0.5620155,0.4923515,0.5318958,0.5005927,0.52787304,0.5136568,465
0.5527921,0.5065563,0.5485333,0.62607664,0.4176286,0.4912143,0.6132189,0.57148826,0.61282843,0.6756684,0.5925457,0.37240094,0.3563063,0.23127183,466
0.51304144,0.5870632,0.45430982,0.3769903,0.50866663,0.5062354,0.43496776,0.40522033,0.4423704,0.3779109,0.36757854,0.49643713,0.4625294,0.42867583,467
0.530167,0.5886398,0.5492338,0.4920045,0.52580255,0.50234497,0.5140341,0.47541693,0.5183852,0.43580303,0.44365922,0.47998425,0.50051725,0.49075058,468
0.54732233,0.51289964,0.5237934,0.599256,0.41377792,0.50170875,0.59109944,0.5653306,0.5936293,0.6761177,0.57008904,0.37863675,0.3545577,0.22760545,469
0.5450323,0.5823946,0.49333024,0.45177394,0.4741551,0.5022397,0.52678233,0.46039465,0.5001591,0.4737804,0.4248416,0.46765038,0.45056692,0.37213555,470
0.5152189,0.51533294,0.53034633,0.5377686,0.49246353,0.49954277,0.53149337,0.51834273,0.5357901,0.5177228,0.5119149,0.48204175,0.45806277,0.3922838,471
0.55006176,0.6442079,0.47268903,0.3522134,0.51782894,0.5060416,0.47160342,0.37789258,0.443078,0.35608444,0.32975727,0.46482143,0.46861783,0.45879045,472
0.53600276,0.6651244,0.4836159,0.3359841,0.5363859,0.5024553,0.4458992,0.3635295,0.41731155,0.29929107,0.3219446,0.48151523,0.50114506,0.5265502,473
0.51409537,0.53940105,0.5362643,0.51162916,0.5213006,0.50052685,0.5139581,0.49657553,0.51821196,0.46506715,0.48856908,0.4966293,0.4935293,0.4652022,474
0.54185975,0.60164255,0.45810145,0.37478456,0.49389726,0.5078224,0.4771013,0.4002782,0.46126723,0.41844237,0.34935275,0.47070917,0.4382868,0.38107494,475
0.50936073,0.5385116,0.51135844,0.48507726,0.50323856,0.49573106,0.49715972,0.4811095,0.49529865,0.4481415,0.47356638,0.5005235,0.47474083,0.42967483,476
0.5544204,0.501333,0.53320676,0.650294,0.38559583,0.49891114,0.6331021,0.5915739,0.6285488,0.7424802,0.63226,0.32922506,0.3109673,0.1697311,477
0.5351841,0.61696285,0.458673,0.36146942,0.50035524,0.5045232,0.4657374,0.39722985,0.43785727,0.3679702,0.35182452,0.47803032,0.4509797,0.4148982,478
0.54125243,0.514374,0.5208701,0.5805653,0.43851477,0.5076335,0.5866037,0.53928566,0.58480674,0.65222466,0.55934876,0.3960609,0.3766724,0.25421375,479
0.5307498,0.5948411,0.43580842,0.35652262,0.49727622,0.5140942,0.4522463,0.39289227,0.43814433,0.39563006,0.34038365,0.47646865,0.42745152,0.36954665,480
0.5160385,0.6392946,0.41054788,0.27663627,0.53029937,0.4997954,0.38514784,0.32697123,0.3601013,0.27689347,0.29635718,0.48651418,0.46604145,0.47536734,481
0.54298306,0.6209377,0.46386227,0.35321465,0.51999015,0.5054488,0.4606085,0.38852906,0.44038826,0.36061117,0.3310836,0.4888102,0.47056875,0.46270213,482
0.560293,0.75241303,0.42616713,0.21677914,0.5339939,0.49326572,0.4024625,0.26699033,0.3312344,0.19648539,0.19636914,0.46676672,0.48440835,0.5173513,483
0.49935967,0.4861747,0.6024313,0.6209758,0.545304,0.5073755,0.528968,0.5634128,0.6086942,0.53822225,0.54979074,0.5047437,0.51338917,0.49311012,484
0.53711534,0.49366653,0.55779016,0.65631086,0.42326108,0.5027914,0.6095105,0.5936102,0.63581645,0.71565956,0.6221436,0.36417124,0.35065356,0.22816473,485
0.55577624,0.6655065,0.49294275,0.35558563,0.52022624,0.5035628,0.47822544,0.3750862,0.4438797,0.34182477,0.33291736,0.45576093,0.4810498,0.4878558,486
0.5586029,0.513386,0.5474727,0.6198357,0.4239299,0.49443534,0.6245566,0.5631512,0.5941836,0.6653318,0.59840983,0.3745905,0.37348637,0.24970031,487
0.55783737,0.6507219,0.4791162,0.3670186,0.50428295,0.5069713,0.49559292,0.39454883,0.4558573,0.3810291,0.3403329,0.45342934,0.4556937,0.4355942,488
0.55874383,0.5014138,0.5107382,0.6392053,0.3647145,0.50005376,0.6385337,0.5831997,0.61621517,0.7572144,0.6398797,0.3103565,0.28666627,0.13983077,489
0.5457313,0.63776255,0.46463317,0.35516384,0.5033526,0.5082812,0.4797478,0.3903971,0.44276705,0.36877677,0.34135562,0.46683326,0.45220622,0.4246448,490
0.54458505,0.52422225,0.500245,0.5408309,0.42530692,0.5085985,0.5792128,0.52330285,0.57729685,0.6502589,0.51797235,0.39835155,0.35122398,0.22722079,491
0.5746158,0.5548711,0.499272,0.5213798,0.42598537,0.50810677,0.5983856,0.49682653,0.576007,0.65030354,0.48893437,0.36521226,0.34972376,0.23003729,492
0.55141157,0.57849926,0.4865922,0.44944078,0.46937883,0.5079189,0.53485996,0.4603025,0.5080897,0.498977,0.4308948,0.44346663,0.4200033,0.33309928,493
0.57830006,0.7716926,0.45719358,0.23255746,0.51590776,0.4927599,0.43690684,0.28778356,0.3539987,0.20724785,0.2023043,0.4597895,0.48150712,0.52191144,494
0.5359808,0.57446337,0.54860425,0.48930365,0.5391847,0.50537413,0.52393126,0.47349724,0.5231864,0.43954843,0.44409263,0.49080434,0.51084816,0.5107724,495
0.53795946,0.57290184,0.53614455,0.5008567,0.5106447,0.50226897,0.53145635,0.48319787,0.52379435,0.47426173,0.46281964,0.4649878,0.48353812,0.45252734,496
0.5386774,0.5909111,0.4766247,0.39435688,0.4998104,0.50641084,0.48659223,0.42340976,0.46702996,0.4061925,0.36899614,0.49550873,0.45348305,0.40964368,497
0.51349705,0.55765486,0.59429467,0.5504963,0.5643445,0.5035877,0.5128896,0.5097632,0.565194,0.44446647,0.4654627,0.51510936,0.54315263,0.56807286,498
0.54376906,0.5556061,0.57658535,0.5611527,0.5111684,0.50337464,0.5560521,0.53014314,0.5779982,0.523191,0.48363447,0.46646437,0.48178273,0.45132098,499
0.52158815,0.53984493,0.52413833,0.5146195,0.5027209,0.50229764,0.5309627,0.4963908,0.51387435,0.48317176,0.4975858,0.4799449,0.47353542,0.42160365,500
0.5678765,0.5302249,0.47370443,0.54661775,0.3781954,0.5169521,0.6084116,0.52486336,0.5978187,0.72490364,0.52412724,0.33228838,0.27965945,0.14147349,501
0.5107112,0.525009,0.581313,0.5892539,0.5191052,0.48822582,0.53504366,0.53423935,0.5516777,0.4824647,0.5282556,0.49944356,0.5177901,0.48351097,502
0.5607791,0.5315526,0.54012907,0.5891389,0.4435929,0.49994802,0.6134731,0.5366049,0.5944663,0.64257276,0.5538939,0.3848164,0.39131364,0.27771083,503
0.5649883,0.5345164,0.48453733,0.52058685,0.40180683,0.5125543,0.59752053,0.51302546,0.5818553,0.6744756,0.49811754,0.37251404,0.31638494,0.18674839,504
0.53772354,0.62406266,0.4670017,0.36953264,0.49569964,0.5037588,0.4743045,0.40121013,0.44428757,0.37657976,0.36251423,0.47066587,0.45008102,0.41058227,505
0.55093527,0.6104214,0.44402507,0.3510448,0.4964906,0.5143163,0.47474405,0.39235708,0.45225877,0.4094034,0.31891933,0.47177646,0.42660773,0.37041968,506
0.48835406,0.511109,0.6364497,0.61353314,0.610549,0.50239736,0.49414328,0.55882037,0.596206,0.43602464,0.5006845,0.5647297,0.60070795,0.66800725,507
0.52980036,0.5394321,0.49571598,0.47842243,0.47709203,0.50514257,0.51900774,0.4834236,0.51817316,0.5096685,0.4604495,0.4754122,0.43170413,0.34768102,508
0.53960824,0.5775187,0.47323313,0.41608378,0.48594016,0.50954074,0.5084296,0.44268304,0.482521,0.452529,0.41150206,0.47062087,0.43508244,0.37167308,509
0.49466562,0.52754813,0.543673,0.52515566,0.52534115,0.4974935,0.49269447,0.50559086,0.5223391,0.4559468,0.4891117,0.52137583,0.512768,0.48522228,510
0.5567083,0.56864536,0.55815804,0.5498745,0.48331743,0.49927056,0.57776487,0.5180713,0.5722053,0.55256236,0.4833074,0.43241987,0.44199634,0.38027707,511
0.53007925,0.51835954,0.5358839,0.5766,0.44559702,0.49776533,0.55864376,0.5360843,0.56647336,0.59782255,0.54261494,0.42818,0.41643485,0.29352218,512
0.51578796,0.546206,0.50013256,0.47093654,0.49751055,0.49915087,0.5048382,0.47487855,0.48462346,0.44865978,0.46640813,0.49105418,0.4666405,0.41395682,513
0.5201436,0.57587194,0.54658735,0.5007257,0.52552843,0.50796884,0.5000439,0.48619115,0.53658617,0.46237838,0.4334681,0.48578635,0.4832438,0.47638828,514
0.5667909,0.54965514,0.5451191,0.5676188,0.45584175,0.5017932,0.6063581,0.52299654,0.5840062,0.6113251,0.5306876,0.393943,0.40782595,0.31636554,515
0.5266178,0.559511,0.5432401,0.5043891,0.51826006,0.49945092,0.51944864,0.4846664,0.5225418,0.4556815,0.47059044,0.4811907,0.49131522,0.46480164,516
0.47896105,0.545686,0.55383235,0.4965588,0.5619675,0.501477,0.45087022,0.48341686,0.51243216,0.3869128,0.4459714,0.55226576,0.5439104,0.57062805,517
0.53609955,0.5780307,0.51497483,0.4684377,0.5030607,0.50581217,0.5248175,0.46871462,0.5117203,0.47569957,0.43767744,0.46941796,0.46599194,0.41993558,518
0.52315974,0.5796837,0.45395347,0.38184798,0.5042306,0.5083507,0.45200214,0.4145682,0.4520176,0.40199703,0.3517563,0.49995434,0.45140588,0.39115417,519
0.55070835,0.5902947,0.52704597,0.4835141,0.48953727,0.49899316,0.5447846,0.4647865,0.5208786,0.4791607,0.4463945,0.44583657,0.46092185,0.4035843,520
0.5506216,0.5353611,0.5584508,0.57967055,0.47740906,0.5025655,0.5926861,0.5356768,0.5951291,0.6015296,0.5235788,0.42446816,0.42892095,0.34443724,521
0.48502812,0.4918063,0.59277564,0.59352505,0.5610108,0.4941393,0.49926943,0.5497781,0.55782825,0.45242757,0.5319198,0.5431924,0.55703294,0.55777794,522
0.55883324,0.5393722,0.5408354,0.5830067,0.43670964,0.49366602,0.6037207,0.54017156,0.5816073,0.63246375,0.5461627,0.39195535,0.39428258,0.28300825,523
0.5436577,0.5180556,0.5321963,0.5828135,0.44235724,0.49777913,0.591608,0.5462863,0.5744234,0.6252212,0.55547595,0.41355038,0.40198818,0.28945318,524
0.49804914,0.5500165,0.5442377,0.5093551,0.5276698,0.49403143,0.49022084,0.49371234,0.5102541,0.42753676,0.46920246,0.5196916,0.5164425,0.4961417,525
0.56115705,0.5275302,0.5429906,0.6078483,0.42546442,0.4979634,0.62576085,0.54748446,0.60505277,0.66883564,0.57082176,0.3621766,0.36328802,0.23844068,526
0.55164593,0.65851706,0.45586902,0.32039067,0.52136356,0.50755775,0.45841086,0.3573277,0.42270884,0.3304532,0.29440108,0.46938246,0.4636286,0.45788386,527
0.56027585,0.5281079,0.56829584,0.62222356,0.45401573,0.4969326,0.6224027,0.5555641,0.614847,0.65320724,0.5846678,0.3733149,0.3997099,0.3044931,528
0.56051534,0.5007438,0.5114281,0.6489289,0.36073434,0.50234276,0.64562356,0.58639085,0.6339555,0.776064,0.6371852,0.29774708,0.27249882,0.1267026,529
0.49518335,0.52828246,0.53325623,0.5086223,0.5273055,0.4957557,0.4846976,0.49369088,0.50959253,0.43385437,0.47819203,0.5278177,0.51501286,0.48732954,530
0.5100529,0.5407742,0.5331548,0.50983113,0.5126334,0.49520242,0.5064981,0.4980103,0.5104229,0.46178114,0.48373157,0.5012069,0.49362105,0.4545286,531
0.54889333,0.5191626,0.5161477,0.58116686,0.42709154,0.51032233,0.59612393,0.538028,0.5995105,0.676928,0.5556259,0.37214327,0.35068512,0.22597532,532
0.5572584,0.58348376,0.4876899,0.4161343,0.47016516,0.5120199,0.53359836,0.44717577,0.5219026,0.5060729,0.37391445,0.46846,0.41369894,0.33417523,533
0.5188999,0.53862566,0.5125491,0.49598527,0.5000565,0.50255316,0.51343054,0.48796266,0.51386315,0.48210108,0.4737974,0.49110043,0.47492012,0.41517863,534
0.5703086,0.5908184,0.48492798,0.47460422,0.4258194,0.5081736,0.5681641,0.4672882,0.53661716,0.5817672,0.4524754,0.3768084,0.3573624,0.25130913,535
0.54443896,0.59094393,0.4937289,0.44781214,0.4715541,0.50459135,0.5196087,0.45894602,0.49687716,0.47848645,0.42435718,0.45066985,0.4278919,0.36661804,536
0.5058491,0.532258,0.52966684,0.5201951,0.5041921,0.49770495,0.50198936,0.505135,0.5180917,0.4697575,0.4877701,0.50410277,0.48573688,0.43431368,537
0.5507922,0.5085594,0.5280296,0.60359025,0.41891772,0.5039781,0.6095886,0.5573977,0.6013784,0.6858297,0.580249,0.3753966,0.35402596,0.22417387,538
0.54007846,0.6457974,0.4331156,0.3043155,0.5115833,0.50477946,0.43204063,0.35024557,0.39976802,0.31252775,0.28221902,0.48731804,0.45514113,0.42885777,539
0.551643,0.63041496,0.5141662,0.4360464,0.49891743,0.49671638,0.51763123,0.43785718,0.47240558,0.40452835,0.40966734,0.45439664,0.4788714,0.45163718,540
0.4898329,0.5296429,0.51142794,0.48074356,0.525653,0.5101193,0.46590626,0.4770254,0.51903105,0.46126553,0.44931906,0.51445735,0.48194015,0.44399694,541
0.52633077,0.5212935,0.44838193,0.441674,0.4639136,0.5156638,0.49121937,0.47328472,0.506567,0.53626543,0.43404505,0.46971157,0.39718878,0.30730358,542
0.5229504,0.53440076,0.49662724,0.48581102,0.47309414,0.5044268,0.51426613,0.48708,0.52229965,0.5155188,0.46396413,0.46978864,0.42341968,0.33050779,543
0.45417535,0.56786764,0.6312801,0.53796715,0.63353556,0.504986,0.4008428,0.49358732,0.55735403,0.31168225,0.4168272,0.58344275,0.6225935,0.7459928,544
0.5650146,0.56524163,0.5728056,0.5761603,0.48778224,0.49352592,0.6039673,0.51821965,0.5756683,0.5483029,0.52047664,0.41814315,0.46366286,0.40223643,545
0.54003376,0.5869472,0.5041508,0.43980557,0.4981549,0.51143575,0.5130475,0.45802855,0.51853466,0.47264615,0.39183503,0.48062435,0.45185253,0.4105382,546
0.5116818,0.5326992,0.484096,0.47081438,0.48171145,0.50326544,0.49601173,0.47311622,0.4983885,0.48930034,0.47319293,0.47189078,0.43415684,0.361875,547
0.54131544,0.49582914,0.56931627,0.66371906,0.43280628,0.49887624,0.615134,0.59380096,0.6362862,0.69996756,0.62042814,0.3732999,0.36597142,0.24498875,548
0.53330785,0.571725,0.53361,0.47202536,0.5353437,0.5070879,0.50958556,0.4634056,0.5132573,0.43437746,0.4267389,0.49847764,0.5042007,0.49704343,549
0.5676265,0.6557731,0.4541804,0.3305273,0.49881116,0.51312023,0.48717004,0.37527698,0.4498382,0.38138098,0.2952534,0.4589922,0.4396157,0.40853247,550
0.55657506,0.61559486,0.48773676,0.42132545,0.46505263,0.51006573,0.5260906,0.44505724,0.508966,0.4952755,0.36765367,0.44354308,0.41588363,0.33943677,551
0.52285343,0.53701985,0.5188867,0.5165531,0.48380223,0.5054099,0.5334455,0.50191134,0.53643584,0.5308412,0.49319988,0.4606072,0.4374006,0.36447114,552
0.55330694,0.510565,0.53715366,0.6005299,0.41725507,0.49779198,0.59963286,0.5684244,0.6119181,0.6874176,0.56310344,0.3803422,0.34740663,0.22794412,553
0.5676222,0.5725263,0.5329823,0.5432849,0.4513979,0.49859124,0.5934128,0.5006039,0.5631692,0.5871806,0.50367093,0.3841834,0.40616918,0.30835062,554
0.556338,0.6535418,0.49647698,0.37608418,0.5130288,0.5020254,0.4973215,0.3992196,0.45274326,0.3555779,0.34668046,0.47001174,0.48502162,0.47052816,555
0.5426017,0.526468,0.5631391,0.59817606,0.47634727,0.5034637,0.5871897,0.5452512,0.6038619,0.6105479,0.5410539,0.42142296,0.42753753,0.3449684,556
0.5455171,0.6158365,0.4416691,0.34192756,0.49972406,0.511878,0.464017,0.38432497,0.43880233,0.38804644,0.32153264,0.47234175,0.43477932,0.39032677,557
0.54968446,0.604113,0.5511353,0.4754206,0.5316926,0.5044391,0.5313223,0.45905086,0.5297119,0.434635,0.41438264,0.47477448,0.5068018,0.50004363,558
0.5545147,0.56857157,0.5450894,0.5331205,0.47942886,0.5012034,0.57269835,0.49671087,0.56208515,0.5410912,0.47833163,0.42960972,0.4442868,0.36489123,559
0.5016226,0.50910217,0.5482859,0.55354846,0.52509034,0.5001407,0.5069432,0.5296685,0.53090787,0.48249146,0.51882666,0.51212674,0.510729,0.47364002,560
0.54649305,0.6285667,0.47131994,0.3571464,0.52897847,0.51223874,0.47244617,0.3842559,0.4527335,0.3692695,0.32888147,0.47512105,0.4692241,0.46043813,561
0.5457637,0.4981851,0.54461163,0.6423329,0.4034077,0.49313673,0.6179679,0.58399004,0.61339766,0.7015623,0.6236195,0.36280328,0.3443024,0.20808855,562
0.54624355,0.5931707,0.44746956,0.36637813,0.49178305,0.514413,0.4764378,0.40584806,0.46274444,0.42388237,0.33442295,0.47998405,0.42502213,0.36201414,563
0.516323,0.5762535,0.4675426,0.40343753,0.49210814,0.5044612,0.46541828,0.43345147,0.45596433,0.40167654,0.4039139,0.49714667,0.45885664,0.396236,564
0.49725544,0.52179396,0.5680962,0.55202866,0.5419397,0.49669063,0.50186276,0.5229674,0.53653634,0.4536343,0.50657374,0.52292293,0.52320135,0.51594025,565
0.57524717,0.52306324,0.51680195,0.5874989,0.39901578,0.50121087,0.62888753,0.54585654,0.5998288,0.7002027,0.5691996,0.34600466,0.3300683,0.19816466,566
0.53702986,0.58043176,0.48545405,0.4080038,0.50223404,0.50776917,0.49549797,0.43812174,0.4802249,0.42256048,0.36301196,0.5173328,0.46372578,0.40730885,567
0.5533303,0.5713547,0.47759274,0.44683096,0.45339552,0.5105588,0.53786963,0.45813373,0.5150586,0.53386295,0.44070402,0.42744568,0.39131135,0.29704672,568
0.5189645,0.54131806,0.5280152,0.50217456,0.5106552,0.5006051,0.5163631,0.48987123,0.5121985,0.46822685,0.47396678,0.49914744,0.4881983,0.4446712,569
0.5336357,0.49221236,0.53249013,0.5967511,0.44347078,0.50130916,0.58536816,0.5576646,0.58887035,0.64893824,0.57097936,0.41675234,0.38875455,0.26309428,570
0.49490255,0.53371835,0.5798758,0.5540139,0.55351704,0.49871844,0.4950967,0.52002513,0.5542409,0.45091733,0.47381893,0.5319707,0.53790826,0.53757846,571
0.5221259,0.5114854,0.48719266,0.49201906,0.45637625,0.5139174,0.52673894,0.50262344,0.55252093,0.5859519,0.47368574,0.46365476,0.38720903,0.28631344,572
0.55178475,0.54042894,0.5528755,0.58156747,0.46744618,0.4973166,0.58973527,0.5359857,0.5788218,0.5938564,0.53384775,0.41886166,0.4340127,0.34576663,573
0.5445006,0.63014156,0.50882596,0.3961634,0.52114385,0.505501,0.4978381,0.4168489,0.47988507,0.38031328,0.35956338,0.4858179,0.49012792,0.47452492,574
0.55014604,0.5633188,0.48227555,0.49535763,0.43262142,0.5120083,0.5463239,0.4895289,0.5321845,0.57855684,0.4655557,0.40226603,0.36962974,0.25519192,575
0.55949116,0.57158124,0.4996005,0.47050893,0.46782544,0.5114871,0.55129313,0.46736807,0.5327765,0.5419423,0.44441962,0.42822564,0.41308668,0.3311085,576
0.546249,0.5164302,0.52927357,0.57772136,0.44202214,0.50338954,0.59445554,0.54221314,0.5865474,0.64171004,0.5575465,0.40411595,0.3875228,0.27235174,577
0.49493,0.5369505,0.56398505,0.5252877,0.5541026,0.5003564,0.48664802,0.5042551,0.52809584,0.42775437,0.4695917,0.5391072,0.5406859,0.54940754,578
0.51369894,0.52599317,0.5737532,0.5707466,0.5307289,0.49162558,0.53354645,0.5281912,0.5418214,0.48319998,0.5260472,0.49914566,0.5158047,0.48958772,579
0.5136197,0.54368097,0.5332185,0.5022302,0.51620156,0.4954293,0.50986797,0.49195674,0.5058164,0.44165874,0.47702235,0.5022182,0.49079847,0.4623911,580
0.56210065,0.50506485,0.5273447,0.6468841,0.38392442,0.50504774,0.6405638,0.58019334,0.6359661,0.753743,0.63345474,0.30904204,0.296047,0.15769984,581
0.5087751,0.55375046,0.53411967,0.49959883,0.51141316,0.49610373,0.49329826,0.4948868,0.5051626,0.4369128,0.458025,0.5130951,0.4984624,0.46394837,582
0.5759854,0.52364504,0.5391788,0.6239221,0.40067333,0.4912548,0.65066916,0.5558462,0.5996605,0.6905262,0.60864955,0.33794972,0.34857014,0.2113023,583
0.5151432,0.53442115,0.4904857,0.47892034,0.47660586,0.50303555,0.5010584,0.4882794,0.5099378,0.50835794,0.4730685,0.47922033,0.43386734,0.36478356,584
0.54326695,0.5126943,0.53068197,0.59267247,0.43640572,0.50487447,0.59322643,0.55241823,0.59838223,0.6681826,0.5599066,0.3969281,0.37959784,0.25566652,585
0.5355417,0.52540606,0.49922448,0.5183846,0.45365366,0.5111766,0.545601,0.51204175,0.5586739,0.59818673,0.49002165,0.42897928,0.38198912,0.28168043,586
0.5291399,0.5071313,0.541076,0.58883893,0.46955398,0.49938855,0.5667859,0.5485997,0.5775801,0.60374266,0.5594223,0.43676627,0.43234614,0.3393871,587
0.51754224,0.5608841,0.541951,0.48038667,0.5526334,0.50570357,0.49474528,0.46982184,0.51155704,0.41598022,0.441961,0.5102111,0.5237135,0.5315978,588
0.5648482,0.65800977,0.4429356,0.32192636,0.49151507,0.51163423,0.47203225,0.36239445,0.43351012,0.37543696,0.29207894,0.43914053,0.41954082,0.37345544,589
0.56223005,0.5643256,0.497239,0.49892738,0.4428172,0.51259357,0.57470274,0.496451,0.5631747,0.6137344,0.45384628,0.40543103,0.37850618,0.2701533,590
0.49807706,0.53120255,0.58464664,0.55282676,0.5610158,0.49579924,0.5028686,0.52105284,0.54936016,0.43985197,0.48804924,0.5349077,0.54820645,0.5580287,591
0.5546743,0.5072214,0.61164516,0.6833486,0.4708103,0.48797113,0.62328315,0.6018767,0.64622074,0.6498813,0.624065,0.38629684,0.4163277,0.34274173,592
0.528836,0.55494344,0.5008004,0.46847525,0.48644072,0.50743246,0.5220305,0.47402892,0.51345843,0.49093336,0.45593685,0.46351448,0.4328588,0.3636366,593
0.5244192,0.5287223,0.5331012,0.528047,0.5112868,0.5035897,0.5341057,0.5060932,0.5281706,0.4926667,0.4990695,0.48572445,0.48733202,0.43745735,594
0.5602517,0.5016199,0.5190739,0.6459751,0.37402076,0.5019713,0.64008784,0.5799179,0.6256791,0.75812024,0.63778824,0.30719703,0.29130304,0.14628965,595
0.53594536,0.5226802,0.6207886,0.6254018,0.5462612,0.49506405,0.569285,0.5613166,0.60273963,0.5147127,0.5437038,0.47958338,0.5283037,0.5275596,596
0.50689006,0.5835127,0.51919436,0.44011173,0.5357888,0.496752,0.46478423,0.44494864,0.46181485,0.3605958,0.4226944,0.5160503,0.51965255,0.5226162,597
0.55546236,0.50106686,0.53068197,0.64063764,0.38757393,0.4993945,0.63107383,0.57772493,0.6198823,0.7310579,0.62732774,0.33318922,0.31308362,0.17087364,598
0.55878353,0.62710005,0.44441712,0.35246038,0.4822634,0.512224,0.48435074,0.3853627,0.45647222,0.4200435,0.32100338,0.44339904,0.4113303,0.34714836,599
0.5618741,0.59243006,0.4795936,0.41835147,0.47071996,0.5169976,0.5343513,0.44248167,0.5233623,0.5229188,0.37949514,0.44236106,0.40760195,0.3314429,600
0.5164839,0.5355698,0.5536741,0.55047834,0.5102692,0.502621,0.5303159,0.5232003,0.56249934,0.5216047,0.48754784,0.48686963,0.47952127,0.42992556,601
0.53314805,0.57784617,0.5513681,0.48710474,0.5387227,0.4994315,0.5177438,0.47106653,0.5198553,0.42555538,0.44020066,0.49685377,0.51629424,0.5174639,602
0.54547006,0.64051336,0.45868632,0.3480076,0.49217805,0.50088304,0.4689649,0.3818225,0.4248888,0.35246485,0.35309085,0.45482802,0.44348428,0.41474748,603
0.5601347,0.5415847,0.5480722,0.5752651,0.45944664,0.49682224,0.60237813,0.53524107,0.58102304,0.6003941,0.5341592,0.41276208,0.42083448,0.32957196,604
0.52237254,0.57803285,0.46535468,0.39291957,0.5097645,0.51086366,0.45859545,0.41850278,0.46382192,0.40938643,0.3619531,0.49387518,0.45024556,0.40240166,605
0.54380214,0.61694896,0.51394516,0.4268125,0.52277017,0.5048219,0.5089519,0.43286452,0.4821878,0.4030694,0.38789117,0.4802307,0.49904802,0.4860264,606
0.53068775,0.5153446,0.52019364,0.5546545,0.45079103,0.5062898,0.5545493,0.5398952,0.5766438,0.61156934,0.50128126,0.44087029,0.3895981,0.27502185,607
0.5266719,0.5488701,0.48453873,0.47215575,0.4753041,0.50694615,0.5225062,0.47613597,0.501778,0.50352174,0.47076297,0.4584036,0.43083042,0.35069743,608
0.5153722,0.55295795,0.53219044,0.50428003,0.51006794,0.49061427,0.513566,0.4882443,0.5011327,0.44401875,0.48436093,0.4901663,0.49126217,0.4541787,609
0.5652412,0.5971001,0.4754196,0.41674307,0.4496575,0.5140674,0.5405563,0.44271258,0.52307874,0.5286749,0.38839594,0.42577547,0.37744164,0.29125124,610
0.52542853,0.5526544,0.5308416,0.51902145,0.49375284,0.4943385,0.5264079,0.49339563,0.5193015,0.48235938,0.48684263,0.4741173,0.472682,0.41414958,611
0.51022315,0.55691546,0.5347066,0.50661546,0.50591534,0.49703425,0.50014234,0.49241778,0.5090758,0.44892177,0.46644932,0.50046754,0.490266,0.44885442,612
0.518586,0.5128842,0.552518,0.5826067,0.49118036,0.4914998,0.541033,0.54569274,0.55347914,0.5428284,0.5404434,0.47505194,0.48329794,0.41796443,613
0.54838556,0.50951666,0.50792056,0.5484793,0.42353076,0.51314855,0.58977926,0.5331533,0.60566264,0.67594945,0.5183703,0.39499632,0.32926226,0.20984499,614
0.5385516,0.58936256,0.5088846,0.44090614,0.52128863,0.5086879,0.50647503,0.44096783,0.49524632,0.43507662,0.4096632,0.47293368,0.48138514,0.4559996,615
0.5555255,0.5305492,0.5649023,0.6058131,0.46789595,0.50761837,0.6045207,0.5438175,0.61751646,0.6349406,0.54622614,0.39665034,0.41226608,0.3176626,616
0.54145455,0.61991024,0.4682693,0.37465882,0.4956857,0.5045797,0.48284304,0.40795222,0.4507018,0.3858007,0.3713326,0.468435,0.4530394,0.40813312,617
0.538061,0.64295727,0.480289,0.3653809,0.5109655,0.5051035,0.4698283,0.39338824,0.44031587,0.3550444,0.34278947,0.4772727,0.47132826,0.4608281,618
0.5616816,0.5132803,0.5244329,0.59593004,0.39761683,0.494642,0.6164229,0.56305546,0.5959685,0.6875771,0.5763235,0.36309588,0.328336,0.19953336,619
0.55588794,0.5070965,0.52362156,0.62045735,0.39397565,0.49885234,0.6191324,0.56564254,0.5994737,0.69766253,0.6075854,0.35289502,0.33287424,0.1920185,620
0.5727538,0.56022024,0.55546796,0.56845164,0.46849144,0.49678752,0.6123252,0.51618594,0.5826647,0.5908569,0.51372945,0.4013435,0.429118,0.341232,621
0.51581174,0.5363914,0.51104856,0.4948924,0.5013377,0.5044252,0.5112854,0.48577008,0.509222,0.47721177,0.47596353,0.496619,0.47405297,0.41674402,622
0.5432372,0.50520647,0.50574654,0.5600488,0.43073362,0.5103699,0.57427514,0.538788,0.57950467,0.6539906,0.55231094,0.40102273,0.36798143,0.24325743,623
0.5565151,0.73577887,0.4357896,0.23967336,0.5215208,0.50091845,0.41334808,0.28795463,0.35040253,0.22384243,0.23273548,0.45043355,0.4658704,0.4959227,624
0.46372324,0.5015594,0.60972124,0.5879998,0.5940594,0.49934736,0.46418658,0.5394184,0.56388766,0.41648743,0.5076354,0.56825536,0.5839525,0.63000506,625
0.5505741,0.54446715,0.52714807,0.55447614,0.44615608,0.50002706,0.5803409,0.5269116,0.5567721,0.59065676,0.52400213,0.41356137,0.40617073,0.30804402,626
0.5665939,0.5422484,0.5464345,0.5837112,0.44578636,0.49258962,0.61337453,0.5410296,0.56994367,0.6034766,0.546543,0.40281948,0.41437528,0.31208712,627
0.53246045,0.62352294,0.45157525,0.34093258,0.51804346,0.5028301,0.4461495,0.3716601,0.429949,0.34188306,0.3273331,0.48313215,0.46680462,0.4457412,628
0.536798,0.5973471,0.5123455,0.43654943,0.51982737,0.504171,0.50479704,0.44260508,0.48468566,0.4150525,0.4103992,0.48221314,0.4882314,0.46994096,629
0.49537793,0.52815014,0.46124798,0.42784926,0.5022685,0.50167036,0.44512412,0.4478626,0.46140516,0.42242458,0.4431485,0.50988793,0.47715336,0.41244668,630
0.556264,0.7252077,0.44152385,0.25628474,0.5165684,0.5009967,0.42460713,0.30043578,0.362351,0.2399634,0.25241986,0.4471959,0.4648139,0.4881165,631
0.5448982,0.5325451,0.46244726,0.4597091,0.44109708,0.51374716,0.53002137,0.47784555,0.52314025,0.5658518,0.46253732,0.43365914,0.36718255,0.26717955,632
0.5604389,0.5233907,0.49039337,0.5466958,0.4096697,0.5173949,0.5971183,0.52456415,0.6008964,0.7022141,0.5219065,0.35958266,0.31756005,0.18554576,633
0.54764754,0.5529591,0.5095246,0.5150238,0.4495769,0.5067203,0.56455463,0.49896407,0.5533894,0.5848159,0.49399638,0.41005215,0.385412,0.28627217,634
0.5167674,0.55642,0.5219685,0.4769728,0.5224071,0.5015948,0.4978541,0.47549933,0.49498045,0.43636522,0.45794216,0.5013248,0.49884516,0.48108855,635
0.5578124,0.5790032,0.46026057,0.4129773,0.46276352,0.51524264,0.5208872,0.44027698,0.50597864,0.51530284,0.38911673,0.4365825,0.38835123,0.30170086,636
0.5649726,0.6359972,0.45212987,0.3347771,0.5046377,0.51175725,0.48399505,0.38112715,0.45004585,0.39083758,0.29037127,0.47346848,0.44229293,0.40033472,637
0.5554893,0.52828985,0.5008917,0.55964804,0.40709817,0.50014156,0.5929685,0.5330829,0.56570166,0.648072,0.54488057,0.37930432,0.35152787,0.21524133,638
0.51530325,0.50038886,0.52693546,0.5562537,0.4815013,0.50525993,0.5357581,0.53454787,0.5594907,0.5760037,0.53398484,0.4678446,0.44181797,0.357411,639
0.56780094,0.5053983,0.5122114,0.6392841,0.36247593,0.49516675,0.64467776,0.58608484,0.6137846,0.7544312,0.6399459,0.306361,0.28737003,0.14442022,640
0.50865585,0.4821005,0.5633957,0.61441183,0.48144886,0.49668863,0.5556232,0.5700107,0.5847635,0.6010105,0.5782853,0.46379462,0.45947573,0.35717028,641
0.5225498,0.5718609,0.55390614,0.4992557,0.5439172,0.5059981,0.50873035,0.4798293,0.5220673,0.43192536,0.44621176,0.49749616,0.51398695,0.5210308,642
0.55289775,0.50012183,0.52446973,0.63500214,0.3795348,0.4955193,0.6292686,0.5804044,0.61239296,0.7258925,0.6277842,0.33897567,0.31398252,0.16778195,643
0.55724716,0.6016823,0.48223194,0.39969164,0.49404585,0.51292545,0.51412106,0.42578796,0.4988658,0.45899338,0.36286667,0.46397302,0.43097332,0.3823487,644
0.56003165,0.5132655,0.52135557,0.60360324,0.39784274,0.4998495,0.6216285,0.5502024,0.6022796,0.6953749,0.5857384,0.3506754,0.3255973,0.18779173,645
0.55391073,0.5377617,0.4769861,0.48817042,0.42158788,0.5124633,0.5647467,0.49186495,0.55714345,0.6209849,0.47847518,0.40478727,0.343303,0.22432691,646
0.54727066,0.59091467,0.52674484,0.47055212,0.5005524,0.5041663,0.5338659,0.46711677,0.5245638,0.47430873,0.43213823,0.45644915,0.45515507,0.4234103,647
0.50761527,0.57557225,0.53485256,0.47221017,0.5326042,0.4936475,0.47804242,0.4659438,0.48532513,0.38905087,0.43449804,0.518956,0.5223934,0.51639915,648
0.5658394,0.54972523,0.49480435,0.5357032,0.40891737,0.5108323,0.6005662,0.5088535,0.5781877,0.66382766,0.51296854,0.35948372,0.3329916,0.20457385,649
0.5556646,0.5231454,0.50913656,0.55970794,0.42240435,0.5046009,0.597687,0.53039724,0.5797294,0.65803266,0.55050373,0.38322437,0.35844898,0.23616172,650
0.56944346,0.55126476,0.57899857,0.6053968,0.48794818,0.49765152,0.61582726,0.53286207,0.59473383,0.5853688,0.5472615,0.40239608,0.4586058,0.39267197,651
0.5576304,0.61010224,0.44589755,0.3710078,0.47800025,0.5179718,0.4955749,0.40299818,0.47332242,0.4510819,0.34372878,0.44014043,0.40093318,0.3296841,652
0.51956683,0.6129644,0.44173026,0.33703342,0.51260877,0.504835,0.42490888,0.38115793,0.40962976,0.3356744,0.34242532,0.4997543,0.46514505,0.45629412,653
0.5691502,0.51421285,0.5204367,0.6179956,0.37951937,0.49001333,0.63232726,0.5677849,0.5946111,0.7092823,0.6124891,0.33370474,0.3178894,0.18119764,654
0.5459645,0.58855605,0.46995577,0.42634988,0.46200234,0.51209724,0.514032,0.45693642,0.50375605,0.5076729,0.39691913,0.44825682,0.40782204,0.32922652,655
0.5560732,0.5279302,0.5416526,0.5835302,0.44851416,0.49939907,0.60627574,0.537677,0.591334,0.6324901,0.5531699,0.39519125,0.39322332,0.28557065,656
0.5502928,0.52481276,0.53844213,0.59168214,0.44649002,0.5002338,0.60185903,0.5431048,0.5820769,0.629934,0.5651491,0.39527723,0.40165845,0.2889546,657
0.5482411,0.6370801,0.47643584,0.37194118,0.4892961,0.5034805,0.49292913,0.40132272,0.4637714,0.38831216,0.35625073,0.46307492,0.44600585,0.40468907,658
0.5330289,0.5311265,0.57387966,0.56104195,0.5308644,0.4999086,0.55315,0.5184697,0.57363707,0.5141496,0.506873,0.47487295,0.5056047,0.47735113,659
0.5737198,0.6019084,0.5000404,0.46874166,0.45083734,0.5108527,0.5692598,0.46325174,0.5440154,0.563842,0.4202196,0.39580816,0.39215142,0.29901043,660
0.56650144,0.5456893,0.5142301,0.54752946,0.42972624,0.49964145,0.6002311,0.5229257,0.5591243,0.6101938,0.5190183,0.39675108,0.38568863,0.26744428,661
0.49572548,0.5197588,0.57360655,0.5527382,0.5492672,0.5066772,0.49970645,0.5203165,0.55622023,0.4670287,0.49074915,0.52481437,0.52574086,0.523257,662
0.56059694,0.6300602,0.48560056,0.3877327,0.49773213,0.50869966,0.5042398,0.4048253,0.47454545,0.4188743,0.35858572,0.44635677,0.44758424,0.41049188,663
0.552757,0.5443229,0.5667247,0.5761662,0.49356365,0.50365573,0.58642167,0.5335076,0.58975947,0.5730627,0.51451176,0.43622452,0.45539752,0.39304873,664
0.53413254,0.5372056,0.5160509,0.520219,0.46608785,0.5034911,0.5514111,0.50418025,0.54580945,0.55260485,0.49129692,0.45063424,0.421456,0.3264715,665
0.55971867,0.6654921,0.4494304,0.30444613,0.5046827,0.50533384,0.46102297,0.35151526,0.41765696,0.3273899,0.28494436,0.47032055,0.45194718,0.43459603,666
0.50029445,0.49095336,0.59381574,0.6277147,0.5256379,0.4993825,0.5331719,0.57067555,0.59880304,0.55587554,0.5585039,0.4944316,0.5122013,0.4707565,667
0.52951753,0.5979583,0.49401337,0.4197891,0.50495046,0.499511,0.49072102,0.43365973,0.46640307,0.40248176,0.41317606,0.47832623,0.46853042,0.44293332,668
0.54436076,0.5454067,0.49868318,0.4856091,0.475211,0.50811327,0.5346877,0.47884014,0.5302801,0.5343115,0.46845445,0.4425877,0.42427567,0.34417704,669
0.5578249,0.6726496,0.43842307,0.3001747,0.5030479,0.50735986,0.45501202,0.34474188,0.41242796,0.3264779,0.2834191,0.45622206,0.4410272,0.4197404,670
0.49469024,0.5491954,0.5326036,0.48324993,0.530505,0.49789992,0.4798797,0.47541368,0.5124264,0.4268579,0.45601448,0.5176869,0.512198,0.48122168,671
0.5105897,0.5501016,0.524949,0.48173606,0.52822906,0.49977753,0.49348956,0.47738743,0.49320197,0.42430392,0.46024987,0.5134266,0.5062475,0.48687494,672
0.5382173,0.5112492,0.52628124,0.57516116,0.45093963,0.5010386,0.57793856,0.5432833,0.56820005,0.6182725,0.5598244,0.42444298,0.41034523,0.30311465,673
0.49371412,0.52281016,0.5338969,0.50838053,0.53009963,0.4984937,0.48045444,0.4966891,0.5129155,0.4411782,0.47312734,0.53412503,0.51849854,0.4891174,674
0.5721078,0.55642986,0.5627933,0.58085537,0.46458355,0.48828265,0.6100671,0.53445256,0.57178026,0.5735638,0.52230346,0.4145833,0.44401774,0.36205703,675
0.5600774,0.57876563,0.5421937,0.5310037,0.477016,0.49858257,0.578666,0.50353676,0.54666823,0.53017366,0.48794562,0.42555195,0.44537917,0.38118753,676
0.5206371,0.5196729,0.5505799,0.55197614,0.5143048,0.49688467,0.53526926,0.52771825,0.53829706,0.500629,0.5172797,0.4978532,0.499364,0.45602256,677
0.54719007,0.5985988,0.49425927,0.43653184,0.4831268,0.50549114,0.5201017,0.44304928,0.49256805,0.4524424,0.40930948,0.45549688,0.44361168,0.38762105,678
0.5149301,0.54488206,0.5287468,0.4951223,0.5208247,0.49703866,0.5024736,0.4857469,0.5028035,0.4412278,0.46603414,0.50832343,0.50530493,0.4723162,679
0.49646688,0.56183815,0.47722697,0.40959832,0.510545,0.49964643,0.44024575,0.42490232,0.45695847,0.38773775,0.4082464,0.5066482,0.48057485,0.42393,680
0.5574026,0.59321237,0.47821704,0.3962363,0.50295395,0.51599044,0.5124314,0.4234951,0.49930692,0.46786532,0.35420465,0.46654812,0.43567216,0.3862165,681
0.5244909,0.53983885,0.54911333,0.5281091,0.53383505,0.5037106,0.5232099,0.5004353,0.5281602,0.45457152,0.48375696,0.49851775,0.50991493,0.49149963,682
0.5250256,0.5775196,0.5091602,0.44391605,0.51487,0.5017122,0.49394757,0.45464236,0.48640388,0.42524442,0.4225245,0.49317592,0.47819,0.45733136,683
0.5171285,0.55994874,0.5573532,0.5195393,0.53309244,0.49693438,0.5074344,0.50144297,0.5264765,0.44472465,0.4656562,0.5012801,0.5164996,0.50399476,684
0.51858675,0.5211279,0.54735595,0.5400188,0.52577657,0.49774206,0.5267175,0.5178475,0.52768457,0.47866753,0.51117283,0.5005666,0.5090632,0.48128253,685
0.51083595,0.5316283,0.5529974,0.550733,0.5088566,0.4968339,0.5241798,0.52179337,0.53995985,0.49505815,0.50209904,0.49780893,0.49736714,0.44653898,686
0.5661996,0.6152248,0.47550166,0.39928368,0.46888542,0.5121384,0.5273166,0.42550388,0.497348,0.4816694,0.36861613,0.43655655,0.41165283,0.3412,687
0.47709638,0.49215582,0.68815684,0.68698686,0.6188034,0.5104098,0.5081251,0.5945772,0.6747028,0.50876915,0.5518004,0.53559464,0.6027512,0.6824044,688
0.564252,0.52038985,0.51052827,0.5905622,0.39463916,0.49863723,0.61867845,0.55187756,0.58694816,0.68990284,0.57997334,0.35219395,0.33059725,0.19494481,689
0.5091652,0.5509467,0.5029486,0.4659493,0.5019136,0.4967554,0.4920404,0.47018608,0.48145223,0.43087548,0.46183446,0.4979094,0.47188827,0.43212444,690
0.5506087,0.5243905,0.51376975,0.547979,0.43768215,0.50586736,0.59119064,0.5272456,0.57483035,0.6289207,0.5359045,0.40497622,0.3750569,0.2615741,691
0.5357933,0.5255397,0.48133212,0.4959858,0.43793473,0.5106327,0.54789203,0.49887684,0.55140185,0.59835917,0.48973775,0.42977554,0.36661765,0.25364622,692
0.5567194,0.5640855,0.5837376,0.56360555,0.52295744,0.5009753,0.5777007,0.517124,0.5830931,0.5201389,0.48816147,0.45431405,0.49685726,0.47804046,693
0.55653465,0.61749285,0.4970677,0.40886664,0.5032016,0.5082134,0.5114844,0.42307913,0.49094543,0.429906,0.37063256,0.4612606,0.45608425,0.42438695,694
0.54209363,0.5331654,0.4828634,0.5045869,0.42423275,0.51045066,0.5506177,0.51030004,0.5522001,0.6201727,0.4811339,0.41849652,0.35227436,0.2355963,695
0.5271292,0.51569146,0.5923111,0.602625,0.52462643,0.5039077,0.56430733,0.5578404,0.61303324,0.57028776,0.53000706,0.47087356,0.48084146,0.4496805,696
0.49960276,0.53195965,0.5404258,0.51314086,0.5331443,0.49520883,0.4927277,0.49956617,0.51049316,0.43324888,0.47851133,0.52682257,0.51599383,0.49611828,697
0.5301824,0.5570264,0.49237844,0.4377367,0.48057204,0.5084637,0.50551724,0.45833528,0.5166278,0.4895306,0.40564927,0.4849699,0.42956495,0.3483182,698
0.5512306,0.5441024,0.5519747,0.57278407,0.4760248,0.49869487,0.5869365,0.53032917,0.57529294,0.57812154,0.5289569,0.42604047,0.44449192,0.3653597,699
0.48724416,0.53556687,0.5086598,0.4820131,0.51505035,0.5019218,0.47111645,0.48181626,0.47803903,0.42313477,0.4731626,0.5249202,0.49435914,0.45689473,700
0.56538945,0.6134014,0.4962218,0.42838678,0.4725855,0.51389545,0.54037035,0.44076556,0.52512103,0.5085909,0.38458356,0.425664,0.41275093,0.34611294,701
0.514639,0.528425,0.57867676,0.5851956,0.52499384,0.49613154,0.54145014,0.5365932,0.56178063,0.50985074,0.52834994,0.48677352,0.5070983,0.47742543,702
0.54574394,0.66352266,0.45901266,0.3135189,0.52356124,0.5043869,0.44317994,0.35037476,0.41368964,0.30726865,0.29381,0.4798395,0.47834292,0.4792051,703
0.5480763,0.58664435,0.47564864,0.41735002,0.47551987,0.51210636,0.5148229,0.44080943,0.5017201,0.4900784,0.3987366,0.45108506,0.41706568,0.35188383,704
0.55037004,0.5029805,0.52310234,0.6130827,0.40067765,0.4992157,0.61530095,0.5656701,0.59404373,0.68922687,0.6023301,0.3661967,0.33886072,0.20094746,705
0.52677065,0.561011,0.50553954,0.4634427,0.5074821,0.50512034,0.5067805,0.4630066,0.5023412,0.4540093,0.44146857,0.48520163,0.47119892,0.42189986,706
0.5352627,0.52559686,0.4901762,0.49135435,0.4553636,0.5116572,0.54504645,0.5002016,0.5533042,0.59069794,0.46551448,0.45525002,0.3868342,0.28502473,707
0.54023653,0.50230426,0.5438618,0.61102545,0.4407881,0.50301725,0.5891674,0.56674683,0.6010543,0.660382,0.5824915,0.399514,0.38873845,0.27468786,708
0.5668307,0.51751417,0.55048406,0.62878764,0.42252266,0.49163422,0.6318185,0.56586707,0.5978802,0.67412305,0.6100768,0.36238435,0.3766545,0.2566079,709
0.54161215,0.5962153,0.50538313,0.4303857,0.51107216,0.5040083,0.5063086,0.436504,0.48534232,0.42021385,0.4040359,0.47714055,0.47556952,0.4476698,710
0.55580956,0.5998121,0.48413482,0.3929693,0.49770638,0.5127863,0.5162017,0.428069,0.49536324,0.45245704,0.34864223,0.48758754,0.44723505,0.3987287,711
0.5057452,0.5279088,0.5267215,0.5012418,0.5262027,0.49922514,0.5020893,0.490615,0.50579226,0.44889632,0.48319113,0.5109141,0.5021583,0.4718822,712
0.57012224,0.5197514,0.5128683,0.5925196,0.38808522,0.49777034,0.624399,0.550982,0.58709216,0.6945359,0.5824027,0.34904942,0.32795897,0.18999785,713
0.5677183,0.57399964,0.4982925,0.49825493,0.43821052,0.5050476,0.5767532,0.48079747,0.543659,0.5907048,0.47790384,0.38681415,0.3817606,0.2765621,714
0.51682794,0.54519176,0.5594097,0.5389867,0.52179873,0.5026988,0.5230829,0.5174291,0.54746,0.48721203,0.47974214,0.4981579,0.4952762,0.46754083,715
0.54172987,0.5734143,0.5445245,0.51924866,0.48992434,0.5013719,0.5437415,0.5048325,0.541672,0.5016399,0.4658117,0.46015626,0.45691508,0.4154461,716
0.54860044,0.650337,0.45981795,0.33324564,0.50648326,0.5063999,0.46584558,0.3711481,0.4223591,0.33784226,0.32437858,0.47050104,0.46247265,0.44786423,717
0.5410409,0.59111917,0.49749315,0.447769,0.4818467,0.51406485,0.51513255,0.46530563,0.5174358,0.49471137,0.39619607,0.46586606,0.43388057,0.3707764,718
0.57059586,0.5996697,0.50102437,0.46547604,0.45522323,0.5061814,0.56694376,0.46046776,0.5257919,0.5333878,0.442208,0.40727532,0.41139063,0.32927674,719
0.47663012,0.5004926,0.56594574,0.55727607,0.55476415,0.5013676,0.4820237,0.52344894,0.5358256,0.44861227,0.5113112,0.5461751,0.54506886,0.53730166,720
0.51893145,0.54945207,0.5089356,0.49162114,0.48133174,0.5004203,0.51217705,0.4851234,0.5041587,0.4842588,0.47318888,0.47728053,0.45006534,0.38120186,721
0.5360648,0.50971794,0.49311674,0.54524326,0.4248397,0.506531,0.5667021,0.532813,0.5609168,0.64011717,0.5438024,0.4119669,0.3651335,0.2418708,722
0.5244866,0.5453266,0.504739,0.48872438,0.47882193,0.50135374,0.5212964,0.49448374,0.51064235,0.49690834,0.46503562,0.48106855,0.44261792,0.37060702,723
0.55164945,0.5958177,0.46248978,0.37920186,0.48628214,0.5160821,0.49416897,0.41572452,0.48216638,0.44651437,0.34219736,0.47840118,0.4214069,0.3610202,724
0.5562682,0.5812813,0.4566379,0.38697597,0.49211684,0.5189832,0.50502485,0.42153403,0.49083242,0.47173113,0.35142207,0.46751663,0.41930813,0.35158995,725
0.52019286,0.5479914,0.47911036,0.44251788,0.47792333,0.51122683,0.49423355,0.4659423,0.49690893,0.47926304,0.42417,0.48564667,0.42210102,0.34567237,726
0.56599617,0.5000768,0.49595776,0.65204054,0.3451515,0.50805146,0.65076375,0.58696944,0.6380836,0.7998676,0.64377445,0.27304298,0.24567513,0.10280409,727
0.5321818,0.5163319,0.52115136,0.54476017,0.46818554,0.50738144,0.5568472,0.5256796,0.5584523,0.5802886,0.5320834,0.44326666,0.4166508,0.32962933,728
0.57407284,0.5380003,0.5500792,0.6049448,0.43147573,0.4903205,0.6371654,0.54091966,0.58857,0.6401468,0.57150424,0.36827022,0.393993,0.27287146,729
0.54646176,0.547242,0.49277723,0.50370044,0.43200055,0.5082709,0.56440234,0.49858394,0.5504789,0.5998143,0.48891124,0.41134128,0.36657542,0.25510824,730
0.55611914,0.5197364,0.47898686,0.5447934,0.39742723,0.5158941,0.59472287,0.52604926,0.5896162,0.6977205,0.5330825,0.360906,0.3089914,0.1743077,731
0.54697275,0.56820494,0.51519954,0.5015385,0.4687889,0.5012598,0.55326194,0.4832793,0.53459203,0.52681744,0.47017166,0.4393195,0.43714017,0.34718525,732
0.5452309,0.58147925,0.4649209,0.3976742,0.49823552,0.51643133,0.5027903,0.42460993,0.49023998,0.47097424,0.3805756,0.45736253,0.42730233,0.3724211,733
0.50961334,0.55715877,0.5269695,0.48517624,0.51483244,0.49457213,0.49017742,0.48344222,0.49209282,0.41894576,0.45769185,0.5117186,0.5023119,0.47089615,734
0.5586983,0.62502056,0.4709301,0.35447842,0.5142258,0.51055,0.49413466,0.39236152,0.4601611,0.3937564,0.3122899,0.48360732,0.45790955,0.43044913,735
0.55360645,0.63560855,0.524179,0.42070442,0.52177644,0.5023046,0.5153733,0.42336667,0.48572907,0.3867597,0.38270566,0.47116,0.4964818,0.49036497,736
0.56947756,0.52937514,0.47900826,0.5362964,0.38314644,0.513025,0.6059639,0.5185856,0.5946183,0.71333677,0.5187574,0.3405568,0.28795257,0.1537184,737
0.5583779,0.51173395,0.5076328,0.58712244,0.40232638,0.5017202,0.61136526,0.5528771,0.5889347,0.68807864,0.5853878,0.36088887,0.33097124,0.20250852,738
0.547598,0.657264,0.49637508,0.3700656,0.5086577,0.49777696,0.48321736,0.3902383,0.4527541,0.34588557,0.34633294,0.46845233,0.4784323,0.4663648,739
0.53572404,0.5740916,0.5226393,0.46712866,0.509568,0.5043338,0.5155382,0.46170792,0.51801586,0.45597735,0.42750973,0.4800178,0.47420937,0.43675822,740
0.5174581,0.58205783,0.56747085,0.50202554,0.55662036,0.5027097,0.49363372,0.47970462,0.5251803,0.40812477,0.44096544,0.5018686,0.5346089,0.56541455,741
0.55153126,0.5780999,0.5027387,0.47686157,0.46485645,0.5048336,0.54537976,0.47054607,0.52862525,0.52336603,0.44245842,0.424207,0.40772504,0.32425705,742
0.5524512,0.51851016,0.51575315,0.5769406,0.42010656,0.49763256,0.59526986,0.54870254,0.57542664,0.6540007,0.55527633,0.39296305,0.36404434,0.24081554,743
0.49354315,0.5358979,0.5543788,0.5269589,0.538913,0.49862915,0.48944068,0.5033127,0.5222537,0.44252956,0.4814063,0.5238045,0.5278733,0.51171273,744
0.55829597,0.5329729,0.5402949,0.5633582,0.4639318,0.5041808,0.59471536,0.52935576,0.5875116,0.61824167,0.52882993,0.41108903,0.41175953,0.3183518,745
0.512818,0.5677612,0.5035317,0.4553673,0.49978557,0.4984931,0.48517445,0.4625248,0.48185855,0.42646664,0.43647873,0.501365,0.47492567,0.43151763,746
0.5335637,0.6334877,0.47511092,0.36116838,0.50595534,0.5015537,0.45858184,0.39135602,0.4404952,0.34905168,0.34011513,0.48846558,0.4633467,0.4435233,747
0.5174664,0.5691213,0.5006864,0.4377889,0.51136684,0.5009064,0.48304647,0.44813913,0.478303,0.410615,0.420717,0.50863177,0.4802089,0.45204937,748
0.54166526,0.60661936,0.48800826,0.39248788,0.5150483,0.5123707,0.48711085,0.41628048,0.47421065,0.40413296,0.36454245,0.48226678,0.463001,0.44317642,749
0.5257132,0.50366426,0.55018556,0.6015337,0.4568049,0.49795467,0.563022,0.5623172,0.5903112,0.614168,0.5523248,0.43758512,0.41804016,0.31139544,750
0.5097806,0.49776608,0.58473784,0.59657365,0.5351103,0.49887672,0.5378509,0.55595624,0.57715523,0.51626,0.53322476,0.5164525,0.52022463,0.49193123,751
0.54485255,0.5428464,0.49826735,0.48855656,0.47071362,0.5110671,0.5499225,0.489002,0.54007643,0.5581923,0.47274998,0.4461791,0.41819847,0.33194873,752
0.51809824,0.55122924,0.53445673,0.5092312,0.51196903,0.5006477,0.5111161,0.48687923,0.5212906,0.46546704,0.46954787,0.4914729,0.48446822,0.44190964,753
0.49913734,0.51698077,0.5185939,0.50158054,0.5251753,0.5000026,0.48853672,0.48707375,0.4996772,0.44378394,0.48972687,0.5171537,0.5071964,0.4635663,754
0.50008416,0.54349285,0.5608803,0.5207617,0.5465182,0.49702787,0.48999882,0.49738932,0.5190963,0.42038935,0.47474077,0.5272638,0.5331249,0.53450197,755
0.54642624,0.56182325,0.5556371,0.5545666,0.4857401,0.49801764,0.57321554,0.51362395,0.5580759,0.53846496,0.5074848,0.43306002,0.45691398,0.39084476,756
0.55678207,0.5290847,0.5296851,0.58388954,0.43685114,0.49807784,0.60296947,0.53629386,0.57744294,0.642171,0.5588524,0.38742176,0.39058357,0.27269983,757
0.55662405,0.65354234,0.44424108,0.32016724,0.4944632,0.5079938,0.46481287,0.36289755,0.42613754,0.3508734,0.3075257,0.45638826,0.43273076,0.40205327,758
0.5494519,0.51628214,0.5433248,0.60923755,0.4334775,0.49514347,0.6074007,0.55809206,0.58877623,0.6477241,0.57963264,0.39020506,0.3864304,0.26457632,759
0.5023732,0.5638635,0.5563764,0.5000554,0.5558782,0.49931774,0.47561002,0.47784048,0.5168007,0.39192367,0.44762814,0.5243911,0.5425765,0.5620052,760
0.56947523,0.544482,0.5376125,0.5885502,0.4309833,0.5038071,0.61860836,0.53071743,0.6057594,0.66755337,0.54467463,0.35499024,0.36069593,0.24339357,761
0.54636943,0.5244044,0.55897397,0.59245473,0.48585325,0.49754024,0.586585,0.54147804,0.5834331,0.58672166,0.5475803,0.43234485,0.45682958,0.3831058,762
0.5153288,0.50494915,0.55357516,0.58422494,0.4939921,0.50420505,0.5427849,0.54536015,0.576834,0.5609008,0.5400106,0.47073886,0.46052974,0.39389145,763
0.54651845,0.56279165,0.54891354,0.53904504,0.49047455,0.504804,0.5616051,0.5106731,0.561815,0.535461,0.48921347,0.44082564,0.45109782,0.3992122,764
0.56159145,0.5480735,0.47673428,0.5144806,0.39933282,0.51462203,0.5768328,0.5072182,0.5602624,0.6520509,0.4940445,0.36811906,0.32302704,0.19339572,765
0.5560022,0.528013,0.48125646,0.4977052,0.42410833,0.5166299,0.57367074,0.5018383,0.5800726,0.6575277,0.4834421,0.39500216,0.3346295,0.21719536,766
0.5661224,0.57615006,0.58023167,0.5641217,0.5040608,0.49831873,0.5961397,0.5073709,0.5817325,0.5361244,0.49104124,0.42646506,0.47087163,0.42852998,767
0.5247755,0.5518005,0.52520555,0.49680087,0.5084235,0.49942043,0.52254885,0.48610327,0.51065975,0.46573725,0.48428842,0.47544587,0.4771666,0.43972194,768
0.50955266,0.5249576,0.5094125,0.49559644,0.5096649,0.5019524,0.4986533,0.4882594,0.49978217,0.46678072,0.48487252,0.5014289,0.48441765,0.4322776,769
0.54842657,0.5136002,0.5564722,0.60867155,0.45600525,0.492065,0.6002796,0.5634702,0.5856293,0.6169153,0.5702936,0.4287852,0.4289686,0.3216357,770
0.48950604,0.49727634,0.60306823,0.59357345,0.57516,0.49973837,0.5019318,0.54268837,0.56701964,0.45045668,0.5234715,0.5444288,0.5670578,0.5858505,771
0.5370635,0.5932886,0.4443068,0.37000394,0.49113157,0.5093423,0.46842268,0.40496328,0.4499855,0.4142562,0.35084495,0.47125363,0.4256559,0.3627482,772
0.55132896,0.6065379,0.45473376,0.3688204,0.49375027,0.51140827,0.48517966,0.40435246,0.46346095,0.42577198,0.33786672,0.46553627,0.42805827,0.37612012,773
0.5544004,0.7052191,0.44766957,0.2752796,0.5256669,0.5025554,0.43502986,0.31638417,0.38098252,0.2615096,0.26054996,0.46071786,0.47434923,0.49337602,774
0.5601312,0.53781897,0.5275568,0.58338517,0.4265486,0.502912,0.6089237,0.53337914,0.591199,0.66073585,0.5555573,0.36281088,0.36560544,0.24409796,775
0.5804978,0.79220206,0.450012,0.21173368,0.5268942,0.4904607,0.4241192,0.26741168,0.33938265,0.18655312,0.18018158,0.4612157,0.50242037,0.5556863,776
0.54881054,0.6146727,0.46406254,0.3626328,0.4990914,0.5099424,0.4786249,0.40241385,0.46324125,0.405341,0.32302356,0.48676664,0.44235262,0.39782473,777
0.5243451,0.53480226,0.5361026,0.51792383,0.5124235,0.5010724,0.52279514,0.49928933,0.5253299,0.48057744,0.48151585,0.49271137,0.4881149,0.44133815,778
0.5602196,0.61043745,0.46200642,0.3836879,0.47251278,0.5118224,0.5067457,0.4142569,0.47822675,0.4472206,0.36106807,0.4477444,0.40961143,0.34408203,779
0.5629153,0.5051882,0.51728714,0.63698196,0.37648967,0.5008712,0.638304,0.5787157,0.62013495,0.7499166,0.6354327,0.31081045,0.29568958,0.15529051,780
0.5717922,0.5163185,0.5409216,0.63665235,0.39861223,0.49254397,0.6477096,0.5688087,0.6077223,0.7062574,0.62309194,0.33261904,0.33864933,0.20371027,781
0.5442649,0.5353673,0.52018476,0.5636032,0.44176623,0.5005177,0.5757778,0.53034884,0.5683789,0.61944973,0.53083813,0.4025301,0.3943162,0.2808909,782
0.5611991,0.5262629,0.501735,0.53836256,0.42207175,0.505875,0.5909572,0.52682054,0.5648816,0.63923687,0.5245863,0.3978699,0.36495388,0.24280906,783
0.5068475,0.5185498,0.54610246,0.54835415,0.5150552,0.50542665,0.5207394,0.51858443,0.54674435,0.5071052,0.50803185,0.49245542,0.4832575,0.43598437,784
0.5489261,0.65169907,0.43067726,0.31111816,0.50013196,0.50739604,0.44662434,0.35163,0.4088629,0.33581108,0.29466963,0.45624965,0.4331642,0.39902672,785
0.52415025,0.5725017,0.49621084,0.44107032,0.49859634,0.5002675,0.49256548,0.45428938,0.4749694,0.42535478,0.43237734,0.4898359,0.46809298,0.4283467,786
0.56885284,0.5112159,0.5350417,0.6449574,0.38560057,0.49896136,0.6492522,0.57576555,0.63573235,0.7467371,0.63358533,0.30545136,0.30082077,0.16745803,787
0.51821595,0.5628135,0.5591608,0.5229244,0.52734643,0.49284244,0.50960135,0.49513337,0.52194893,0.43894294,0.46817145,0.50332314,0.5182989,0.5030743,788
0.50058305,0.5441182,0.5447514,0.5036794,0.5388649,0.49224147,0.48199388,0.49084324,0.50325096,0.4071733,0.46591195,0.53096294,0.5285203,0.5201696,789
0.5398366,0.5494853,0.46329293,0.4442108,0.45098758,0.5107314,0.5166626,0.4640957,0.502006,0.52525204,0.43552586,0.4473377,0.3840091,0.28752393,790
0.53753984,0.6197792,0.46980527,0.35697702,0.52017105,0.50151885,0.4546949,0.39182836,0.44502547,0.35472232,0.3139282,0.5095111,0.47831494,0.4576135,791
0.54519475,0.6324067,0.47115916,0.35627174,0.5187541,0.509177,0.4696082,0.39627635,0.44997942,0.37264556,0.32079014,0.4923509,0.47394204,0.46510604,792
0.51268786,0.60254997,0.49492288,0.39745182,0.53447217,0.5069296,0.44337055,0.41989455,0.45662478,0.360619,0.3684776,0.5107105,0.49089947,0.50116384,793
0.51870984,0.5413623,0.49731117,0.47820297,0.48869237,0.4993112,0.5083733,0.48204035,0.48875275,0.46488684,0.4750851,0.48919973,0.46089897,0.39998573,794
0.53979856,0.60774237,0.4929974,0.39883268,0.5093138,0.50910866,0.49125767,0.4285532,0.47862437,0.40964118,0.3559663,0.502269,0.4721816,0.44340312,795
0.47952867,0.50986904,0.5629108,0.5461621,0.55254346,0.50066304,0.47225255,0.5203253,0.53135544,0.4368889,0.48975033,0.5483223,0.5469744,0.54331243,796
0.48033258,0.48829976,0.7271875,0.72084475,0.66187334,0.51396066,0.52693933,0.61236703,0.707576,0.48267192,0.56455743,0.54747635,0.63989085,0.76392627,797
0.5119443,0.5748579,0.5205207,0.45495984,0.526134,0.50061697,0.48032394,0.46241584,0.48260543,0.40566537,0.43107557,0.50875175,0.49704036,0.4915978,798
0.5044896,0.5340768,0.5734003,0.5495056,0.54542774,0.49681953,0.508359,0.5157382,0.53663325,0.45083746,0.49504915,0.5180661,0.53804696,0.5291031,799
0.5512563,0.54652,0.55360174,0.569992,0.47346288,0.50694597,0.5802158,0.5282378,0.5926309,0.59310526,0.5066918,0.416904,0.41580734,0.3377487,800
0.50572044,0.5376844,0.5870302,0.5583943,0.5590475,0.4986165,0.5065683,0.5203294,0.5514224,0.44599825,0.48289397,0.5271015,0.5524831,0.5629748,801
0.53419363,0.5646457,0.52845705,0.4910523,0.50501114,0.5020185,0.52567375,0.4746743,0.5241887,0.4716348,0.453894,0.4738047,0.47148764,0.42178676,802
0.55567324,0.5550636,0.56801015,0.57414937,0.5008715,0.49900764,0.57543343,0.5261118,0.57858574,0.5486588,0.5129938,0.43274578,0.47478807,0.43464246,803
0.56550133,0.5475221,0.55117035,0.5850095,0.45524183,0.5025241,0.6082396,0.5288438,0.59207666,0.6197512,0.5439095,0.38551447,0.40433463,0.31170788,804
0.51599413,0.559608,0.5063423,0.4743637,0.49374524,0.5077355,0.49390325,0.4752483,0.5156656,0.4889493,0.4464098,0.47175458,0.4402685,0.38844478,805
0.5169306,0.53959435,0.5471535,0.52674425,0.51717216,0.50244457,0.52269,0.5056418,0.53795505,0.48766735,0.48588037,0.49030933,0.48339686,0.45064104,806
0.5163323,0.5349125,0.5306732,0.50385356,0.5237599,0.4965126,0.50889796,0.49306607,0.50599277,0.44979304,0.47993785,0.50301826,0.50050384,0.47217807,807
0.52956504,0.61844677,0.5410742,0.43192482,0.5580788,0.5040583,0.48153558,0.4371473,0.48640892,0.35941568,0.3793059,0.5079424,0.52823585,0.56426066,808
0.5416828,0.5178351,0.46980065,0.477809,0.4409981,0.5173195,0.5458118,0.49084926,0.5526964,0.60668087,0.46727538,0.43375382,0.35552356,0.24343532,809
0.49839553,0.5160698,0.5774574,0.57169485,0.54459655,0.49939123,0.51503235,0.53291845,0.5598585,0.48493695,0.51562506,0.50881785,0.52014846,0.5112168,810
0.5300916,0.5460932,0.5179914,0.4869011,0.5008146,0.5131933,0.52021694,0.48615137,0.5340743,0.50622606,0.45515862,0.47664472,0.4501535,0.40329298,811
0.46744218,0.5279253,0.5874011,0.53032047,0.59591,0.5052754,0.43324468,0.4975416,0.5492611,0.39016324,0.44902992,0.56299,0.5818017,0.628024,812
0.5630303,0.58990383,0.4698038,0.39589772,0.48324937,0.5191511,0.5202398,0.43096015,0.5061813,0.4916435,0.34244087,0.46963903,0.41878644,0.34672415,813
0.4879156,0.55163574,0.56631696,0.51893705,0.55745095,0.49862853,0.47431505,0.49450392,0.5273364,0.40761214,0.4536,0.5406308,0.5463427,0.56237674,814
0.56239414,0.5391225,0.4985229,0.54804,0.40828454,0.5033384,0.5949509,0.5201122,0.5641137,0.64670426,0.53860366,0.36782578,0.34356442,0.21725905,815
0.5222738,0.49759984,0.5489251,0.5947778,0.4731378,0.5070896,0.5644526,0.5542528,0.5899178,0.61329377,0.5620553,0.44238213,0.42195955,0.33296308,816
0.5568495,0.6541015,0.4540589,0.32969096,0.4930383,0.507534,0.47452256,0.37273565,0.4337405,0.35918355,0.30767265,0.46339315,0.44064164,0.4084499,817
0.5657665,0.5098964,0.51993835,0.63077873,0.37701014,0.49889845,0.640751,0.56812954,0.6157497,0.734837,0.62949675,0.31490415,0.29800916,0.15810171,818
0.5063261,0.52947974,0.6068237,0.58616257,0.56446743,0.49337754,0.51777726,0.5387906,0.56371313,0.44642824,0.5088733,0.5253413,0.5571067,0.5800008,819
0.556587,0.50103074,0.5224573,0.63757414,0.3693027,0.49359643,0.6356788,0.5803231,0.61471844,0.7373475,0.6323215,0.3253936,0.29943323,0.15170287,820
0.5072319,0.52331835,0.54447967,0.52389437,0.53076506,0.49583793,0.5148392,0.5015005,0.517044,0.45714515,0.5020929,0.50846523,0.5078736,0.47919765,821
0.55844176,0.51432806,0.59753656,0.65683323,0.47139373,0.48677447,0.6294088,0.5774865,0.6172116,0.624658,0.6045599,0.40582302,0.4386523,0.34967545,822
0.5592698,0.5232391,0.53740025,0.6051127,0.42732403,0.5028224,0.6180597,0.5456667,0.6057816,0.67191905,0.57089454,0.3681169,0.36420605,0.2365515,823
0.53703386,0.5222198,0.5372558,0.56415313,0.47052944,0.4951634,0.56559664,0.529958,0.5619694,0.56772166,0.5284484,0.44944483,0.44647875,0.34926945,824
0.5432659,0.58122504,0.4997978,0.42097884,0.5101449,0.5103147,0.50787425,0.44098258,0.5104017,0.4556239,0.3754626,0.49482757,0.46005994,0.42118856,825
0.5382374,0.56018513,0.5962444,0.57280815,0.5365466,0.49679798,0.56392974,0.5244624,0.5819267,0.49547905,0.48855555,0.47827715,0.51697034,0.5112566,826
0.55627537,0.50003964,0.5168727,0.6328896,0.36710635,0.49484134,0.6323298,0.57655364,0.6097777,0.7346206,0.6311463,0.32508174,0.29834372,0.14950041,827
0.55600554,0.54810643,0.5246704,0.5408187,0.45752934,0.5032041,0.5806986,0.51796526,0.5572243,0.5862708,0.5124419,0.41686442,0.41433057,0.32149395,828
0.5633828,0.6756868,0.44373727,0.29354924,0.5079477,0.50565034,0.45511347,0.34033662,0.4102144,0.31633365,0.26599872,0.46598357,0.4487591,0.42999417,829
0.5542959,0.64461094,0.48828954,0.38084668,0.50671065,0.4999962,0.4940172,0.39882264,0.44706044,0.3652334,0.36209035,0.46081632,0.47882357,0.4511239,830
0.5128815,0.5463472,0.54302794,0.50707847,0.53553295,0.4977417,0.50225973,0.49421972,0.50837445,0.4343711,0.47381076,0.51003224,0.5177472,0.50377846,831
0.5643911,0.506066,0.5112487,0.6292028,0.36552858,0.4963579,0.6397251,0.57067436,0.60928303,0.7415136,0.6361499,0.3098252,0.28950703,0.14596906,832
0.5663622,0.61882526,0.48296368,0.40089175,0.48950768,0.51344806,0.52157956,0.4207092,0.49822304,0.4653296,0.35697207,0.4445285,0.43136027,0.3759074,833
0.5388659,0.6238948,0.46107638,0.35650167,0.4882823,0.5047266,0.47093368,0.39280593,0.4401858,0.37142622,0.3577448,0.47342402,0.4406474,0.40181974,834
0.54758924,0.62630266,0.4632598,0.3609665,0.50307167,0.5081746,0.47985533,0.39205912,0.45606408,0.39013135,0.33863828,0.46613953,0.44725007,0.40920845,835
0.5021888,0.5237344,0.63592184,0.61079115,0.59816694,0.50005955,0.5168795,0.5570623,0.5914465,0.43713346,0.5016681,0.55373055,0.5894813,0.645312,836
0.5243948,0.5889406,0.53604877,0.46304047,0.53133523,0.5062984,0.49824452,0.46049273,0.5001368,0.41547152,0.421307,0.49833614,0.502544,0.49609846,837
0.50326025,0.55322456,0.5116512,0.46603325,0.5122328,0.50038874,0.4724521,0.47575656,0.48497215,0.41627833,0.4417795,0.51945585,0.48601082,0.45357287,838
0.52122235,0.55130666,0.5488406,0.52991545,0.5085735,0.49664465,0.526363,0.50273025,0.52786314,0.4683092,0.48449302,0.48790136,0.48687437,0.4451511,839
0.5556612,0.6605118,0.44023326,0.30171272,0.5165869,0.5074447,0.45185453,0.34398347,0.41003543,0.32458678,0.2847818,0.4638867,0.45462838,0.44135958,840
0.56379807,0.5536067,0.4806064,0.5208059,0.40003616,0.5086805,0.58417356,0.5097045,0.55931616,0.6467757,0.50398684,0.3647187,0.3223877,0.19702713,841
0.5545209,0.5982078,0.5456972,0.5057232,0.4978672,0.49576673,0.55839294,0.4763602,0.5216816,0.4626181,0.45959353,0.44920534,0.48250145,0.43900728,842
0.5527468,0.4992906,0.52202266,0.63675857,0.385944,0.49893108,0.6245545,0.5848683,0.60933566,0.730597,0.63177335,0.33872667,0.31764925,0.17520407,843
0.51603156,0.51431274,0.5257293,0.5260476,0.5065307,0.49452484,0.52176005,0.5082474,0.5192041,0.48866835,0.5080225,0.49656537,0.48570612,0.4298049,844
0.5775043,0.52549106,0.539875,0.6182962,0.40729615,0.48979995,0.6463287,0.55389744,0.5966296,0.6819236,0.600995,0.34315842,0.35692036,0.2267524,845
0.5326155,0.54547364,0.58354205,0.57909864,0.5231784,0.50416154,0.5560587,0.5363362,0.5869353,0.52985084,0.50055236,0.47306627,0.49097085,0.465134,846
0.5354151,0.53053373,0.47997668,0.48110574,0.4414438,0.51037997,0.5386942,0.4923642,0.5460062,0.58611375,0.4693288,0.44082063,0.369703,0.26318365,847
0.55859756,0.6075522,0.5050648,0.43356764,0.48968285,0.5124057,0.53116155,0.44187817,0.52245903,0.48513207,0.38652015,0.445932,0.43514335,0.3825964,848
0.56195027,0.588845,0.46864238,0.3962823,0.48109862,0.5149935,0.5213586,0.4311009,0.5045018,0.49276972,0.34833497,0.46765956,0.41611892,0.3409621,849
0.52831,0.49248967,0.5147842,0.56005985,0.45246133,0.5130522,0.5610895,0.5472351,0.58449745,0.63964635,0.5306157,0.4387464,0.38507968,0.2712427,850
0.52064514,0.5240598,0.5672831,0.5879288,0.49613518,0.49699178,0.550394,0.5449197,0.5680208,0.5413864,0.5371845,0.4703955,0.47784525,0.4148484,851
0.5173013,0.51308155,0.5079574,0.5170524,0.5040793,0.5143753,0.51917326,0.50332206,0.5266393,0.5141851,0.4914847,0.48994243,0.46489778,0.3912143,852
0.5192693,0.5486389,0.6097444,0.5741733,0.5769504,0.49751508,0.52434117,0.52932256,0.5735267,0.44050875,0.49057204,0.5162548,0.55880606,0.59968174,853
0.5263438,0.54312116,0.5092248,0.4996894,0.47611126,0.496961,0.5251589,0.49614975,0.5044514,0.48761252,0.48350635,0.47676438,0.44917455,0.375819,854
0.5392192,0.6047484,0.5402901,0.45252764,0.54331446,0.5087428,0.5075744,0.4463755,0.5125837,0.41152927,0.3924862,0.49231908,0.5140628,0.52231884,855
0.49240792,0.54694587,0.5488925,0.50423944,0.5378261,0.4949006,0.46502355,0.49887863,0.5005579,0.4000172,0.4547567,0.53919226,0.5285389,0.5234689,856
0.5743402,0.5217407,0.5462845,0.6312203,0.41443422,0.49618518,0.6437075,0.55846465,0.61411077,0.6996,0.61195797,0.33290863,0.35479972,0.22604993,857
0.48938552,0.53204745,0.5512952,0.5197178,0.54703265,0.5027781,0.4765582,0.49947032,0.5180783,0.4251145,0.47419038,0.535353,0.532551,0.52282906,858
0.56041014,0.5912034,0.46906424,0.40132686,0.46789438,0.5145984,0.522122,0.43029717,0.50473505,0.494054,0.37810162,0.44689614,0.3974078,0.32301006,859
0.5035954,0.5303282,0.6077454,0.58017564,0.57488096,0.50098366,0.5056067,0.5357557,0.57073563,0.44240078,0.4863475,0.54081297,0.56978405,0.5978022,860
0.48894778,0.5178288,0.52693284,0.5079785,0.53256994,0.5087248,0.4758643,0.4970055,0.51617396,0.45500097,0.4771159,0.526774,0.5068835,0.47585037,861
0.5651774,0.5081986,0.5254247,0.645011,0.37776646,0.50164324,0.64719164,0.5775259,0.6322744,0.7539423,0.6354471,0.30390957,0.29100415,0.1528355,862
0.5021327,0.54375243,0.5373092,0.5053058,0.52388686,0.49643713,0.4959437,0.49335194,0.5010942,0.43190113,0.4814918,0.5114259,0.49901393,0.47986674,863
0.5391037,0.62885636,0.46214885,0.35299695,0.4930786,0.50682425,0.4634419,0.3948387,0.43606278,0.3658831,0.3396366,0.48064628,0.44533587,0.4165857,864
0.56975144,0.6120158,0.474571,0.41550052,0.44335032,0.51287645,0.54375964,0.43717873,0.51768833,0.5268606,0.3826831,0.41189927,0.37307298,0.28222784,865
0.5223016,0.565442,0.5192301,0.46594617,0.5243489,0.49861103,0.50251144,0.4616404,0.48704782,0.41527927,0.44860417,0.49501953,0.4957605,0.47811428,866
0.5423295,0.6406285,0.4376411,0.32232347,0.49915123,0.5075215,0.45653778,0.36332482,0.42688578,0.35274515,0.31315893,0.46420172,0.43711093,0.3913113,867
0.5659018,0.6001039,0.5223213,0.49446705,0.4614871,0.49837583,0.5707265,0.4691791,0.5347265,0.52405995,0.45391575,0.4070868,0.4211625,0.33793902,868
0.5548146,0.56277484,0.5529618,0.5601973,0.47881025,0.4957263,0.58224523,0.51385045,0.5581142,0.55140936,0.5144605,0.41877,0.44930246,0.37736934,869
0.55708605,0.5386816,0.54788995,0.5918404,0.44545636,0.49967596,0.60341495,0.54099417,0.5961708,0.6362571,0.54423064,0.38703495,0.39274922,0.28610516,870
0.54090774,0.6305224,0.44718578,0.33280745,0.50868195,0.50525343,0.44965595,0.36766404,0.4239241,0.34471768,0.3193378,0.46720746,0.4433369,0.4119625,871
0.5206022,0.5760778,0.50639904,0.44801524,0.50621295,0.50296474,0.49400815,0.4572906,0.48447707,0.42691508,0.4242139,0.4984129,0.4738147,0.43924835,872
0.5487087,0.58794945,0.46867114,0.3943346,0.4930699,0.51239246,0.49725786,0.42579362,0.48258337,0.45050138,0.36024237,0.4786463,0.43663937,0.37807024,873
0.5522873,0.6770852,0.473216,0.3242645,0.5243363,0.5045391,0.46159884,0.3531022,0.41845497,0.31358382,0.31347042,0.45467567,0.4782968,0.49148172,874
0.48629895,0.48846233,0.6228238,0.6313032,0.58072513,0.4986271,0.51141846,0.5671388,0.59015024,0.4738767,0.55222875,0.5395748,0.5720801,0.5928486,875
0.54636884,0.5967682,0.4721204,0.39739457,0.4835423,0.5135906,0.499496,0.43324047,0.48779473,0.45227614,0.35153326,0.48022225,0.43085578,0.36332116,876
0.5388982,0.51359594,0.5282522,0.5831875,0.44196272,0.50050926,0.57415414,0.5450252,0.57488245,0.61925,0.5481611,0.41878,0.39881426,0.27496615,877
0.52065843,0.49422783,0.57706225,0.6136579,0.5086858,0.49355948,0.56200385,0.5636465,0.57904273,0.55220485,0.56457895,0.48472646,0.49729046,0.43357143,878
0.54102224,0.52387583,0.55124485,0.59542906,0.46376905,0.50434536,0.5852103,0.5494885,0.5902244,0.6211451,0.5518591,0.41516447,0.41543332,0.32080212,879
0.47838318,0.5394082,0.5996025,0.5557003,0.58397436,0.49972048,0.46946132,0.5160965,0.54830694,0.40041617,0.471252,0.556219,0.5834275,0.62625444,880
0.5440874,0.5272811,0.54832554,0.5782456,0.46093047,0.5002699,0.58508223,0.5423288,0.587908,0.61444336,0.5304907,0.42668673,0.41681612,0.32022518,881
0.5402097,0.6164881,0.46811166,0.37524533,0.49827862,0.50881857,0.48282653,0.40703553,0.45742413,0.39504856,0.36602762,0.46652612,0.44147003,0.40580243,882
0.5055185,0.56458795,0.60842586,0.5512083,0.58469284,0.49729118,0.49591285,0.512806,0.55945045,0.40238523,0.44982865,0.5435801,0.58345085,0.6297019,883
0.52810544,0.5620002,0.5516898,0.50253946,0.5310443,0.5003813,0.5208117,0.48382813,0.52945524,0.45130304,0.45567793,0.49767193,0.5085029,0.4899853,884
0.5765441,0.5482625,0.5511281,0.590298,0.44731066,0.49188426,0.63123405,0.52934617,0.5794646,0.6102556,0.5498509,0.38540968,0.41481718,0.309866,885
0.5168342,0.505514,0.57184017,0.584383,0.5197565,0.49249053,0.543598,0.5443141,0.5527758,0.4998589,0.5348645,0.50742304,0.5097823,0.46767166,886
0.5501109,0.6028872,0.5084502,0.43495706,0.5031297,0.5070301,0.5216092,0.4416206,0.49915433,0.43809107,0.38870236,0.47502935,0.47795156,0.4250118,887
0.5458009,0.5322758,0.5521833,0.56349903,0.4827828,0.50757223,0.57505894,0.5311539,0.5861815,0.59327465,0.51479197,0.4380798,0.43660977,0.36425102,888
0.54017645,0.6227942,0.47022933,0.37062883,0.5092532,0.50608474,0.4719784,0.3939264,0.44749898,0.3789048,0.36304927,0.46216854,0.4595942,0.43499893,889
0.50908476,0.52912855,0.56382155,0.54428434,0.5378963,0.50216556,0.5205307,0.51488566,0.5405664,0.4751753,0.50830764,0.50104535,0.51184547,0.50368434,890
0.55306387,0.56301105,0.54408383,0.5312144,0.4801442,0.50451165,0.56338775,0.5146578,0.5717411,0.5575109,0.4653466,0.44102037,0.43493044,0.3667508,891
0.54491776,0.5197554,0.5303182,0.5762475,0.45549455,0.5080888,0.5825635,0.5394831,0.5960466,0.6372906,0.52836937,0.4093483,0.38893005,0.27979925,892
0.5023306,0.5408135,0.5399627,0.5200156,0.52302164,0.50137,0.4995347,0.5012368,0.52538544,0.46768793,0.47718555,0.50754386,0.5035425,0.4714764,893
0.5503161,0.5468943,0.5531984,0.56334615,0.48713472,0.50193954,0.579949,0.52356136,0.56641173,0.55232674,0.5118003,0.44293708,0.4567081,0.3906922,894
0.492487,0.5030781,0.59921074,0.58979136,0.56648636,0.4987397,0.501967,0.5429317,0.567952,0.45710742,0.51561856,0.54225576,0.55986613,0.5674882,895
0.55287766,0.5241592,0.5411712,0.5856264,0.4556921,0.50578016,0.59624475,0.543947,0.598056,0.6404113,0.5502056,0.4018737,0.40252274,0.30099988,896
0.50289905,0.606124,0.50852734,0.41783836,0.51965207,0.49707642,0.4435657,0.43625906,0.44885167,0.35030413,0.39134923,0.5194826,0.501124,0.50018704,897
0.53559613,0.5905795,0.54335153,0.47332707,0.5282727,0.50273395,0.51345,0.45928508,0.52058697,0.42749566,0.42523912,0.48550984,0.5023145,0.49297625,898
0.49581555,0.53884137,0.56253725,0.5352807,0.543368,0.49377504,0.49068382,0.5077608,0.52491766,0.42896414,0.47808447,0.53004336,0.5394741,0.5333921,899
0.57785106,0.55915046,0.56392026,0.5905483,0.46010396,0.48792037,0.6280096,0.5280218,0.5768124,0.58287424,0.5440867,0.39030778,0.4353202,0.34870958,900
0.53119045,0.5086014,0.5221708,0.54925615,0.46427992,0.513238,0.5599812,0.5302469,0.5814507,0.61604416,0.523676,0.43753287,0.40026128,0.30492717,901
0.56162155,0.50456524,0.5192539,0.64133686,0.3737933,0.499437,0.64329606,0.5807508,0.6207103,0.75054145,0.63782793,0.3122109,0.2940983,0.15090382,902
0.55645645,0.4985776,0.51381105,0.63622564,0.3629351,0.49472934,0.6321251,0.5824885,0.6121045,0.7452856,0.63327974,0.3213669,0.2915419,0.14309762,903
0.5469184,0.59986115,0.45706007,0.37900004,0.4869662,0.5113494,0.4883587,0.41264522,0.46946788,0.4333687,0.3521396,0.46466312,0.4209971,0.35829335,904
0.5453009,0.5642498,0.5078305,0.50145686,0.4609981,0.50783896,0.5537478,0.48747906,0.5503276,0.5647373,0.47014925,0.41941696,0.39864767,0.30606502,905
0.5160684,0.5383109,0.5228246,0.5171109,0.4859335,0.5100368,0.51472723,0.5142145,0.5549778,0.54542,0.46217263,0.47663715,0.4376959,0.36911663,906
0.5179912,0.65249914,0.46862388,0.3275757,0.5277967,0.49568418,0.42459613,0.37157387,0.40270168,0.28330076,0.30737588,0.50981194,0.4918012,0.49043372,907
0.5415052,0.6435384,0.4952659,0.37406567,0.52461314,0.5038878,0.47712442,0.3989172,0.45049354,0.34959152,0.35109848,0.47971198,0.48505798,0.48854962,908
0.54635274,0.59131885,0.5087847,0.44908935,0.4906028,0.5060203,0.53013206,0.45645413,0.50519115,0.4652928,0.42233092,0.46091008,0.4436355,0.39552626,909
0.5511734,0.56372744,0.5827693,0.55451626,0.52751315,0.49768516,0.56429785,0.5053967,0.5749266,0.4911592,0.47456402,0.46313015,0.49968484,0.477079,910
0.569954,0.54911613,0.49153125,0.5212617,0.40630692,0.50931185,0.60003203,0.50572973,0.5780393,0.6622539,0.496246,0.36495194,0.3281879,0.2009523,911
0.5521648,0.6517083,0.44027984,0.30925512,0.5177397,0.50690514,0.45589647,0.3547153,0.41561258,0.33412886,0.28970015,0.4719297,0.45787364,0.44348952,912
0.48827985,0.4891238,0.5871688,0.58728564,0.55446166,0.50178266,0.5005911,0.5494597,0.5673038,0.47543633,0.5243946,0.5432498,0.5415711,0.54028785,913
0.5666216,0.65314627,0.49780774,0.4009685,0.4853773,0.5078804,0.51769084,0.41074193,0.49022543,0.43479222,0.35631138,0.42452985,0.43597504,0.39262718,914
0.54026985,0.5224576,0.49680576,0.53917646,0.43285924,0.5143809,0.5690209,0.52312493,0.5705593,0.6366584,0.5151525,0.4087026,0.36218378,0.24355628,915
0.51333064,0.515585,0.5604796,0.56368226,0.5167928,0.49409968,0.5355455,0.52909315,0.5475559,0.50126976,0.5307699,0.48749158,0.4851548,0.44926623,916
0.5473559,0.66849595,0.43375158,0.2855674,0.5220331,0.50399417,0.4368526,0.33514333,0.39126927,0.29557428,0.2838794,0.4721029,0.46433184,0.46632627,917
0.5437829,0.4974745,0.5984447,0.67995787,0.4619819,0.49349502,0.61986506,0.6004678,0.6402861,0.66676974,0.6216719,0.39417785,0.40734446,0.30687398,918
0.5069076,0.5480102,0.5056567,0.4695358,0.50602496,0.49494624,0.48892167,0.47362342,0.48097235,0.4265308,0.45893252,0.5068914,0.4816828,0.4411119,919
0.4718664,0.519521,0.57462484,0.5458365,0.56800634,0.49992168,0.46511555,0.5122874,0.5286718,0.41462794,0.49030954,0.5517264,0.5600948,0.57569396,920
0.57220656,0.50908834,0.5063753,0.63035876,0.35270607,0.49674886,0.64825314,0.5738732,0.61306673,0.75214523,0.63703305,0.2957236,0.27285433,0.13072422,921
0.57113224,0.63370657,0.46114045,0.35037002,0.494473,0.51616865,0.5054901,0.3931255,0.4740167,0.42399257,0.30549014,0.46500674,0.4340632,0.38563403,922
0.5224911,0.52051836,0.5129751,0.55691004,0.4288323,0.5023972,0.5488164,0.5290792,0.55734724,0.6049505,0.53833735,0.41932237,0.38042212,0.25251883,923
0.5187888,0.5527479,0.5158187,0.48597702,0.51249003,0.50555104,0.51329553,0.479387,0.5066578,0.46601507,0.45741865,0.48825923,0.47646362,0.42996532,924
0.52304107,0.5502075,0.5589685,0.5290404,0.5261928,0.50322795,0.52257335,0.5014771,0.54688996,0.47518447,0.47206232,0.4932258,0.49838197,0.47414497,925
0.559978,0.6385682,0.46368372,0.35503495,0.48540962,0.5093624,0.4918604,0.39843372,0.46129876,0.40142158,0.31689203,0.46938404,0.4343453,0.3860737,926
0.5114323,0.54900444,0.5352426,0.4920628,0.52972096,0.49553436,0.49825463,0.4849715,0.49881536,0.42318335,0.46303895,0.5162447,0.51500684,0.49576697,927
0.5539785,0.54183763,0.5388106,0.5719992,0.44480416,0.49632564,0.5966986,0.5316636,0.57555175,0.61621433,0.5333688,0.4018871,0.3984399,0.29186866,928
0.4987585,0.5405328,0.56675786,0.53677,0.5459169,0.49954146,0.49612105,0.51142144,0.5427411,0.45112413,0.46727112,0.5297272,0.5342077,0.5306711,929
0.51563025,0.551804,0.51443046,0.4729772,0.5104209,0.49596176,0.49493736,0.47154102,0.49159196,0.43794212,0.45098564,0.5009842,0.4839218,0.44564185,930
0.5560095,0.5811862,0.48687437,0.42252406,0.47391048,0.5126565,0.53553563,0.44447544,0.53170174,0.5125815,0.3809793,0.46258953,0.4182876,0.33656505,931
0.5500229,0.5590655,0.50830716,0.5267897,0.4311875,0.50257814,0.5664382,0.5134317,0.55608296,0.5983453,0.48126066,0.4070654,0.37560874,0.2607867,932
0.56249565,0.6258573,0.46096227,0.37412375,0.4736276,0.5121193,0.5068318,0.40623587,0.47421494,0.44078052,0.34596866,0.44601116,0.415751,0.35299146,933
0.4944501,0.5687569,0.45672047,0.3797672,0.5208436,0.5021686,0.43369973,0.40414628,0.43146464,0.3539404,0.40933254,0.5052915,0.49383727,0.44896007,934
0.5587351,0.5389969,0.5626925,0.59682095,0.46299663,0.49403724,0.6088428,0.53890187,0.5911316,0.6012607,0.54430854,0.4055742,0.42506096,0.3333975,935
0.510022,0.5570913,0.60023844,0.5558268,0.57110995,0.49297982,0.51250964,0.5153695,0.5508421,0.42182264,0.476753,0.52058834,0.559384,0.59668654,936
0.5621161,0.6529818,0.4513046,0.3281838,0.49788645,0.5122304,0.4768819,0.37173784,0.43835488,0.36672196,0.3016482,0.46127507,0.4413087,0.41093808,937
0.5117084,0.5180546,0.52449954,0.5468476,0.46920687,0.50928587,0.5264233,0.53571624,0.5671749,0.581918,0.50390375,0.46525392,0.41931286,0.33458295,938
0.54521435,0.50659627,0.51501745,0.5806337,0.42250514,0.50751406,0.5960185,0.5462039,0.5940061,0.67464864,0.5735636,0.38278383,0.35209888,0.22558598,939
0.54807574,0.5285912,0.55114657,0.5928405,0.46541658,0.5060564,0.59266484,0.5408299,0.5976478,0.6217807,0.55134594,0.40580878,0.41281688,0.3233227,940
0.5490233,0.49874258,0.54165685,0.6479747,0.39639366,0.49319106,0.62675387,0.5893059,0.6225713,0.71788806,0.62603825,0.35017917,0.33067226,0.1901094,941
0.56754506,0.6083409,0.46306217,0.37616846,0.48736328,0.5186582,0.5156273,0.41288957,0.49449208,0.46420187,0.33142295,0.4623367,0.41920218,0.3587633,942
0.51283574,0.5404312,0.5677788,0.54683185,0.53605604,0.5047122,0.5132303,0.52064484,0.5470159,0.4773645,0.48836315,0.5010844,0.51268435,0.50428194,943
0.4859976,0.5106608,0.64029247,0.6166819,0.6127759,0.5022281,0.48718843,0.556685,0.60437447,0.42755187,0.49962643,0.5609339,0.5991901,0.66305465,944
0.54494196,0.652335,0.4360725,0.30921748,0.506852,0.5089737,0.43814287,0.35253167,0.40592715,0.33195186,0.2919455,0.46550632,0.44108534,0.413297,945
0.55627644,0.52487564,0.52198523,0.5483539,0.4560071,0.50462127,0.5879212,0.5250066,0.57211465,0.61026883,0.5335547,0.41750887,0.4083946,0.31050906,946
0.5505374,0.52459615,0.5511781,0.6044429,0.4554531,0.5117723,0.60018516,0.5492962,0.6207672,0.6651198,0.554535,0.38267758,0.3897463,0.28737774,947
0.5358828,0.5875334,0.46117008,0.38377032,0.49329722,0.5102969,0.48299608,0.42363164,0.46162271,0.41438666,0.37565583,0.48555705,0.43821263,0.3828374,948
0.5514973,0.5354235,0.4917508,0.5177723,0.42551708,0.50646996,0.5711993,0.5092422,0.55139405,0.6147226,0.5047733,0.40670067,0.36157268,0.24289888,949
0.56465447,0.6331034,0.49450094,0.42147827,0.47537813,0.50230473,0.5330193,0.42673135,0.4834729,0.4433086,0.39243832,0.43348405,0.44335648,0.3840018,950
0.5032943,0.5657265,0.50285125,0.44505304,0.5089048,0.5033838,0.47401813,0.45863447,0.48545426,0.42134672,0.42897037,0.5109427,0.47740036,0.44317806,951
0.55552965,0.5992544,0.4840537,0.40775874,0.49513805,0.5131635,0.5145502,0.42552528,0.50181186,0.4721903,0.36978328,0.4541494,0.43336284,0.3820036,952
0.52194476,0.50455785,0.5816383,0.60674685,0.51802945,0.49497357,0.55695325,0.559432,0.572762,0.53017163,0.54862785,0.49464026,0.50799084,0.4601707,953
0.5267559,0.556462,0.51814735,0.47530574,0.51199955,0.49766386,0.5109869,0.4719161,0.50124407,0.4402857,0.44891036,0.49320307,0.48227608,0.44195965,954
0.5621714,0.5501985,0.49349594,0.535661,0.4130362,0.5070867,0.58653086,0.5170373,0.56939703,0.6516205,0.5028704,0.37247103,0.34310237,0.22130148,955
0.49045995,0.53428596,0.5180335,0.49265164,0.5147675,0.5001042,0.45738763,0.4885791,0.5046994,0.43613157,0.45140728,0.5152374,0.4842488,0.44477218,956
0.50345474,0.5616093,0.56737924,0.5231606,0.5445076,0.4937097,0.49283677,0.49655503,0.52466875,0.41854414,0.45759776,0.52041054,0.53524697,0.53743315,957
0.53830683,0.66485214,0.49606842,0.35096952,0.5437471,0.5005452,0.4650886,0.36974028,0.42578334,0.30405605,0.3387747,0.47390395,0.5143516,0.5413075,958
0.5565496,0.6602204,0.47528052,0.35266012,0.4976746,0.50229144,0.48188567,0.38050747,0.43227592,0.34656057,0.3355802,0.46035695,0.4649818,0.44446012,959
0.5613446,0.585782,0.45802805,0.39052194,0.47518608,0.52158874,0.5161183,0.42724392,0.5011932,0.49370682,0.350466,0.45795685,0.3995636,0.32196492,960
0.54101366,0.63562906,0.45309862,0.33219892,0.50648,0.50523084,0.45482478,0.3770443,0.42231593,0.34554666,0.3238749,0.48033485,0.4526448,0.43574288,961
0.49619105,0.56432897,0.5352829,0.48089415,0.5314738,0.49607602,0.46987927,0.46842012,0.48700044,0.3963213,0.44895807,0.52072203,0.52287704,0.5117903,962
0.53940076,0.57397294,0.48989573,0.42742085,0.48592067,0.5127607,0.5130985,0.45098588,0.50949067,0.47992504,0.39873624,0.47767448,0.42750487,0.3695138,963
0.5425582,0.49364907,0.5352921,0.64596015,0.38740903,0.494954,0.6142495,0.5906944,0.62292194,0.72437006,0.62323534,0.34974968,0.32055536,0.17676054,964
0.54621613,0.5346344,0.5608702,0.5968573,0.4657702,0.49652445,0.5888239,0.54270136,0.59177864,0.60260296,0.54358566,0.41570076,0.42706826,0.3375275,965
0.51903903,0.526823,0.5302576,0.5273756,0.49805993,0.50066,0.5276926,0.5091453,0.5341524,0.51568526,0.49868265,0.4842484,0.46852884,0.40436995,966
0.5092313,0.5781254,0.5411814,0.4762801,0.5403149,0.49588835,0.48104948,0.47118494,0.49465752,0.39333093,0.43798512,0.51129794,0.5242762,0.52720755,967
0.5132344,0.5173248,0.52762204,0.52908665,0.5051897,0.4943193,0.51722074,0.5096796,0.51755244,0.48437485,0.5104359,0.49394846,0.48211998,0.42563954,968
0.5660681,0.71592623,0.46713948,0.29245445,0.51209867,0.49591836,0.466306,0.3367765,0.40148145,0.2818107,0.25250503,0.47435603,0.4936607,0.49952123,969
0.55579144,0.50762886,0.5111861,0.5963126,0.39471456,0.5084819,0.608878,0.5650879,0.61725575,0.72295064,0.56591135,0.35349026,0.3074426,0.17315826,970
0.56428856,0.56183285,0.5659377,0.56864715,0.48690614,0.49370816,0.5991726,0.52034014,0.56507397,0.5405017,0.5165221,0.42839542,0.46935913,0.40629622,971
0.5440251,0.53445846,0.53294545,0.5565545,0.46627384,0.5057986,0.57129174,0.5279736,0.5696861,0.5908091,0.52697855,0.42454928,0.41893396,0.33177793,972
0.5524077,0.67811227,0.4456991,0.29631352,0.51122266,0.50213087,0.44559404,0.33649656,0.40040973,0.30171534,0.28254792,0.46290568,0.4568894,0.44971395,973
0.5470639,0.6197292,0.5075906,0.40703171,0.51668876,0.5096764,0.50558555,0.42122144,0.49358562,0.424306,0.36006936,0.47411233,0.48035884,0.4583431,974
0.54476964,0.5183693,0.5418631,0.5946038,0.44763795,0.5053842,0.58895475,0.54624426,0.60225004,0.6451435,0.5411128,0.40141475,0.3911781,0.26947308,975
0.53525054,0.5855105,0.49008492,0.42338097,0.5009955,0.5063889,0.49449027,0.43910998,0.4910166,0.4393166,0.3902609,0.48409644,0.45157486,0.40664628,976
0.5558037,0.510111,0.5181409,0.60411274,0.4005461,0.4979562,0.611698,0.5570927,0.5920076,0.69462836,0.5907161,0.35957193,0.3442857,0.2017677,977
0.5077959,0.5678959,0.56313694,0.5173787,0.5383693,0.50055873,0.49720865,0.49233693,0.5255665,0.4292784,0.45883912,0.5067952,0.5236629,0.51754534,978
0.5063676,0.56358624,0.52777493,0.4722543,0.52809775,0.49819657,0.4805662,0.4666846,0.4937869,0.4110192,0.443612,0.51339936,0.51028883,0.49257597,979
0.54180545,0.547902,0.48000896,0.45593983,0.4737193,0.5109307,0.52164906,0.46303844,0.51166916,0.5182083,0.4497225,0.4479655,0.41228005,0.3255904,980
0.51873964,0.56379646,0.5569983,0.49906608,0.5459321,0.50320494,0.5013757,0.48004282,0.5284498,0.42466784,0.444114,0.5139155,0.5253341,0.5267353,981
0.5314808,0.51460034,0.502009,0.5479566,0.43518257,0.507615,0.560263,0.53107023,0.57150644,0.6366044,0.5204199,0.4218588,0.37158984,0.2513708,982
0.5502562,0.6777042,0.4526645,0.29514292,0.5131735,0.5002288,0.44479212,0.3407936,0.40211463,0.2880781,0.28349498,0.47650266,0.4672551,0.4668742,983
0.55708736,0.5928264,0.49085546,0.41051865,0.49517235,0.51454073,0.5242238,0.4339154,0.51764405,0.48583186,0.37104777,0.46319753,0.42878416,0.37934574,984
0.55857015,0.50273675,0.52211523,0.6452129,0.37738127,0.50357246,0.6381427,0.57759136,0.6279124,0.7527866,0.6356029,0.3096838,0.2925027,0.149452,985
0.56416345,0.51984066,0.53643125,0.6134682,0.4188015,0.5029157,0.62004226,0.5563358,0.6116626,0.688225,0.57825583,0.3557879,0.3501458,0.22689724,986
0.50677973,0.54084074,0.5352199,0.50196964,0.536251,0.49676946,0.49061835,0.48850182,0.49672556,0.41643983,0.47379127,0.51805663,0.5207141,0.5026349,987
0.544132,0.6557978,0.4500883,0.3118527,0.5194057,0.5012106,0.44327468,0.35317856,0.41254607,0.3132271,0.2908463,0.48555514,0.46938744,0.4628395,988
0.55148673,0.6486688,0.44469142,0.32499188,0.4935977,0.5104224,0.46286526,0.368438,0.43388563,0.36947542,0.30071312,0.45859692,0.4293101,0.39165074,989
0.5535177,0.52749336,0.5452636,0.58984506,0.45049918,0.49695063,0.6001342,0.5416957,0.59256613,0.6292413,0.5489233,0.40132603,0.40661216,0.2944486,990
0.54199207,0.5210953,0.54539037,0.5968546,0.455176,0.50186807,0.5894075,0.55048835,0.5980661,0.63847053,0.54693913,0.4088067,0.40185583,0.29276678,991
0.50148624,0.5481369,0.53714573,0.48798525,0.5393463,0.49740943,0.48276374,0.47869372,0.5006415,0.4135743,0.45269594,0.528233,0.52130973,0.51262695,992
0.4876683,0.50188196,0.5762402,0.5632637,0.5614982,0.5005616,0.4890248,0.53290373,0.5445874,0.45136988,0.51123655,0.54363436,0.546656,0.55026704,993
0.5401037,0.60832787,0.5375921,0.4540784,0.5318865,0.50294966,0.5094167,0.44702306,0.5047746,0.40778226,0.40526387,0.48075172,0.50550574,0.5082526,994
0.54774356,0.65833545,0.5066629,0.37453678,0.5298186,0.5036552,0.4813102,0.38635212,0.4512003,0.33957908,0.34579375,0.46584073,0.49414828,0.5112942,995
0.53350234,0.5386951,0.5807952,0.56068176,0.53824836,0.5031668,0.54399836,0.52348626,0.5659799,0.49320534,0.49028078,0.4912326,0.5156953,0.49805316,996
0.5700177,0.52699006,0.51820755,0.58789885,0.41068134,0.50231487,0.6244331,0.5436983,0.59654593,0.6857474,0.56998074,0.35268226,0.34646973,0.21747062,997
0.54874456,0.511902,0.62166023,0.6754075,0.5016156,0.49358666,0.61509556,0.58200437,0.6353352,0.6035703,0.60844135,0.41636017,0.46991286,0.41962123,998
0.5662865,0.6333259,0.4644028,0.36637613,0.4744979,0.5148708,0.50875956,0.4042775,0.47704113,0.43530846,0.33178228,0.45003203,0.4167074,0.35797307,999
0.5478035,0.5378423,0.5556948,0.5841099,0.4726831,0.4986518,0.58317876,0.5419561,0.5812434,0.58913606,0.5334909,0.42672735,0.43696883,0.36087275,1000
0.558196,0.5461264,0.52822876,0.5287106,0.47938985,0.4966671,0.57467216,0.49776107,0.5581667,0.5539816,0.48403046,0.4318239,0.42661837,0.34707704,1001
0.55539155,0.5025104,0.5315187,0.6425228,0.387306,0.49912557,0.6351178,0.5817398,0.62219137,0.73377365,0.63061494,0.33184537,0.3132866,0.17154396,1002
0.56492937,0.58002144,0.4699437,0.40410885,0.47027546,0.52131814,0.534368,0.43849644,0.52468914,0.5248749,0.36425754,0.45740375,0.3996883,0.31707427,1003
0.49432766,0.55774635,0.5340231,0.47865456,0.53543556,0.5025396,0.4668555,0.4735348,0.50094223,0.4100551,0.44289446,0.52932215,0.5166281,0.51282823,1004
0.51503766,0.52075416,0.58030915,0.56953824,0.53731626,0.5015689,0.53517497,0.53163433,0.58230615,0.5147937,0.49497274,0.5010857,0.50543326,0.4830248,1005
0.52078646,0.5999648,0.47876236,0.37802252,0.52812904,0.5065274,0.45032296,0.40583682,0.45652586,0.36601904,0.34063074,0.51324725,0.48000106,0.46628216,1006
0.49903378,0.564569,0.56233346,0.51769686,0.540279,0.49304938,0.48653507,0.49697253,0.51406026,0.40773335,0.45953125,0.5233218,0.53839535,0.54181796,1007
0.533426,0.52704185,0.49848956,0.50231093,0.46960312,0.5132532,0.5327667,0.49890378,0.5437075,0.56295764,0.47472036,0.45704493,0.41156465,0.31755704,1008
0.5353903,0.59362227,0.5380844,0.47462136,0.52283394,0.5040696,0.5139337,0.46621984,0.5105525,0.43722147,0.4295046,0.47503483,0.49070638,0.48143908,1009
0.5194479,0.5630407,0.5302277,0.49458915,0.511873,0.49952015,0.51061046,0.48137677,0.5096673,0.45512652,0.4610698,0.48925284,0.48846063,0.4497045,1010
0.5311624,0.52884454,0.51248956,0.5154222,0.46750465,0.5050189,0.5444169,0.5054564,0.54384834,0.5523716,0.48923624,0.4599289,0.4257473,0.32309628,1011
0.4835422,0.52578217,0.5497539,0.52754724,0.53707504,0.4978992,0.47352728,0.50511396,0.51411074,0.4298406,0.48129153,0.53564274,0.5286002,0.51223326,1012
0.5473608,0.5268793,0.5448065,0.57105094,0.46685824,0.5109887,0.5847489,0.5327508,0.6046273,0.6278566,0.5271021,0.40959805,0.3990243,0.31163794,1013
0.5567588,0.5398661,0.5733306,0.6114834,0.47093147,0.50164,0.60646933,0.5410716,0.6137279,0.62236094,0.5531859,0.39053684,0.41833997,0.33431208,1014
0.48425177,0.5133442,0.5421745,0.5208578,0.54253924,0.5003961,0.47231537,0.50495577,0.51195556,0.43263638,0.481773,0.5422174,0.5337098,0.5171595,1015
0.54635626,0.5228296,0.5207847,0.56394225,0.44774982,0.5026746,0.57501364,0.538622,0.5634408,0.6095762,0.5374453,0.42255333,0.40804672,0.3015332,1016
0.5506107,0.5204468,0.52330303,0.58769506,0.427282,0.5079717,0.600006,0.54179066,0.6033431,0.67675686,0.5570659,0.37272537,0.35464466,0.22990601,1017
0.5106033,0.54696566,0.6160141,0.5860484,0.5716467,0.49486768,0.5224653,0.53254414,0.5777949,0.43904132,0.49317646,0.523768,0.56687176,0.597365,1018
0.49836338,0.551546,0.6209108,0.57187814,0.5881876,0.4929489,0.48894772,0.5278267,0.566969,0.39699757,0.4649277,0.5474212,0.5800141,0.6369186,1019
0.562007,0.5900222,0.4644608,0.38667458,0.4809841,0.5177594,0.51701343,0.424263,0.5015621,0.4818973,0.3381206,0.46968874,0.4099615,0.33349526,1020
0.51542425,0.4946926,0.544223,0.5719187,0.49137726,0.49930313,0.5434506,0.5425982,0.56491125,0.5491871,0.5362779,0.48870462,0.46365297,0.39100936,1021
0.51787674,0.52823776,0.5088969,0.50391614,0.49034005,0.5036224,0.5171047,0.4921,0.5120749,0.48469666,0.49545166,0.4808709,0.45420644,0.38321587,1022
0.57703674,0.52971053,0.53424644,0.6061067,0.40272602,0.48960614,0.6427182,0.54520994,0.58846754,0.6716415,0.58687526,0.3469971,0.3577154,0.22281806,1023
0.55387735,0.58194816,0.45476595,0.3980638,0.4703187,0.5159758,0.5085493,0.43253508,0.4947607,0.49049595,0.3690297,0.44971105,0.3936331,0.3140341,1024
0.56532454,0.5479145,0.47531667,0.50753903,0.40162036,0.5162362,0.5853339,0.50444984,0.5740142,0.666406,0.4826882,0.36818287,0.31649125,0.18754129,1025
0.54943466,0.5793286,0.47929195,0.42735836,0.48261303,0.51209587,0.5146368,0.44366828,0.5056387,0.49001512,0.39452773,0.45938414,0.4252363,0.3540663,1026
0.5303126,0.5331244,0.5446041,0.5627824,0.4862521,0.5017775,0.5579754,0.52131385,0.56473815,0.55849415,0.52759844,0.4390166,0.4470167,0.36900413,1027
0.5433754,0.5241307,0.56548613,0.5967285,0.4777525,0.50531405,0.5883177,0.54726344,0.6080011,0.6153437,0.5393402,0.42269763,0.42624494,0.34515446,1028
0.54720014,0.5426027,0.5321091,0.5499917,0.46290326,0.49656186,0.5754617,0.5203789,0.55367965,0.5622973,0.5109668,0.43366185,0.43447793,0.33470723,1029
0.5484889,0.49733612,0.5332174,0.64493406,0.3924806,0.501338,0.6221136,0.585812,0.62508327,0.7374883,0.62926364,0.33587983,0.31808636,0.17752713,1030
0.5242953,0.561153,0.49860594,0.47766247,0.48005766,0.49840638,0.5116519,0.47349533,0.4961285,0.47079852,0.46263912,0.4700499,0.44951612,0.38306352,1031
0.51410556,0.5569901,0.54773223,0.50468665,0.53616107,0.4939211,0.499535,0.4857212,0.5079916,0.42302558,0.4698384,0.50314176,0.5208745,0.5086474,1032
0.5437433,0.520883,0.5114713,0.53034204,0.45301402,0.51592016,0.57337564,0.5152338,0.592751,0.64761394,0.50916415,0.40374896,0.3720154,0.2679807,1033
0.56970674,0.5442091,0.5494478,0.58741045,0.45186245,0.50219935,0.6187123,0.5299074,0.59969205,0.6373824,0.54590976,0.376229,0.39808485,0.2968409,1034
0.559121,0.6229037,0.4713991,0.39011434,0.47172615,0.5117658,0.51543117,0.4168693,0.48157358,0.44991243,0.36783683,0.44068158,0.41879475,0.35839942,1035
0.5531419,0.59606886,0.4517778,0.37622097,0.48743352,0.5153164,0.4979219,0.41463563,0.47672507,0.45540997,0.34163994,0.46025985,0.41034406,0.34303254,1036
0.5465963,0.61989063,0.4935546,0.38999853,0.5042196,0.5072144,0.49867895,0.42033485,0.4801702,0.41014054,0.34423286,0.49473873,0.4656336,0.44005504,1037
0.5714089,0.5491519,0.556364,0.5942269,0.4608035,0.49445283,0.62326646,0.5287846,0.57970977,0.60332406,0.55572516,0.38655308,0.4229887,0.32692632,1038
0.5130144,0.5433985,0.5413097,0.5084102,0.5261869,0.5010268,0.50660926,0.4933805,0.5215149,0.45931345,0.47417504,0.5005739,0.4960507,0.4712069,1039
0.529742,0.5005407,0.5342703,0.5906543,0.45171452,0.5121611,0.57474923,0.55278766,0.6087388,0.6636819,0.54669976,0.41621795,0.38234228,0.26608157,1040
0.53541255,0.53416467,0.49021453,0.5241978,0.43424943,0.5162388,0.5402627,0.5181676,0.5600491,0.6185354,0.48935628,0.4090644,0.35928807,0.24749178,1041
0.5302745,0.5866511,0.56686205,0.5053915,0.5432768,0.4973315,0.5137809,0.4786068,0.52671105,0.41470495,0.44200185,0.49502426,0.5230064,0.53432566,1042
0.5350311,0.6493925,0.5055867,0.36054552,0.552553,0.50052965,0.46800095,0.38870847,0.4555549,0.330656,0.31940156,0.50599295,0.51588917,0.54972565,1043
0.5489143,0.65292525,0.5041926,0.3779308,0.53357214,0.503973,0.4864088,0.3981684,0.45385072,0.34083605,0.34805545,0.47780737,0.49681288,0.50845826,1044
0.51429045,0.5463217,0.5097107,0.47189757,0.50471765,0.50337,0.5012001,0.47517836,0.5019883,0.45980945,0.4583152,0.49637645,0.46701595,0.42395994,1045
0.5252615,0.5456725,0.47287965,0.44996926,0.4755633,0.50984997,0.50447893,0.46526656,0.4944012,0.49984497,0.4491255,0.46525815,0.42117423,0.34346902,1046
0.5561012,0.57498384,0.49290118,0.46691313,0.45704123,0.50806636,0.54706264,0.47245097,0.51919043,0.5254881,0.44208384,0.43695855,0.40829712,0.32499415,1047
0.5471978,0.54697067,0.5964576,0.6073686,0.51309776,0.48689723,0.5826424,0.54258376,0.5855091,0.5277711,0.531847,0.4547226,0.5034774,0.4683402,1048
0.5416959,0.63470954,0.43549517,0.31498697,0.51173055,0.50625116,0.43496147,0.36060214,0.4075262,0.33294922,0.29451284,0.48389232,0.4558549,0.42428082,1049
0.52549523,0.49706876,0.51719797,0.56852293,0.4399718,0.5007474,0.5610895,0.5553134,0.57156175,0.62091666,0.5562083,0.4421437,0.3916189,0.27874368,1050
0.56243265,0.50370437,0.5133481,0.6292064,0.36979914,0.49492258,0.6369131,0.57240254,0.6070084,0.73588645,0.6363837,0.3178013,0.29712912,0.15396477,1051
0.51850975,0.5752217,0.56962496,0.52533126,0.53311443,0.4928333,0.5132241,0.4979718,0.525687,0.42630288,0.45982704,0.5068791,0.5289384,0.5276164,1052
0.545689,0.587876,0.4637214,0.40138096,0.47278205,0.51435834,0.50405514,0.43047988,0.48948878,0.4651284,0.3731445,0.4636073,0.40795788,0.33448926,1053
0.53098977,0.5641853,0.54565847,0.5149337,0.509885,0.4991573,0.5329539,0.4868407,0.53647465,0.48335898,0.47377354,0.4680163,0.47908667,0.43633905,1054
0.5768233,0.51952165,0.52370924,0.61717755,0.38090444,0.4887942,0.64321685,0.5611928,0.58789957,0.69749284,0.61315125,0.3328609,0.32933652,0.19020529,1055
0.53215104,0.4908241,0.50714135,0.563248,0.43558055,0.50477886,0.5729695,0.54303825,0.57324445,0.64419466,0.56484944,0.41858512,0.36516675,0.25072417,1056
0.55580384,0.5046433,0.5600015,0.64593667,0.42249578,0.48733735,0.6349677,0.58366466,0.6166379,0.68110216,0.6150259,0.37052754,0.36582285,0.2399985,1057
0.50117254,0.55140454,0.5706822,0.5343852,0.54860824,0.49258435,0.4957048,0.5081946,0.523693,0.42161107,0.47590774,0.52353126,0.5436915,0.54615194,1058
0.5631341,0.5570598,0.5031438,0.53267187,0.4150374,0.50243884,0.59190196,0.506914,0.5647983,0.62500334,0.50566745,0.37515435,0.35099718,0.22647293,1059
0.5449153,0.51826656,0.5035676,0.56130725,0.4220634,0.50768816,0.587509,0.5325605,0.57364476,0.65124273,0.5453915,0.39464533,0.35935453,0.22763109,1060
0.5533096,0.59022945,0.44734007,0.37110975,0.49218914,0.5156938,0.490485,0.40642765,0.47081766,0.4444889,0.3460061,0.46045944,0.41525882,0.35065585,1061
0.5642113,0.5858334,0.474526,0.41773984,0.45637804,0.5188527,0.54514295,0.44514823,0.53156006,0.5398315,0.38051078,0.4397229,0.38552076,0.29575184,1062
0.55086815,0.50832754,0.5546114,0.6253699,0.431507,0.49248758,0.60441566,0.5759729,0.6096565,0.6709527,0.5948028,0.383572,0.378122,0.26990235,1063
0.55109954,0.59145564,0.46998274,0.38575372,0.5057025,0.51311755,0.50121415,0.4190623,0.48557505,0.45005164,0.35438076,0.47217903,0.43543547,0.39315116,1064
0.51668656,0.63082236,0.5200379,0.3953267,0.54554576,0.4966948,0.44639716,0.42770198,0.4619645,0.3272181,0.33796534,0.54305494,0.53736067,0.5593744,1065
0.55249,0.52270377,0.5399193,0.5903697,0.4446612,0.504739,0.6005361,0.5502627,0.59579813,0.64920175,0.5520876,0.39879173,0.38896912,0.27746266,1066
0.4870217,0.51140994,0.58750725,0.5685294,0.5650553,0.4980463,0.4905714,0.5280934,0.5461425,0.4324837,0.50798875,0.5464205,0.5589585,0.5732387,1067
0.47849637,0.49030498,0.6201136,0.6110731,0.593586,0.5023508,0.4876659,0.5557115,0.5862248,0.44769806,0.5196161,0.5647205,0.5920954,0.62790215,1068
0.54164153,0.60333437,0.503493,0.40045768,0.5231565,0.5117131,0.50044024,0.4265821,0.49488997,0.4267471,0.35751674,0.49982065,0.48619488,0.4651402,1069
0.51565516,0.5464854,0.54388505,0.5221303,0.5182001,0.49779266,0.5155786,0.50107867,0.5179275,0.4595592,0.48588318,0.4964621,0.501331,0.46370393,1070
0.5064697,0.53868115,0.505246,0.46139333,0.5153007,0.50640714,0.4823513,0.46939763,0.49415353,0.44823208,0.45127866,0.5123266,0.4789177,0.4416921,1071
0.5132668,0.5214048,0.56024295,0.5581959,0.5280673,0.5009588,0.52957356,0.5259654,0.54423136,0.49533704,0.5190209,0.49629885,0.50600594,0.4771389,1072
0.55266386,0.49686632,0.5436479,0.65174407,0.40319,0.5022402,0.62559974,0.5849077,0.6289892,0.7233356,0.6258884,0.3412429,0.32783392,0.19106798,1073
0.54044014,0.62523293,0.45208696,0.34046504,0.5189365,0.5076001,0.45872545,0.3755653,0.43531162,0.3572139,0.32131502,0.48030832,0.45866352,0.4320657,1074
0.5599724,0.6522366,0.49794415,0.38606006,0.5058243,0.50059307,0.5036078,0.39956582,0.45712274,0.3725302,0.35535797,0.4570132,0.47642502,0.4630309,1075
0.497879,0.51176697,0.4646129,0.4515979,0.49913472,0.51027775,0.45337182,0.4620559,0.48604703,0.4727447,0.45388648,0.4956803,0.45326266,0.39654896,1076
0.4881958,0.51357204,0.6339954,0.61037576,0.6018999,0.50170255,0.49545908,0.5573591,0.60053414,0.44203088,0.49903816,0.5600384,0.59644306,0.65138286,1077
0.5269194,0.50354916,0.6269252,0.6580055,0.5436038,0.48553422,0.58355564,0.5784124,0.60743964,0.54177165,0.5924438,0.47032872,0.52088845,0.5123762,1078
0.5395338,0.55907696,0.50113606,0.46218497,0.4906677,0.5144251,0.5215119,0.46834093,0.5285932,0.51263386,0.43104184,0.46005562,0.42843953,0.36800045,1079
0.54681134,0.6499223,0.4351632,0.30885974,0.5129972,0.507045,0.4486729,0.3526813,0.4118612,0.33105022,0.29400772,0.4686214,0.45233566,0.4332803,1080
0.5393535,0.49739793,0.4968575,0.5665767,0.41079572,0.50946486,0.58688796,0.5435164,0.5781885,0.6673774,0.57213104,0.3924851,0.33670205,0.20499526,1081
0.53979963,0.58344483,0.4919446,0.46154368,0.4633684,0.5035388,0.5245041,0.46104944,0.51445043,0.49914128,0.4386121,0.43391213,0.4093326,0.3300584,1082
0.5312431,0.49837866,0.56398886,0.6248507,0.4674293,0.49680594,0.5914051,0.57000256,0.59469175,0.6228579,0.59417164,0.42650297,0.42727417,0.3273957,1083
0.53699833,0.5562353,0.47337893,0.43879724,0.48029074,0.5116395,0.5076917,0.45359388,0.49967644,0.49043453,0.41341916,0.4663196,0.42253652,0.3410549,1084
0.5441227,0.53013796,0.48212674,0.4881399,0.44121745,0.50963086,0.545277,0.4980999,0.53991336,0.5828449,0.46717858,0.43570402,0.3674006,0.2583084,1085
0.550578,0.50022954,0.5394009,0.63973373,0.4006945,0.4919644,0.6250097,0.5826488,0.61498445,0.7068421,0.62272733,0.35255674,0.3345141,0.1992699,1086
0.551515,0.5738016,0.48131815,0.41630632,0.50251913,0.5181557,0.5174432,0.44119024,0.5169291,0.4955733,0.3737083,0.4725838,0.43523592,0.37982628,1087
0.5365658,0.6174159,0.4596959,0.3505156,0.526268,0.50927776,0.46171194,0.38416266,0.4423692,0.37157512,0.3303277,0.48033473,0.46359935,0.4507727,1088
0.5621936,0.5146064,0.52643466,0.60942256,0.39980322,0.49438092,0.62724715,0.5606654,0.59802544,0.6919733,0.5919838,0.35647207,0.34146345,0.20267724,1089
0.46491674,0.5771953,0.43208665,0.35201308,0.52636164,0.50628346,0.36553013,0.38202643,0.39637426,0.30991808,0.35120884,0.54441935,0.50609875,0.4677334,1090
0.5115368,0.5644549,0.5125852,0.45073745,0.5257911,0.50194305,0.47894496,0.45185688,0.48692945,0.40343845,0.4290524,0.5126212,0.5012225,0.4818162,1091
0.52902573,0.5230384,0.5395916,0.55901885,0.4976366,0.49896628,0.5447268,0.53146356,0.5541044,0.5487761,0.524046,0.4669766,0.47882217,0.42170846,1092
0.5603955,0.72244096,0.46051508,0.26753625,0.53405875,0.50101084,0.43484756,0.3089136,0.37867525,0.24941884,0.24624981,0.46064898,0.4837521,0.51880014,1093
0.49190676,0.51827365,0.5663486,0.55074817,0.5476011,0.4975303,0.49700475,0.5207271,0.53942084,0.45281714,0.50483006,0.5232161,0.5258007,0.51921844,1094
0.5218375,0.5386498,0.5173924,0.48823252,0.506134,0.50116485,0.51254517,0.4801878,0.51313,0.47200805,0.47230494,0.48741654,0.47088695,0.41789988,1095
0.5246707,0.54457575,0.53032213,0.51732683,0.4921441,0.50032467,0.5305496,0.50125265,0.5261176,0.5001285,0.4878567,0.473244,0.45905975,0.40066704,1096
0.54372925,0.5227376,0.54003316,0.58609253,0.4532865,0.5000305,0.5865158,0.5457584,0.5764303,0.6208191,0.5552927,0.4152288,0.4132075,0.30971998,1097
0.50239545,0.54252774,0.5466392,0.5102606,0.5308683,0.4962327,0.4823097,0.5018034,0.5088022,0.4218489,0.46073171,0.5304449,0.5200352,0.5024429,1098
0.4905285,0.53208107,0.55167717,0.52021384,0.54293966,0.50517446,0.47907332,0.49684367,0.5315285,0.44224885,0.4727431,0.5243603,0.51822627,0.51515317,1099
0.5573558,0.5443784,0.57026577,0.594176,0.48056677,0.497642,0.60199165,0.5384739,0.59018743,0.5874236,0.53907955,0.41661227,0.4436495,0.37220004,1100
0.5176206,0.5380729,0.5670449,0.534404,0.54547757,0.49786672,0.52025574,0.5065128,0.5329664,0.44995594,0.48629814,0.51042265,0.52805114,0.5241965,1101
0.5077776,0.5536618,0.52943015,0.49320987,0.5228942,0.4993225,0.48922294,0.47678235,0.5073349,0.43548104,0.4624928,0.5040948,0.502559,0.47427726,1102
0.5042617,0.53581846,0.62441987,0.59097487,0.5921343,0.49914595,0.51305246,0.5436149,0.577971,0.42886245,0.483223,0.55442643,0.58452743,0.636334,1103
0.5484019,0.57661754,0.45711216,0.40222144,0.4802918,0.51634,0.5033271,0.42920205,0.49173853,0.48166698,0.37645125,0.4563603,0.40318736,0.32812333,1104
0.48121765,0.51296407,0.57194793,0.5618705,0.5509388,0.4962002,0.48315328,0.5292595,0.5304038,0.42874417,0.5081063,0.54813826,0.54512316,0.5450003,1105
0.53138274,0.57121587,0.54562354,0.4867755,0.5389803,0.50478095,0.51276994,0.47019538,0.51988345,0.43159205,0.44774547,0.4905215,0.5113666,0.5079019,1106
0.55699885,0.5050518,0.5461312,0.65210426,0.4037182,0.5019871,0.6343915,0.5850483,0.63978297,0.7357282,0.6303494,0.32618943,0.32221404,0.19376211,1107
0.5508019,0.5771583,0.5052932,0.48936576,0.46472985,0.50352764,0.54537326,0.47823596,0.52262604,0.5246664,0.46215615,0.42201513,0.42269444,0.33215198,1108
0.5685914,0.5853214,0.5433804,0.53059614,0.4754305,0.49969727,0.58406806,0.50059783,0.5553264,0.5434532,0.4772469,0.41493088,0.44328532,0.3772317,1109
0.54320824,0.5304832,0.5492749,0.5628285,0.48095152,0.5082995,0.576989,0.521749,0.59628135,0.59944534,0.51612294,0.42668793,0.42263255,0.34267756,1110
0.5805398,0.5214426,0.54360956,0.6386286,0.3894843,0.48272556,0.6578178,0.56763023,0.5961988,0.6940677,0.6299231,0.3286965,0.34484923,0.20897068,1111
0.49322936,0.5371428,0.5290761,0.49996614,0.5250003,0.49606746,0.4762332,0.48733565,0.49932095,0.42287737,0.4681298,0.52978754,0.51508105,0.48967427,1112
0.5543374,0.52299887,0.5292095,0.5967372,0.42331982,0.5042255,0.60829437,0.5485548,0.5988821,0.67496884,0.5658321,0.37340817,0.3653557,0.23745197,1113
0.5179077,0.54608625,0.5540689,0.52719617,0.5335526,0.5034585,0.5185917,0.50045943,0.5367945,0.46562487,0.4831414,0.49347314,0.5042533,0.4886584,1114
0.4907011,0.5289538,0.5709877,0.53323215,0.5606844,0.49692413,0.48737767,0.50636244,0.5283481,0.4186042,0.48781186,0.53486466,0.54233944,0.55973125,1115
0.5462899,0.63519984,0.47856316,0.36367777,0.5142232,0.5079827,0.47874358,0.3993013,0.45452634,0.37614748,0.33686602,0.47757235,0.468587,0.45075983,1116
0.52356666,0.5279676,0.56133515,0.56157863,0.51453674,0.4928843,0.5363424,0.52657956,0.54763633,0.49452537,0.51400375,0.48467973,0.48988542,0.45312437,1117
0.5708464,0.5786392,0.5746482,0.5482925,0.5115396,0.49995518,0.5882899,0.50374043,0.5747735,0.52018446,0.46917695,0.44099748,0.48512766,0.45260426,1118
0.4616872,0.48244473,0.7386731,0.7298865,0.68494767,0.518572,0.49845377,0.61891246,0.7247989,0.47551447,0.55757904,0.5602448,0.6543003,0.8019387,1119
0.5006374,0.5391621,0.5455028,0.50260526,0.5483517,0.50039744,0.4859156,0.4936884,0.519145,0.43469074,0.456585,0.5295289,0.52796495,0.52031887,1120
0.48379374,0.526353,0.62962174,0.59941673,0.6022604,0.49948627,0.48369867,0.5465779,0.59130603,0.4221154,0.4896933,0.559046,0.5952287,0.6572333,1121
0.53040016,0.57630146,0.563135,0.5050506,0.5396221,0.497083,0.52164245,0.48475188,0.5345354,0.43199193,0.4326836,0.5047412,0.5271027,0.5240302,1122
0.5712438,0.5442497,0.5417744,0.5744287,0.44196254,0.4967751,0.62019336,0.52133703,0.58675843,0.6287067,0.53330463,0.38479894,0.3962822,0.28119788,1123
0.5339852,0.618522,0.45560527,0.3542963,0.50443196,0.5042866,0.45420334,0.38884524,0.4275772,0.36056486,0.35043013,0.47755158,0.46118355,0.4326968,1124
0.554168,0.5116247,0.5429024,0.6137681,0.42228714,0.49865323,0.6101178,0.5694529,0.6192879,0.69362956,0.5802581,0.3716611,0.35670012,0.23629238,1125
0.53860617,0.6201823,0.5116125,0.41947746,0.5140232,0.50293463,0.49929172,0.42846218,0.49702033,0.40631536,0.37735048,0.47579303,0.4722055,0.44553316,1126
0.55285865,0.55398643,0.57434607,0.5777189,0.4953361,0.5033737,0.5842131,0.5305255,0.5953805,0.5745377,0.50552505,0.42879626,0.45469135,0.40338844,1127
0.5245759,0.5652061,0.499708,0.4520676,0.5010159,0.5044728,0.5003693,0.46398267,0.49932083,0.44907665,0.42571074,0.4948557,0.46707863,0.4078573,1128
0.5726294,0.7480371,0.45385134,0.25169381,0.5184426,0.5000767,0.43904215,0.29763007,0.3699582,0.2377911,0.22977602,0.447827,0.47524983,0.5041959,1129
0.52911806,0.63496125,0.4612196,0.34791,0.4988284,0.5007938,0.44466147,0.38581872,0.42153856,0.3388975,0.34482208,0.48400655,0.45382518,0.43057418,1130
0.53509086,0.54654324,0.49097717,0.5152236,0.4307117,0.507806,0.5403247,0.50516456,0.5418741,0.5872798,0.48982078,0.41239744,0.36354616,0.25010556,1131
0.5216053,0.5124453,0.49383864,0.5024639,0.46979395,0.5065853,0.5195025,0.5098852,0.54484737,0.5796067,0.4936788,0.456277,0.40458572,0.32642546,1132
0.4990731,0.53526706,0.4746132,0.4330542,0.5032905,0.50670075,0.46457672,0.4571258,0.46954492,0.42673108,0.43375993,0.5175166,0.46237257,0.40557,1133
0.5564618,0.5614377,0.52250016,0.54001546,0.4507952,0.4994953,0.58148384,0.51415485,0.5511336,0.57874846,0.5104979,0.40730992,0.41383284,0.31311575,1134
0.553732,0.639011,0.46254402,0.35375178,0.4862594,0.5109464,0.48123264,0.39335683,0.45223558,0.39399892,0.3273317,0.45938364,0.43055654,0.39052477,1135
0.5594575,0.50295043,0.5121976,0.6241196,0.36662415,0.49544442,0.6347705,0.56857747,0.60277224,0.7270425,0.630174,0.32342553,0.29660714,0.15159315,1136
0.54833597,0.5398391,0.5538211,0.572624,0.47878554,0.5014631,0.5814153,0.53506994,0.5782798,0.57923746,0.525523,0.43211576,0.438828,0.36026934,1137
0.54867476,0.49837476,0.532207,0.637886,0.39245042,0.49386942,0.6227487,0.5815583,0.6128985,0.7180477,0.629951,0.34685794,0.32913026,0.18825835,1138
0.5197588,0.5865834,0.5309248,0.4713023,0.52105606,0.49770644,0.49419823,0.46833163,0.48697037,0.41108683,0.43948236,0.49463162,0.50341266,0.490736,1139
0.51558846,0.5385369,0.53159577,0.5053731,0.51878804,0.49941543,0.5138585,0.4923611,0.5122664,0.46218327,0.4767801,0.50550866,0.49511927,0.45902297,1140
0.49504262,0.55796516,0.5461573,0.49760646,0.539246,0.50011796,0.4726445,0.48412237,0.5142987,0.41740778,0.4474141,0.52706844,0.5246126,0.5219884,1141
0.56266975,0.50433743,0.5141974,0.6209281,0.36698803,0.49332094,0.6309238,0.57265824,0.6013853,0.7242002,0.62672645,0.32652718,0.29710275,0.15889628,1142
0.5332411,0.5546567,0.5219535,0.49218136,0.50166285,0.5039527,0.52889436,0.4815494,0.52043414,0.4821459,0.46770024,0.47470182,0.4646415,0.41589537,1143
0.54326373,0.49327374,0.5336617,0.6442841,0.38934928,0.49549526,0.61194456,0.5887919,0.6133673,0.7167768,0.62825406,0.3532961,0.32880953,0.18485644,1144
0.53680855,0.6071228,0.48900825,0.40659314,0.49034864,0.49999696,0.49366173,0.4295968,0.4707283,0.40480152,0.392245,0.47443464,0.45010343,0.40746015,1145
0.55065286,0.60899204,0.48873156,0.39207006,0.50357515,0.50881964,0.51167697,0.42591992,0.48674116,0.43069443,0.3385788,0.49381343,0.4558761,0.4160509,1146
0.5408354,0.4957668,0.55313045,0.653872,0.4160023,0.50011367,0.61602026,0.5916162,0.63342595,0.7217834,0.6229602,0.35757294,0.3425816,0.21477993,1147
0.5329148,0.5555523,0.60109884,0.5694268,0.55419254,0.50215226,0.5480954,0.5131587,0.58419514,0.4700827,0.4778752,0.48953128,0.5350056,0.5388469,1148
0.52151984,0.55091953,0.5012144,0.48071772,0.47601897,0.49896193,0.5145652,0.48553333,0.49714565,0.47615266,0.465178,0.48106337,0.4453441,0.37057763,1149
0.50313175,0.5393645,0.56233585,0.5259242,0.5527917,0.5060076,0.49280798,0.5026352,0.5308988,0.43873793,0.46900246,0.5297249,0.5379125,0.54500574,1150
0.49421117,0.5343724,0.57584554,0.5463429,0.5575297,0.5012484,0.48426563,0.50854284,0.53738743,0.42183205,0.48107553,0.5330728,0.5493676,0.56157786,1151
0.49246573,0.5571961,0.6002724,0.5498852,0.5768509,0.499149,0.48350564,0.510751,0.5521817,0.4037246,0.4595855,0.5428172,0.57377553,0.6134181,1152
0.49991906,0.5423815,0.5393564,0.49916598,0.53439707,0.49739745,0.48196208,0.4858452,0.5018373,0.42166066,0.46696782,0.5229838,0.5235573,0.50527024,1153
0.55761415,0.6073995,0.47006026,0.38157946,0.488903,0.5134874,0.5091324,0.412691,0.48276645,0.44200334,0.3515608,0.4668012,0.4343051,0.37726042,1154
0.5204892,0.62787515,0.46646333,0.34954262,0.50322133,0.5004602,0.43580145,0.3876571,0.4245427,0.32740757,0.3339998,0.50690556,0.46500796,0.44420627,1155
0.51819414,0.49985734,0.4997068,0.5223062,0.47272596,0.5035874,0.51623166,0.50724435,0.53976107,0.5521042,0.5069099,0.46813655,0.4320339,0.33246705,1156
0.52561,0.56530404,0.49227095,0.44799927,0.49299282,0.49816686,0.5031987,0.45637,0.47727787,0.43364242,0.44410858,0.48135373,0.4595335,0.40355223,1157
0.559924,0.57464856,0.47667974,0.42185718,0.45650926,0.5141266,0.5398113,0.44973475,0.5344739,0.54345757,0.37850383,0.4469604,0.3823708,0.2859965,1158
0.5481931,0.65709823,0.43916535,0.30447674,0.50478435,0.5065606,0.44570696,0.34825802,0.4052043,0.3215977,0.2887528,0.4669021,0.44864663,0.42395642,1159
0.5607594,0.5692864,0.47668406,0.45048195,0.4385762,0.5177592,0.5561655,0.46627074,0.5503992,0.5885543,0.4241075,0.40868375,0.35352418,0.25197417,1160
0.5353305,0.5178347,0.51850355,0.5591923,0.43585527,0.4975793,0.56631845,0.54015386,0.5574761,0.6071406,0.5374661,0.42890552,0.39155805,0.2776643,1161
0.567556,0.5682649,0.5135631,0.50662994,0.45155916,0.5120507,0.5847638,0.49095878,0.57599413,0.6113362,0.46047133,0.39702892,0.38314095,0.28480604,1162
0.5500772,0.5058758,0.5013408,0.58375657,0.39914608,0.5062111,0.6013296,0.55219036,0.5853624,0.6896373,0.5791791,0.3699096,0.32865033,0.18996891,1163
0.4517406,0.53176504,0.6182746,0.5514595,0.63293445,0.50512195,0.4185826,0.5038206,0.56868917,0.3653324,0.44427213,0.5823023,0.61501414,0.707208,1164
0.56353974,0.66302407,0.46362633,0.31975168,0.51230055,0.50493133,0.48153734,0.37065077,0.43529457,0.35082912,0.27620566,0.48751193,0.4672484,0.44731656,1165
0.5680981,0.6743418,0.46378174,0.33311167,0.49417937,0.50715494,0.48820376,0.3706668,0.44281727,0.36631635,0.3051623,0.44551095,0.44185716,0.4163107,1166
0.52285707,0.562051,0.51227635,0.46557638,0.51062757,0.49513963,0.50407964,0.46479514,0.4846907,0.42775372,0.45362678,0.48862293,0.48368382,0.44892755,1167
0.5588813,0.6697193,0.483673,0.3575648,0.5050545,0.5017545,0.48777714,0.37567446,0.4399138,0.35192597,0.3344309,0.44350857,0.46354383,0.45005232,1168
0.54628366,0.61366653,0.5213107,0.43776953,0.5133633,0.5017149,0.5147762,0.4362634,0.49212527,0.41294655,0.40489593,0.46907884,0.48430544,0.4635015,1169
0.54626244,0.6191076,0.48911557,0.39914054,0.48769507,0.5061358,0.50279206,0.42214373,0.48716098,0.42848283,0.36518636,0.46448424,0.43908587,0.38859558,1170
0.5451332,0.5234623,0.48237482,0.49278164,0.43192464,0.51649964,0.5518651,0.50677264,0.5646523,0.62429947,0.46218535,0.43068662,0.35006738,0.23141728,1171
0.5131941,0.5633424,0.51407284,0.45893306,0.520311,0.49766994,0.48623252,0.46209162,0.4823553,0.4108641,0.44048107,0.5092192,0.49634525,0.4707919,1172
0.55662084,0.50394124,0.52523136,0.63210833,0.3844512,0.4969598,0.63348126,0.57017064,0.6074843,0.7204854,0.6326263,0.33022627,0.3132359,0.17256278,1173
0.5574386,0.5036593,0.5304032,0.64047945,0.383799,0.49469328,0.6379936,0.5791282,0.6203244,0.7305827,0.6291182,0.33101782,0.31320792,0.16975886,1174
0.5473896,0.58438826,0.49377027,0.44941944,0.47417316,0.50001615,0.5287148,0.45586228,0.4921544,0.46542758,0.43977186,0.45127925,0.43784526,0.37343752,1175
0.53504646,0.5662209,0.5519121,0.52886814,0.5089527,0.50260884,0.54296947,0.496928,0.54785174,0.49208924,0.47880974,0.4579142,0.47174776,0.43302596,1176
0.53209734,0.56995887,0.48926085,0.44492504,0.48239145,0.5025301,0.5071552,0.45741278,0.48799616,0.46038026,0.43944713,0.46954918,0.4401982,0.3829231,1177
0.49082386,0.5177513,0.5482651,0.52656406,0.53850996,0.50417465,0.4920569,0.506325,0.5272744,0.45178917,0.48608056,0.53284013,0.5174395,0.4992583,1178
0.556414,0.5665466,0.49995625,0.5139113,0.4361366,0.5058426,0.5717589,0.4983512,0.5532024,0.5932203,0.48013535,0.39485487,0.37146333,0.26281333,1179
0.5031334,0.49973646,0.5416819,0.5506098,0.51869804,0.49829152,0.5120642,0.5252943,0.523651,0.48627424,0.52801615,0.51181483,0.5054887,0.45702192,1180
0.5475435,0.5197998,0.5231283,0.57624805,0.43143454,0.50399804,0.59450054,0.5460046,0.5927603,0.66140884,0.5410263,0.39535588,0.36553252,0.24359868,1181
0.52385485,0.52280426,0.61257184,0.6142197,0.54779685,0.4980138,0.54515314,0.5534924,0.59100693,0.49759218,0.52593476,0.49922088,0.5337691,0.5272153,1182
0.55416477,0.61267173,0.453132,0.35534072,0.49755865,0.5087268,0.48011512,0.39320505,0.45717892,0.40737706,0.3186297,0.4739461,0.43165264,0.37807965,1183
0.55743116,0.5122053,0.54008365,0.619114,0.40468806,0.48966843,0.6186839,0.5630268,0.6005405,0.6822121,0.5955643,0.36326635,0.35445392,0.22077289,1184
0.5004128,0.53497684,0.5506578,0.52130383,0.5371256,0.49942613,0.4921836,0.5007777,0.52565676,0.44453725,0.471896,0.5259403,0.5270205,0.5095876,1185
0.4850805,0.49771428,0.6101627,0.6086719,0.57483006,0.5009757,0.5026104,0.5562626,0.5899528,0.4791531,0.5187063,0.5474911,0.56867737,0.57936645,1186
0.55401707,0.5413827,0.54660565,0.5784887,0.45275545,0.4982718,0.59541285,0.5377037,0.5812177,0.61244065,0.53698856,0.40638018,0.4135094,0.31285855,1187
0.5181242,0.5302492,0.5108218,0.52134746,0.47532144,0.50028527,0.5248005,0.50237364,0.51815945,0.5147428,0.504577,0.46088073,0.43751645,0.35369605,1188
0.53887326,0.52805895,0.5712944,0.5982552,0.4947105,0.4939423,0.5733195,0.54603595,0.58457786,0.56314516,0.53726614,0.4521188,0.47675732,0.40982008,1189
0.5407183,0.51283216,0.5264538,0.5731268,0.4446053,0.5001634,0.5829138,0.5393902,0.57760644,0.62148,0.5508033,0.41709492,0.39583686,0.2780844,1190
0.53078103,0.56158686,0.4976152,0.43665978,0.51142466,0.50793445,0.49404642,0.4491537,0.50143373,0.44663516,0.39126694,0.5033693,0.46431458,0.41019818,1191
0.49545875,0.5335242,0.5663431,0.5419795,0.547382,0.49980184,0.49933386,0.5159702,0.5367581,0.45067236,0.48638904,0.52706045,0.53820837,0.533576,1192
0.5432929,0.6421315,0.43863457,0.321921,0.49906108,0.50951713,0.4496592,0.36881405,0.42278486,0.3533248,0.30169642,0.4664427,0.43294594,0.39091924,1193
0.5117164,0.5313862,0.5619681,0.53469247,0.54936093,0.49877355,0.51646477,0.5057786,0.528433,0.44385302,0.49649665,0.508154,0.52809024,0.5263899,1194
0.5335806,0.6171727,0.43643713,0.32962486,0.516021,0.50943494,0.44633436,0.3704118,0.42113635,0.3542198,0.32172915,0.4782138,0.44966498,0.42306596,1195
0.513113,0.50607526,0.5363874,0.5515793,0.5032766,0.49740312,0.53831196,0.52323925,0.53030866,0.5158754,0.54165477,0.480744,0.47207636,0.41181675,1196
0.5183829,0.53477377,0.52559847,0.5151951,0.49696028,0.4945313,0.52199775,0.5032108,0.5158339,0.48274747,0.4935481,0.48786622,0.4690785,0.41387707,1197
0.54771936,0.4971576,0.5261602,0.6362444,0.385242,0.49503303,0.6232715,0.58244765,0.60953593,0.7253312,0.6281703,0.34673423,0.32005,0.17385964,1198
0.51444864,0.5512378,0.5474462,0.5193282,0.5148906,0.49440324,0.51436615,0.5001153,0.5206149,0.45447338,0.48070642,0.49662247,0.49205536,0.4640453,1199
0.55502635,0.57379794,0.5087104,0.48054188,0.47434804,0.50945175,0.54648185,0.46795237,0.5344274,0.5302689,0.452,0.4244455,0.4194265,0.347244,1200
0.5292414,0.51816994,0.5552865,0.5886962,0.48417854,0.4958788,0.5664263,0.542779,0.5813854,0.5823509,0.5412632,0.45236444,0.4658707,0.3775347,1201
0.53685963,0.635229,0.43151045,0.32190165,0.49997914,0.5091096,0.44742927,0.3676458,0.41273376,0.3418531,0.32049957,0.46419957,0.43535742,0.39731675,1202
0.54233724,0.53638333,0.47275233,0.4705985,0.44149634,0.51000816,0.53676826,0.48720613,0.5268709,0.55929655,0.46942106,0.44098088,0.372346,0.27113375,1203
0.54294723,0.516973,0.579372,0.6189043,0.48420155,0.4891068,0.5939965,0.5548497,0.5868992,0.5833926,0.56705123,0.4392651,0.45726272,0.378349,1204
0.54557645,0.6496761,0.4370444,0.3132649,0.5057191,0.50858176,0.44568437,0.35423517,0.40938908,0.3369185,0.30685908,0.45370597,0.43812037,0.41488004,1205
0.5386004,0.57699186,0.5089223,0.4630912,0.4903796,0.5037814,0.52304476,0.46485335,0.5054429,0.4747538,0.4449057,0.4613705,0.4500542,0.40163577,1206
0.5658203,0.5067647,0.5167842,0.6429485,0.3676924,0.49865466,0.6498042,0.58002424,0.6243365,0.7598385,0.6404412,0.30027574,0.28506327,0.14235294,1207
0.50930446,0.5404141,0.5431531,0.5054699,0.53986335,0.50304776,0.4985655,0.48992205,0.5203347,0.4416186,0.45843738,0.5255213,0.5211625,0.5036699,1208
0.49467853,0.5157439,0.56144583,0.53825134,0.5528583,0.49679294,0.4883364,0.51322675,0.5270217,0.43607274,0.49542385,0.53313667,0.53835493,0.5335218,1209
0.5194308,0.53371406,0.4774372,0.44204134,0.4963133,0.5160196,0.48735225,0.46428713,0.5021302,0.48866904,0.4169845,0.501449,0.43544316,0.36773947,1210
0.52771187,0.49321428,0.53549343,0.5799325,0.45738843,0.50307417,0.563022,0.5555432,0.59956443,0.64093155,0.532,0.44385925,0.39530554,0.28587306,1211
0.4959491,0.49004602,0.60976624,0.61622185,0.55416155,0.5066928,0.5187441,0.5584909,0.60990673,0.52241516,0.53008914,0.5228698,0.53420526,0.52324617,1212
0.51226026,0.53509885,0.5330686,0.51457804,0.51513106,0.49831152,0.5008781,0.49752146,0.51603866,0.45352852,0.47494608,0.5060405,0.49864328,0.45658094,1213
0.5093314,0.53659314,0.55318,0.5220453,0.54034746,0.50219584,0.5076223,0.49849054,0.5270306,0.4495417,0.48684397,0.50629497,0.518925,0.51274395,1214
0.5322625,0.5731824,0.46850634,0.41398746,0.48124915,0.51006037,0.48555592,0.4400995,0.4722774,0.44850644,0.40128362,0.47668982,0.42709774,0.36435127,1215
0.5185741,0.4957307,0.6115749,0.63738716,0.534636,0.5072646,0.57068306,0.5706832,0.63292086,0.579533,0.567664,0.46290976,0.4840479,0.4568886,1216
0.5613204,0.5942753,0.5401409,0.5065006,0.49028966,0.4896029,0.5619297,0.4840746,0.51815933,0.47358948,0.45615718,0.44945782,0.4809634,0.43017548,1217
0.52384675,0.5486537,0.56362003,0.5389166,0.5305602,0.50626177,0.52975523,0.5156144,0.5575388,0.49072894,0.47669274,0.49216968,0.49648502,0.48029667,1218
0.5109922,0.5141559,0.5659627,0.5574205,0.54260325,0.498967,0.52319115,0.5214324,0.54277605,0.47243696,0.5147697,0.5103116,0.5185075,0.50049627,1219
0.52312,0.513371,0.5647555,0.5892239,0.50075954,0.50272465,0.55667174,0.54051495,0.59126896,0.57164735,0.52866375,0.4638888,0.4681561,0.3970163,1220
0.54838985,0.59409314,0.48966008,0.4040741,0.5056366,0.51348335,0.5045909,0.42857367,0.4996737,0.44898027,0.37430507,0.47782904,0.45172688,0.41879663,1221
0.55779094,0.60056895,0.48487282,0.39928415,0.50012946,0.51606333,0.51611805,0.42560518,0.5042996,0.46529335,0.3548894,0.4678449,0.4400454,0.3943769,1222
0.54850847,0.652949,0.44144356,0.30490473,0.5172928,0.5089939,0.4455239,0.35117295,0.40867677,0.3227858,0.2731495,0.48335573,0.4605013,0.4418045,1223
0.5158328,0.57357806,0.58008444,0.52750343,0.54724705,0.49368152,0.5125069,0.4983177,0.5319536,0.41874784,0.45685998,0.51392865,0.5392694,0.5481382,1224
0.5445436,0.5158731,0.5395604,0.5953941,0.4468263,0.50752157,0.59232026,0.5568869,0.6108843,0.6666707,0.5478127,0.40218452,0.38171053,0.271262,1225
0.52514726,0.55197334,0.5045632,0.46945107,0.49752206,0.50433403,0.51061165,0.4704592,0.50832695,0.47433248,0.45750177,0.4770814,0.45362806,0.40169153,1226
0.5163228,0.57281834,0.47641778,0.40655237,0.5023446,0.50740874,0.47345814,0.4371932,0.4666596,0.41004592,0.40070772,0.5025929,0.45785797,0.41427088,1227
0.54892534,0.6309226,0.5286876,0.43045446,0.52879214,0.50063944,0.50876206,0.42691368,0.48424515,0.3844509,0.3881949,0.47098288,0.5043785,0.5050897,1228
0.50570786,0.5240364,0.554779,0.52989185,0.5446157,0.4953092,0.5092268,0.5047387,0.5283029,0.44816935,0.49570128,0.5172631,0.52247936,0.5105832,1229
0.5502699,0.53973186,0.547467,0.58259135,0.455875,0.4954604,0.59385395,0.5364985,0.5692357,0.5947216,0.54485637,0.41133147,0.42298004,0.32338226,1230
0.55404705,0.52873313,0.49857885,0.4966864,0.44735903,0.51305896,0.5600097,0.50733966,0.57194966,0.62018603,0.45115945,0.4337445,0.36649105,0.25780448,1231
0.5059165,0.5570167,0.5327136,0.4945491,0.5186005,0.49879068,0.49187827,0.4865109,0.50558513,0.4396453,0.45876205,0.51048905,0.50127256,0.47031206,1232
0.5705071,0.5400467,0.5412808,0.58202314,0.4389261,0.502932,0.61705315,0.53169245,0.6068236,0.6595085,0.53624135,0.36877173,0.37316254,0.26318306,1233
0.5425867,0.5513513,0.47384635,0.44412142,0.46603316,0.51250404,0.5240277,0.46029377,0.51392233,0.52410436,0.44089586,0.44870067,0.39706105,0.31673178,1234
0.56750107,0.50402415,0.5092115,0.6421714,0.35823506,0.49646512,0.645848,0.58268976,0.624009,0.76997334,0.641466,0.29298362,0.27402106,0.13276829,1235
0.539163,0.60569406,0.5406504,0.46385926,0.5271316,0.5013409,0.51321745,0.44916576,0.5138127,0.41762775,0.41550884,0.4736583,0.4985072,0.49247596,1236
0.5276838,0.56566286,0.48779088,0.449962,0.48107055,0.5013376,0.5037006,0.45783097,0.4891785,0.45791826,0.4434257,0.47679386,0.4490502,0.38458076,1237
0.5370823,0.6431087,0.4385748,0.3092041,0.513298,0.5042552,0.4361978,0.3528033,0.40486166,0.3202116,0.30264598,0.47912923,0.45521006,0.4356607,1238
0.5210429,0.55489737,0.48173514,0.45534986,0.46874166,0.49890384,0.49610648,0.4668409,0.48773143,0.47317392,0.44770944,0.47220257,0.42141518,0.34418675,1239
0.5257102,0.5537911,0.49493465,0.4662495,0.4832387,0.50668716,0.50932825,0.4641983,0.5115991,0.47897533,0.44499582,0.47350174,0.44726467,0.36655968,1240
0.56753737,0.5569227,0.48111454,0.48693436,0.4325883,0.5115173,0.5732627,0.48245782,0.55434304,0.6147185,0.46170035,0.39261878,0.35607395,0.24314524,1241
0.54766315,0.51536614,0.52915263,0.5757385,0.4367854,0.49960193,0.5904719,0.5492522,0.5797425,0.6346527,0.55410355,0.41283536,0.38932896,0.27572614,1242
0.5194777,0.5748074,0.56426543,0.50122225,0.5458353,0.4981648,0.49765742,0.48856065,0.5173402,0.40556994,0.43150583,0.52436054,0.5408803,0.5554279,1243
0.48827106,0.54287404,0.5652708,0.5178324,0.562433,0.49801427,0.47132307,0.49384603,0.519034,0.40240458,0.45908576,0.5464031,0.5557764,0.57129145,1244
0.5322659,0.5918959,0.5046667,0.44934082,0.496067,0.49529853,0.5021263,0.45219597,0.47640517,0.41968414,0.4306,0.47672382,0.4745989,0.43454033,1245
0.5628277,0.6138957,0.47637448,0.40085295,0.4592515,0.5104451,0.5311128,0.4293342,0.5042658,0.48612422,0.37348017,0.43539274,0.39485416,0.32024664,1246
0.5645845,0.60000837,0.46544477,0.37471622,0.48116028,0.51569176,0.51316863,0.41159433,0.49538764,0.47036937,0.33399191,0.4634961,0.41113767,0.3403688,1247
0.5143246,0.54134166,0.53772444,0.5200425,0.5090675,0.49565768,0.52152705,0.49927709,0.5175881,0.46521568,0.49261323,0.48821718,0.4846982,0.44387203,1248
0.56639063,0.5947606,0.47129446,0.39544597,0.468806,0.51596224,0.52956104,0.42817938,0.51263154,0.5010524,0.36141896,0.4496588,0.3981156,0.3224486,1249
0.48774016,0.5003799,0.58430564,0.5733876,0.56246674,0.4963342,0.49512514,0.5345802,0.5505012,0.45037377,0.5223075,0.53705144,0.5451964,0.55140513,1250
0.5173611,0.5420355,0.5647911,0.534159,0.54133755,0.4995968,0.51700115,0.5108875,0.5374292,0.4581543,0.47391364,0.5166526,0.53268963,0.5195886,1251
0.51992273,0.5695892,0.50826156,0.46058962,0.5010771,0.49772894,0.49491888,0.47091952,0.49171722,0.4365287,0.421313,0.5043121,0.47539794,0.42894006,1252
0.52970606,0.5818339,0.52555865,0.46782285,0.51241136,0.49990466,0.50379324,0.46941492,0.4935793,0.42668816,0.43644503,0.48984504,0.4887629,0.4696805,1253
0.53085005,0.517822,0.55580527,0.5760278,0.47379422,0.4999478,0.5648338,0.55074173,0.5902526,0.5963475,0.51706284,0.4585107,0.43187267,0.3454387,1254
0.5345744,0.5203583,0.5572985,0.5828014,0.4858326,0.505505,0.5653748,0.5455826,0.589596,0.5929085,0.5265769,0.4453631,0.43969926,0.3662813,1255
0.5581047,0.5294602,0.5461038,0.59774536,0.43990788,0.4986539,0.6100336,0.5493525,0.5984737,0.6525832,0.55946314,0.38556337,0.38563907,0.2756294,1256
0.5493509,0.55615485,0.5274257,0.54020274,0.45486966,0.4988532,0.574093,0.515457,0.5603919,0.5849443,0.4972831,0.41954166,0.40867338,0.31063634,1257
0.5335332,0.5863524,0.46140882,0.40115878,0.4867325,0.50799155,0.48786238,0.42564973,0.46154204,0.42923665,0.4111575,0.45337072,0.426118,0.36846027,1258
0.5652015,0.5506262,0.5497519,0.5511411,0.48137006,0.5013892,0.59229016,0.51774687,0.57536554,0.5686566,0.4975061,0.43232965,0.44479653,0.3727539,1259
0.5510396,0.52799386,0.55516505,0.5941138,0.46752867,0.5095387,0.5956726,0.54221374,0.60486335,0.62589467,0.54910576,0.40251616,0.40910196,0.32377365,1260
0.49909684,0.5493194,0.5727918,0.5435697,0.54162216,0.491659,0.50082284,0.51229197,0.5265975,0.43259358,0.4866024,0.5195418,0.5394067,0.5339959,1261
0.54362637,0.57557625,0.4664079,0.40953162,0.47891337,0.51386136,0.5022051,0.43645275,0.4958784,0.48366085,0.38503265,0.46531346,0.41090468,0.33985075,1262
0.5072775,0.5631069,0.518406,0.46242067,0.5243008,0.49634865,0.47893205,0.46458814,0.48288396,0.40538317,0.43995598,0.5171759,0.50751,0.48505998,1263
0.57301694,0.508848,0.50778484,0.64067924,0.3543317,0.4987609,0.65303373,0.5778044,0.6186377,0.76316565,0.6455833,0.28827032,0.2736844,0.12941988,1264
0.50243133,0.53413427,0.6068484,0.58896667,0.5634956,0.50160164,0.5128938,0.5362403,0.5855598,0.4673142,0.49891523,0.515488,0.5498143,0.56840193,1265
0.5502719,0.53903794,0.5049626,0.5040567,0.4567662,0.5185075,0.56477857,0.5025567,0.5764079,0.6148663,0.46347472,0.42841557,0.38401732,0.28364685,1266
0.5127912,0.5302765,0.5926572,0.5951933,0.5279653,0.498448,0.5415544,0.5495281,0.5876969,0.52577055,0.51676065,0.49405184,0.50179154,0.48536602,1267
0.5778896,0.56075156,0.5473012,0.56531674,0.46114868,0.49771336,0.61670893,0.51688766,0.5790788,0.59391093,0.51661676,0.39363462,0.42305455,0.33427477,1268
0.5065289,0.5124427,0.5841299,0.5832653,0.54034334,0.49377197,0.52849567,0.5387685,0.55693805,0.4748191,0.52877706,0.5090515,0.51921165,0.5029504,1269
0.5375102,0.50675243,0.52312285,0.5704127,0.4350667,0.5067149,0.57763404,0.55109847,0.6012626,0.6607025,0.5242926,0.42132545,0.36554402,0.24296884,1270
0.5465458,0.58792895,0.46053115,0.37815338,0.50497437,0.5150402,0.49070135,0.41255942,0.47620872,0.43993515,0.34486622,0.47798032,0.4338778,0.3827434,1271
0.51175845,0.53265905,0.56127626,0.5379152,0.5426503,0.49455348,0.51841533,0.50572914,0.5255067,0.4465156,0.5084505,0.49990544,0.5225998,0.5193137,1272
0.5528983,0.5242973,0.5186634,0.5695235,0.43358147,0.50780725,0.5911025,0.5359539,0.5934722,0.6554825,0.540892,0.38848436,0.3662365,0.24957854,1273
0.56517917,0.6035204,0.47534385,0.41410023,0.46387035,0.5132623,0.5323246,0.43286595,0.5053433,0.50329334,0.3872387,0.42861384,0.4028528,0.3248249,1274
0.48935091,0.55580294,0.48992682,0.4379941,0.51158464,0.5003978,0.43385085,0.45073938,0.4789658,0.39878073,0.40772626,0.5251113,0.48587805,0.43701214,1275
0.52269626,0.56407136,0.49392897,0.44663808,0.49792323,0.4990985,0.49419358,0.4598588,0.4778715,0.4374507,0.44047955,0.48401728,0.4626911,0.4193924,1276
0.5183817,0.5534136,0.566708,0.5265609,0.5402204,0.50119865,0.5205318,0.50003934,0.54055536,0.45483255,0.47182018,0.5075607,0.5184955,0.5148877,1277
0.48967683,0.5437438,0.53552985,0.48361546,0.5436516,0.502046,0.46227682,0.47833353,0.49998844,0.40509382,0.4471252,0.5434834,0.529628,0.5226983,1278
0.52130145,0.5428595,0.51411694,0.47743434,0.5112422,0.50515664,0.50065374,0.47441944,0.50645196,0.4604001,0.44927886,0.5040757,0.47962376,0.43390217,1279
0.5303471,0.56955194,0.5173606,0.47541788,0.50634307,0.49849346,0.5203283,0.46811548,0.49661705,0.446712,0.45628232,0.4774579,0.4804887,0.44387186,1280
0.5620824,0.62982637,0.4896249,0.40040997,0.49027675,0.5096827,0.5159888,0.41498718,0.48786384,0.44219664,0.36577183,0.43995455,0.4412893,0.39674628,1281
0.52926904,0.58851844,0.4899154,0.42643866,0.49608225,0.5034113,0.49239802,0.44427893,0.475875,0.4243329,0.41136557,0.4810244,0.4598336,0.40665138,1282
0.50636935,0.50364435,0.5663211,0.559031,0.54726255,0.4967014,0.51458013,0.53021675,0.54173493,0.47043833,0.52140874,0.51735926,0.52332157,0.5107833,1283
0.5179342,0.5203046,0.5514901,0.5476666,0.522922,0.49626726,0.53289086,0.5182902,0.5326705,0.48871505,0.522116,0.49129686,0.50262654,0.46670198,1284
0.5590377,0.52487177,0.47473118,0.5439628,0.38806754,0.5174361,0.59417075,0.5273201,0.5896115,0.7072752,0.526507,0.34958953,0.29305094,0.15794083,1285
0.5300432,0.5643267,0.5118126,0.47108632,0.5000744,0.50128126,0.5146706,0.4678876,0.49742788,0.45342326,0.45256475,0.47957802,0.4649141,0.41842452,1286
0.51514,0.52266186,0.5502001,0.53754777,0.52247727,0.498609,0.52417856,0.514697,0.5333959,0.47966143,0.4982276,0.5046768,0.49918818,0.46532038,1287
0.52056426,0.54824966,0.53960943,0.500996,0.52357244,0.50250554,0.512141,0.4831312,0.52320373,0.45620012,0.4735086,0.49276462,0.4964999,0.47412986,1288
0.55115217,0.5926582,0.47387847,0.40076274,0.4960142,0.512423,0.50733215,0.42614517,0.49614188,0.4639531,0.36235568,0.47024488,0.43800342,0.38418007,1289
0.5607858,0.53360486,0.55216974,0.5943151,0.45755312,0.5036583,0.6119353,0.54186887,0.60219556,0.6372462,0.5493758,0.3920021,0.3993342,0.301109,1290
0.5102845,0.52630436,0.55781496,0.54135,0.5388519,0.5000301,0.51594263,0.51708364,0.5396677,0.4666975,0.49034005,0.5189979,0.5134556,0.49613318,1291
0.5305412,0.5487266,0.46868953,0.43439087,0.48046365,0.51438254,0.5073389,0.4571886,0.4981554,0.49558157,0.43066478,0.46243137,0.40621006,0.33318475,1292
0.5667778,0.52090937,0.52502596,0.60562307,0.39922246,0.49334115,0.620448,0.560413,0.59037685,0.68426186,0.58535504,0.3550915,0.34330156,0.21261752,1293
0.5309337,0.51774025,0.4863673,0.5023078,0.46070272,0.50922495,0.5389235,0.5054652,0.53200555,0.5716372,0.50794107,0.44704986,0.40539593,0.31000102,1294
0.4960027,0.5331574,0.59020656,0.5585327,0.57282436,0.50051177,0.49647927,0.52293915,0.5476855,0.42838317,0.48877722,0.53774714,0.56165534,0.5903934,1295
0.5127595,0.53729194,0.5533719,0.53373605,0.5281711,0.49969894,0.5070599,0.51058096,0.534198,0.46602213,0.48678064,0.50414443,0.5114439,0.48117694,1296
0.5726949,0.5460014,0.5605934,0.5937647,0.46832076,0.49021363,0.61833185,0.539813,0.57435036,0.58367044,0.5459674,0.40940842,0.4475525,0.36380422,1297
0.5369434,0.5406341,0.55438405,0.56698424,0.47768515,0.49705875,0.56390035,0.5363575,0.5731062,0.5627561,0.5064518,0.45476738,0.44970876,0.37258816,1298
0.52360976,0.55369467,0.5112475,0.4805161,0.49929574,0.50259376,0.5097007,0.47784406,0.5066998,0.47035757,0.45848975,0.48927167,0.4695467,0.4190159,1299
0.543201,0.6429424,0.4359746,0.31820092,0.5024907,0.5072519,0.44996852,0.3636361,0.41598198,0.338655,0.30839407,0.4698728,0.44042242,0.40993756,1300
0.5236875,0.6111393,0.52438486,0.4358788,0.5231574,0.50074536,0.4809912,0.44105437,0.48555195,0.39023298,0.39874995,0.4958424,0.4988963,0.49596483,1301
0.56242347,0.70336986,0.44341195,0.27222112,0.51116973,0.5042968,0.4419373,0.3220253,0.38806102,0.27863362,0.24965002,0.46274626,0.45763874,0.4603213,1302
0.5552547,0.6252498,0.49218717,0.41245058,0.48116902,0.5014074,0.5185063,0.42665654,0.47412112,0.42582536,0.3894671,0.44434622,0.44503325,0.39744654,1303
0.5305113,0.55893123,0.53409255,0.5097407,0.5037853,0.49957746,0.52744794,0.48725548,0.5177222,0.48088986,0.4757748,0.4722505,0.47985652,0.42929202,1304
0.5454288,0.66705036,0.4650574,0.32090685,0.5225538,0.50296426,0.45274833,0.35541382,0.41099393,0.30800453,0.3147135,0.46892706,0.4797332,0.48864377,1305
0.5506836,0.63155967,0.47721428,0.37215966,0.49945164,0.5058204,0.49009916,0.397271,0.45914045,0.39212245,0.35702333,0.458098,0.45120794,0.42031866,1306
0.54017174,0.6561792,0.437264,0.30379105,0.5076098,0.50388026,0.43108487,0.34873602,0.3988988,0.30330715,0.2968134,0.4788377,0.45547783,0.43853733,1307
0.51768816,0.5303031,0.5463947,0.54116255,0.5083626,0.5001854,0.53422254,0.5187953,0.53878444,0.5038394,0.5085969,0.4888204,0.48135543,0.4390603,1308
0.5657998,0.6421953,0.46238127,0.3480558,0.4850734,0.51004595,0.49339226,0.38949463,0.45679754,0.3925957,0.32346198,0.4596177,0.42771846,0.38661534,1309
0.5678554,0.6283883,0.47532263,0.3713375,0.49495313,0.5160838,0.5179815,0.4063967,0.491121,0.4440254,0.32369825,0.46336284,0.4427237,0.3940624,1310
0.53705066,0.54143625,0.50076616,0.51102406,0.44566,0.5052948,0.5480594,0.5033861,0.54550755,0.5790197,0.492329,0.4328843,0.39214793,0.286588,1311
0.54598963,0.64434785,0.44392344,0.31783673,0.515669,0.5081869,0.4526087,0.35821357,0.4202273,0.33737347,0.2972264,0.4734632,0.45375144,0.43393692,1312
0.55602145,0.59610385,0.47750047,0.41063613,0.4714765,0.5142477,0.52494514,0.43898162,0.5086435,0.49558097,0.3772657,0.45124206,0.41289982,0.33996803,1313
0.51906574,0.5641706,0.5002861,0.44569716,0.50620216,0.5050546,0.49037123,0.452789,0.49097848,0.4386567,0.43302572,0.49519926,0.47053766,0.42515564,1314
0.5475922,0.5138054,0.5409814,0.58887744,0.45397884,0.50744677,0.5950195,0.5489826,0.6033269,0.65189546,0.5602923,0.40235737,0.3924896,0.28861922,1315
0.56258905,0.5941141,0.4709956,0.418502,0.46473223,0.51727617,0.5319807,0.43739522,0.5166697,0.52319914,0.38184634,0.42916092,0.39305314,0.30873686,1316
0.51969784,0.5527151,0.529319,0.49734142,0.50684017,0.49863568,0.51361966,0.48907268,0.50764716,0.4569097,0.4721972,0.49169824,0.4824697,0.4425552,1317
0.54782254,0.5186431,0.5106129,0.57283723,0.42504567,0.5057874,0.5904564,0.5393804,0.575914,0.65341204,0.56026703,0.38867912,0.36375105,0.23901744,1318
0.51509094,0.5653174,0.4856639,0.4360045,0.49113578,0.50025254,0.48032835,0.45061067,0.4776603,0.42953908,0.42024636,0.49755132,0.45556375,0.4020718,1319
0.5066325,0.54175836,0.5157995,0.4847506,0.5122695,0.5040186,0.4906258,0.485913,0.50207484,0.45620158,0.45932376,0.5100832,0.48549354,0.4456347,1320
0.49180236,0.50817317,0.55404204,0.5447302,0.5355004,0.50526166,0.49384168,0.51739305,0.54394144,0.4750477,0.49880558,0.52964276,0.516999,0.49214706,1321
0.54670656,0.5717714,0.5463631,0.5137827,0.50820744,0.5003179,0.55195975,0.48431158,0.5358182,0.48836833,0.47996354,0.45112753,0.47804698,0.44301426,1322
0.5338745,0.6010769,0.4754718,0.38971385,0.50352687,0.5079151,0.47367004,0.41370684,0.46217573,0.4058276,0.37161472,0.4786158,0.4524117,0.419242,1323
0.54577374,0.62037647,0.45385912,0.35432577,0.49068382,0.5071438,0.47693557,0.39155826,0.4455651,0.3873485,0.3426691,0.4665475,0.4338149,0.386675,1324
0.55125433,0.52198833,0.509149,0.56142116,0.42125025,0.50665426,0.5929771,0.5294729,0.5803248,0.6522618,0.5464661,0.3844577,0.3533793,0.22805437,1325
0.53877974,0.5638165,0.5541202,0.53210497,0.50759137,0.49940503,0.5501012,0.5011314,0.5426976,0.49372366,0.47655094,0.47177783,0.48604533,0.44147226,1326
0.5520551,0.54119414,0.48353317,0.46935534,0.4454863,0.51708364,0.5556247,0.48259893,0.5592808,0.5996434,0.45310724,0.42456955,0.3627924,0.26244625,1327
0.5118594,0.56364465,0.50222075,0.44156638,0.5233379,0.50024873,0.47453138,0.44891006,0.46372145,0.3877561,0.43688083,0.5095205,0.49612015,0.47641963,1328
0.5434134,0.52573544,0.537445,0.56120765,0.47408435,0.5066196,0.5791073,0.52939826,0.5843875,0.6035651,0.52436054,0.4306588,0.42194885,0.3341973,1329
0.5315068,0.5433583,0.5811116,0.5904413,0.5037212,0.48625812,0.5591012,0.53737396,0.57922816,0.5288478,0.5244491,0.45765603,0.4882242,0.45420402,1330
0.52520436,0.57997966,0.5354423,0.4760304,0.527076,0.49988565,0.5056504,0.46941105,0.5037571,0.42790717,0.44615158,0.48470414,0.49621993,0.48386818,1331
0.52815384,0.5549635,0.4960473,0.47556046,0.4731667,0.5012487,0.51574135,0.47019058,0.5097622,0.49414888,0.4638385,0.46384588,0.4397288,0.35585663,1332
0.5592862,0.55801356,0.5217199,0.5482097,0.42752498,0.49464363,0.5856986,0.5224443,0.5524567,0.59571964,0.5146364,0.39608806,0.38337505,0.2768188,1333
0.50218314,0.5536933,0.5305799,0.48848942,0.5194834,0.4978075,0.48597595,0.48560283,0.4950048,0.42220047,0.46126395,0.5178835,0.50220007,0.48000127,1334
0.5073021,0.53504515,0.56015533,0.55094594,0.52357715,0.5029344,0.51528114,0.52334386,0.5622614,0.5005164,0.4777498,0.50374264,0.508001,0.46831268,1335
0.4935329,0.52006716,0.5808024,0.5649087,0.55125254,0.49575946,0.5003493,0.52890295,0.5448368,0.4514149,0.50118566,0.53671515,0.5418814,0.53907955,1336
0.5345441,0.570748,0.49288467,0.46108434,0.46708056,0.50426835,0.51622707,0.47324434,0.50800085,0.5067208,0.44513404,0.45159635,0.41756922,0.34836128,1337
0.55274886,0.5011854,0.5432311,0.64241487,0.3989691,0.4930392,0.62823033,0.58332115,0.6153903,0.7129042,0.62381566,0.3528417,0.33742842,0.1993398,1338
0.57423425,0.5480748,0.543456,0.59040064,0.44177073,0.4908819,0.621747,0.5345778,0.5721672,0.6173941,0.56193167,0.37691236,0.4108908,0.30878094,1339
0.53683364,0.6120655,0.5467538,0.46181673,0.5384313,0.49590546,0.5057796,0.45319286,0.4897804,0.38650155,0.4199395,0.48632982,0.5257146,0.54305077,1340
0.5658465,0.5521209,0.5362557,0.56769997,0.43844014,0.49277502,0.60191107,0.5279463,0.55835557,0.5953793,0.53516734,0.39682546,0.40805,0.30770704,1341
0.4877911,0.5357535,0.5566287,0.51734185,0.5566968,0.50272596,0.47099397,0.5046675,0.5314142,0.42648542,0.45890746,0.5414579,0.53782314,0.5466385,1342
0.52602226,0.5619223,0.5127042,0.49548987,0.4716767,0.49803767,0.5226254,0.49307534,0.51589143,0.49344218,0.46939203,0.4650799,0.43129587,0.3590083,1343
0.5157055,0.52629215,0.5357768,0.5278301,0.50470895,0.49418077,0.520254,0.5138273,0.5223296,0.4779735,0.5008878,0.49868655,0.47972876,0.43223894,1344
0.50637555,0.56721044,0.5245774,0.45850867,0.53452283,0.5009682,0.47328973,0.46123478,0.48914924,0.3998859,0.42665863,0.52213496,0.5134781,0.50253534,1345
0.54724383,0.5250233,0.5505793,0.5702567,0.47616628,0.5108048,0.58116937,0.5336107,0.604478,0.6176391,0.5261208,0.41812536,0.41072398,0.33497927,1346
0.55007005,0.5331167,0.4968415,0.53351563,0.42817393,0.5116708,0.5796473,0.512139,0.5727646,0.640698,0.5149474,0.39131752,0.35374779,0.23193032,1347
0.5350913,0.6428499,0.5286338,0.4002996,0.55165064,0.4980854,0.4775606,0.4099435,0.4628121,0.3333067,0.3680935,0.49125928,0.5216123,0.55890214,1348
0.5420473,0.57831967,0.48012987,0.4096158,0.49349385,0.51684827,0.50309336,0.44009614,0.5027221,0.46553814,0.3696386,0.49034223,0.43446097,0.37529883,1349
0.5229412,0.51577234,0.54140997,0.55614316,0.49325866,0.49888492,0.5505756,0.5273935,0.54485744,0.5275837,0.53395796,0.47183222,0.45843536,0.39819604,1350
0.5211949,0.55112386,0.52849877,0.48855194,0.5197123,0.49797535,0.5094423,0.4781735,0.50988567,0.44384864,0.46074918,0.49801475,0.4977059,0.46257108,1351
0.5463536,0.5145047,0.5368576,0.58828163,0.4501842,0.50251836,0.58971244,0.5510573,0.58560336,0.63869303,0.5624468,0.41017336,0.40297875,0.29479745,1352
0.56957257,0.5058156,0.5119452,0.6489146,0.35826623,0.49772173,0.6517715,0.5870492,0.6213802,0.76668423,0.6456629,0.29431185,0.27760705,0.13347605,1353
0.50651795,0.54763854,0.5407397,0.50212014,0.53036803,0.49877113,0.49916598,0.491226,0.51507276,0.44310814,0.4663538,0.51125205,0.5061653,0.4904562,1354
0.49174437,0.52775663,0.6263399,0.5952371,0.59285444,0.4957219,0.49722114,0.5440875,0.5779497,0.42299646,0.4950689,0.5513929,0.58854747,0.63999003,1355
0.50334996,0.54010177,0.5648936,0.5254629,0.5494335,0.49809173,0.4967639,0.50343555,0.5296196,0.43240362,0.47707596,0.52310145,0.5348131,0.53705007,1356
0.5094488,0.54430497,0.5541636,0.53650874,0.51219845,0.49147078,0.50643694,0.5149045,0.5222722,0.45443764,0.48609346,0.49963203,0.49517635,0.46076205,1357
0.5537137,0.59030265,0.4658063,0.39722395,0.48863465,0.51451355,0.50991005,0.42623985,0.4916523,0.47172147,0.3567122,0.45663366,0.41285485,0.34141746,1358
0.5542484,0.5013056,0.53260136,0.6396785,0.39250907,0.49838227,0.62789226,0.58097595,0.6185066,0.72724175,0.6281295,0.33728597,0.32003376,0.18321985,1359
0.5120914,0.5778429,0.43555284,0.3653568,0.50337255,0.50585985,0.42361787,0.39740607,0.42781144,0.38138032,0.36730298,0.4842933,0.4518286,0.41258687,1360
0.5620125,0.59907657,0.45386916,0.38815367,0.47434548,0.51847816,0.51215935,0.4185177,0.49329776,0.4839257,0.35144335,0.44273302,0.39924204,0.32298785,1361
0.5240839,0.50470877,0.57605046,0.6384138,0.4562856,0.49937072,0.57235503,0.57037824,0.604033,0.61755973,0.5895483,0.4214909,0.4270927,0.327677,1362
0.5501542,0.62937665,0.5696261,0.4687147,0.5570697,0.50397205,0.51801807,0.44382197,0.524117,0.38474685,0.39393836,0.47833505,0.5357809,0.5770604,1363
0.5382243,0.528974,0.5490886,0.57936674,0.4714021,0.4912769,0.5726756,0.5384457,0.5573242,0.5605906,0.54081804,0.4440423,0.45528144,0.36072284,1364
0.5427034,0.5815083,0.49463102,0.43206772,0.48381382,0.50858384,0.51489013,0.4468836,0.5131492,0.4790232,0.39943212,0.46928987,0.4347358,0.36540473,1365
0.5091923,0.5280131,0.51626205,0.5148103,0.48611283,0.49910846,0.50713724,0.5077277,0.5230694,0.50121695,0.49352857,0.48238614,0.44844037,0.38650745,1366
0.5525592,0.53406256,0.55233115,0.58852273,0.4626909,0.50454617,0.5981798,0.540284,0.59832525,0.62455916,0.543041,0.40180737,0.40808296,0.31814346,1367
0.55006224,0.5990247,0.517854,0.46678588,0.48372075,0.5052637,0.53763974,0.4629775,0.529948,0.49686986,0.4167913,0.44132414,0.4354868,0.37759688,1368
0.5454777,0.49759626,0.53398156,0.6308043,0.39616954,0.49147516,0.6130388,0.5791517,0.600982,0.69573253,0.62453055,0.36384696,0.34032616,0.20368618,1369
0.5190101,0.5282335,0.51992404,0.51068294,0.49646428,0.50814164,0.5235662,0.48878932,0.5466367,0.54048616,0.4882564,0.45504183,0.44504195,0.3659813,1370
0.54514045,0.61192346,0.4629253,0.36435473,0.5039022,0.50851524,0.47439128,0.39997318,0.45752788,0.39327493,0.32586086,0.49067006,0.44722235,0.40587476,1371
0.5635103,0.6864697,0.45438042,0.30627924,0.5108191,0.5044926,0.46162444,0.34389576,0.4137012,0.3176483,0.27857953,0.45114425,0.45781472,0.45118633,1372
0.49180895,0.5876616,0.5305542,0.44895455,0.53490126,0.50601196,0.43613973,0.44831425,0.49810907,0.39259025,0.4050287,0.5180017,0.5187724,0.52197814,1373
0.52689874,0.5963722,0.5147859,0.43538812,0.519861,0.50082225,0.4886481,0.44342867,0.4799522,0.39816716,0.4080567,0.49436763,0.49012762,0.4782211,1374
0.5486292,0.51955587,0.5372888,0.5862962,0.44270182,0.500934,0.59650373,0.5485696,0.5844428,0.6372697,0.5515521,0.40889522,0.39427435,0.27931383,1375
0.51126087,0.56211174,0.50964516,0.44815388,0.5242957,0.5015014,0.47936568,0.45675763,0.4763326,0.40635258,0.433645,0.51083845,0.49315917,0.47572622,1376
0.5573092,0.58076125,0.4767093,0.42164516,0.4757887,0.5168901,0.53255373,0.44398865,0.52652407,0.52920365,0.38390353,0.4439038,0.4049735,0.32663468,1377
0.48789853,0.5490552,0.5453179,0.49753982,0.54263073,0.4997935,0.4699728,0.48612392,0.5065208,0.40907392,0.45375276,0.53812534,0.5294134,0.52732813,1378
0.533525,0.5044483,0.51568186,0.54894936,0.45590138,0.5083068,0.55817264,0.5289101,0.57387966,0.61269057,0.515423,0.44340166,0.39486378,0.2773914,1379
0.5167624,0.52987975,0.56066567,0.5419298,0.5338453,0.49597925,0.5230399,0.5166443,0.5312901,0.46434656,0.503076,0.50695485,0.5174287,0.5019677,1380
0.5057833,0.5641543,0.5310683,0.47807157,0.53163505,0.49978682,0.482406,0.47285935,0.5021332,0.41814512,0.44317397,0.5142595,0.5070621,0.4979373,1381
0.5339325,0.52383935,0.5028367,0.5092976,0.46039376,0.5082743,0.5416912,0.5142014,0.5577785,0.5818487,0.46658143,0.46067247,0.3966744,0.29887304,1382
0.49144015,0.520181,0.545298,0.538545,0.5260687,0.49842653,0.48911142,0.51366353,0.52823406,0.45663038,0.49039462,0.52628374,0.5120041,0.4834021,1383
0.49155176,0.5032143,0.58980346,0.5874507,0.55465376,0.4985009,0.5044802,0.5456372,0.56518334,0.47534984,0.5137048,0.53505033,0.5486896,0.5423901,1384
0.53201705,0.5084529,0.5288732,0.5662446,0.45522383,0.5049907,0.5697556,0.5417617,0.57947564,0.62159586,0.53819346,0.4369483,0.4067374,0.30022314,1385
0.5214184,0.52458656,0.5382558,0.5366686,0.49571148,0.5053467,0.53861773,0.5210235,0.5532945,0.52519697,0.48932505,0.49018985,0.4648159,0.38423678,1386
0.55324966,0.6795719,0.437921,0.28170037,0.51869535,0.504925,0.43932542,0.32941467,0.39045054,0.29069513,0.26493844,0.4691153,0.46170884,0.45992383,1387
0.5201059,0.55834025,0.53197193,0.49011612,0.5168505,0.49864137,0.5071294,0.479221,0.50641674,0.44135135,0.4583665,0.49732885,0.49543005,0.46154803,1388
0.5233976,0.51741695,0.5190021,0.543431,0.46090797,0.50213224,0.53666973,0.523714,0.5676733,0.57407653,0.50403404,0.45593452,0.41443726,0.31254208,1389
0.5158618,0.5439797,0.5274977,0.4949425,0.52596205,0.5032369,0.5092944,0.48239705,0.5063285,0.45114413,0.4775219,0.49374464,0.49510267,0.4682019,1390
0.51580507,0.50518614,0.55370677,0.5794862,0.49307933,0.49514955,0.5473712,0.54050773,0.55069345,0.5305398,0.5471331,0.48097456,0.4701735,0.40117422,1391
0.5524517,0.61753386,0.49114034,0.41712332,0.4757057,0.5117992,0.51425815,0.44344118,0.50502896,0.4693657,0.35421866,0.45738873,0.4244922,0.35676408,1392
0.55065805,0.5917516,0.4759806,0.41304746,0.46019506,0.50917274,0.52104676,0.44360003,0.5059795,0.4925327,0.38815805,0.45335495,0.3968348,0.321565,1393
0.4958322,0.5433896,0.5310482,0.49837843,0.52372026,0.50157905,0.4782646,0.49099228,0.5122363,0.4358822,0.45453334,0.52673805,0.5094174,0.48249128,1394
0.5046517,0.53354335,0.5232673,0.4951214,0.5114461,0.5023989,0.49793237,0.48805198,0.51047,0.4529124,0.46816784,0.5155589,0.48317444,0.4399868,1395
0.5568076,0.66030955,0.45649505,0.33393884,0.49151847,0.50331426,0.47330672,0.3705812,0.42357317,0.34731382,0.32575738,0.45093802,0.4431641,0.4163419,1396
0.5193945,0.5406528,0.52605164,0.4979522,0.5162997,0.49807563,0.5120248,0.48562244,0.50567156,0.45413807,0.4806064,0.49312484,0.49148437,0.4560664,1397
0.5254223,0.5916028,0.48495826,0.40170434,0.52506936,0.5073983,0.47023928,0.41404578,0.4679591,0.39815447,0.3851301,0.4826363,0.47313687,0.4523729,1398
0.52252525,0.5862658,0.5065829,0.43732545,0.5083545,0.49855116,0.48988304,0.44678295,0.4757206,0.40209618,0.41898623,0.49739313,0.48140287,0.45246443,1399
0.50415117,0.60690737,0.47492436,0.36190802,0.54173774,0.50388825,0.42940363,0.3898374,0.43860215,0.34004566,0.35410184,0.502866,0.49852794,0.49950534,1400
0.5278089,0.5258463,0.5467941,0.5614739,0.48811024,0.5056537,0.556898,0.5325585,0.5762433,0.5705272,0.50834507,0.4622163,0.4516348,0.3748172,1401
0.5469071,0.50202715,0.5249143,0.6011323,0.42163572,0.5120559,0.5971751,0.56111854,0.61501753,0.6998824,0.5765047,0.37381208,0.3434489,0.2178743,1402
0.5793785,0.62162447,0.50318134,0.45764884,0.45242366,0.5011612,0.56649363,0.44805944,0.507646,0.50312644,0.42596295,0.39860594,0.41589558,0.33635312,1403
0.5123454,0.49177104,0.581989,0.6071782,0.52957183,0.5009513,0.5484338,0.56394434,0.5826746,0.5440768,0.55106705,0.5018048,0.50733125,0.46452993,1404
0.57100785,0.5832844,0.5265545,0.52393293,0.45748356,0.49670476,0.58692664,0.48960465,0.5346401,0.54029197,0.4955654,0.39665535,0.42448413,0.34123898,1405
0.53967994,0.50905436,0.49007753,0.5002503,0.44502977,0.51459306,0.55824417,0.5106048,0.56943554,0.62272024,0.48222905,0.44016045,0.36299482,0.2518387,1406
0.5202852,0.5749808,0.5623823,0.51237524,0.53556556,0.5025452,0.5078112,0.48611176,0.5366643,0.4402278,0.4498355,0.49351963,0.5108703,0.51031625,1407
0.5548522,0.53456795,0.543476,0.57096225,0.46914482,0.50080055,0.593231,0.5328757,0.5804912,0.6040898,0.5332453,0.41827554,0.42724872,0.34080765,1408
0.5518194,0.5280763,0.55851173,0.6077177,0.4557363,0.4919228,0.6068864,0.55056626,0.58024836,0.612172,0.5716782,0.4077675,0.4291541,0.3292253,1409
0.5608485,0.5163663,0.5312769,0.61042506,0.4153788,0.5016414,0.6236245,0.55364555,0.6047856,0.6921035,0.591823,0.35543454,0.3486379,0.21756679,1410
0.50716656,0.5282305,0.5254991,0.5076847,0.5144639,0.49587417,0.5025043,0.49665818,0.50029695,0.4531348,0.48897752,0.50775653,0.49580687,0.45515823,1411
0.49816012,0.53893745,0.5208964,0.49514517,0.5126763,0.50247025,0.48128793,0.49005085,0.5103785,0.45630285,0.45930663,0.5172257,0.49292594,0.44893837,1412
0.539732,0.588118,0.4715295,0.40148774,0.4946377,0.51167077,0.48718515,0.43088648,0.48566797,0.44115815,0.3630109,0.4884995,0.44016767,0.3813143,1413
0.5245255,0.5823968,0.56584877,0.5125241,0.5330656,0.4913479,0.5159072,0.48712936,0.5189565,0.4217373,0.45901462,0.4951135,0.5235744,0.52163124,1414
0.51038516,0.5067628,0.5926068,0.6074783,0.5327791,0.4957466,0.53597856,0.55924135,0.575658,0.50532997,0.53231436,0.5092591,0.5271296,0.49707523,1415
0.54374945,0.6068264,0.46666783,0.3690574,0.5087483,0.5085254,0.48103613,0.40086237,0.4578818,0.39521512,0.3516242,0.4794469,0.4503046,0.41865063,1416
0.5427122,0.51004326,0.5208325,0.5666455,0.4352347,0.50332654,0.5815761,0.54851335,0.5880774,0.64087975,0.5389613,0.41617867,0.37195873,0.2579881,1417
0.55322313,0.5098392,0.6102719,0.6761082,0.46898514,0.4847422,0.6289654,0.5915554,0.6367064,0.64216393,0.61891454,0.39582768,0.42947865,0.34233284,1418
0.5312311,0.55660045,0.49463978,0.43664303,0.5122018,0.51634806,0.4965117,0.4535028,0.512962,0.4724058,0.39527598,0.49935812,0.45630386,0.40789422,1419
0.5510679,0.52634287,0.48377857,0.5378405,0.41356575,0.5132351,0.58221996,0.52152145,0.5790784,0.6741159,0.52225006,0.37722543,0.3327144,0.20536444,1420
0.5316538,0.50363153,0.53870344,0.5863234,0.45994997,0.4998086,0.5690185,0.5420659,0.58408,0.6050377,0.5626156,0.42539805,0.40902823,0.30223203,1421
0.5547755,0.565253,0.5889692,0.57506746,0.5219019,0.49802858,0.58362436,0.5166666,0.58672744,0.5146531,0.49385342,0.4514039,0.49602887,0.47097197,1422
0.52136225,0.55931693,0.49537095,0.4526097,0.49402013,0.49679452,0.4971972,0.4609052,0.48044798,0.43824634,0.4477687,0.48759627,0.4602733,0.40961856,1423
0.52874225,0.6095723,0.44792807,0.35401645,0.5006255,0.5073347,0.44645646,0.38976896,0.429693,0.36808035,0.33369187,0.4862853,0.4427747,0.39458057,1424
0.551579,0.66073596,0.43727615,0.29627943,0.51359195,0.50689405,0.44607586,0.3455615,0.40511063,0.3189334,0.2813501,0.4695219,0.455037,0.44306087,1425
0.5222282,0.54807264,0.4971928,0.46563324,0.4960064,0.5051654,0.5092203,0.46475363,0.49681717,0.46437877,0.46320075,0.48239312,0.45970774,0.39639688,1426
0.52282387,0.50793487,0.5323351,0.549012,0.48575518,0.49968347,0.54442847,0.53369856,0.5491737,0.5431853,0.52305126,0.47984034,0.45509645,0.3776529,1427
0.51418,0.55408776,0.540135,0.50075495,0.52137256,0.500195,0.50803214,0.48830375,0.51480556,0.44911224,0.46818927,0.50068367,0.49609175,0.46955907,1428
0.5247817,0.56450975,0.50154865,0.46085402,0.4934593,0.4956433,0.50531936,0.46540686,0.48935,0.4469615,0.44614124,0.48293433,0.46205705,0.4122517,1429
0.48200098,0.49595344,0.53103167,0.5366454,0.52215266,0.5072582,0.47570637,0.53097713,0.54096156,0.5027259,0.49411964,0.5250415,0.4894395,0.45018652,1430
0.53942585,0.5683978,0.4838395,0.41868243,0.5045239,0.51308894,0.5023474,0.44250053,0.50032955,0.4636882,0.37306553,0.49192384,0.444231,0.3910388,1431
0.53961647,0.59112793,0.52927047,0.4908,0.4885989,0.49860072,0.52784824,0.4828458,0.52451444,0.4785815,0.4436278,0.45916587,0.46289217,0.40605393,1432
0.5592449,0.54432905,0.54560125,0.5794708,0.4538791,0.49771428,0.6011434,0.5320113,0.58176655,0.6086451,0.5370304,0.39946684,0.41083378,0.31365418,1433
0.5787399,0.7685206,0.4542431,0.2313516,0.5220206,0.4959078,0.4353032,0.28723675,0.35769132,0.21270032,0.19626646,0.4665005,0.49222323,0.5317831,1434
0.4995861,0.4915922,0.52252376,0.54206574,0.4901391,0.50087595,0.4986621,0.5238726,0.54704624,0.53268886,0.514495,0.4945074,0.45486838,0.37886626,1435
0.5536787,0.529152,0.5349657,0.5729428,0.45637053,0.50132793,0.59196645,0.5393019,0.56942874,0.60879385,0.53670824,0.4212168,0.42300624,0.32110283,1436
0.5474594,0.62419,0.4693228,0.36124584,0.5238134,0.5103151,0.47580913,0.38886535,0.45444024,0.3733251,0.32962754,0.48021972,0.47030953,0.45359597,1437
0.5755366,0.8000763,0.44624567,0.20059898,0.5282796,0.4873839,0.409262,0.25589153,0.32182762,0.16626246,0.17545943,0.46203783,0.4997792,0.5628726,1438
0.5298526,0.6141406,0.48501813,0.38536802,0.51916844,0.49808192,0.4577509,0.40772703,0.45552275,0.35601676,0.34804884,0.49022022,0.47212523,0.4565062,1439
0.5389766,0.53878284,0.5185214,0.5263452,0.47738406,0.51043075,0.54560333,0.50459206,0.5477719,0.56219333,0.498807,0.4353814,0.4269325,0.34905753,1440
0.5434389,0.56179816,0.4790804,0.4313898,0.47318882,0.51514906,0.52217585,0.45946938,0.51977104,0.51713455,0.40318576,0.46725923,0.41040844,0.32615972,1441
0.5830558,0.5764899,0.5066846,0.5313807,0.41311792,0.50190705,0.61135274,0.49626926,0.560863,0.6287022,0.5041708,0.3534035,0.36123407,0.23957331,1442
0.553824,0.5158049,0.5216817,0.5688835,0.42890218,0.5074511,0.60091215,0.5366092,0.60090744,0.67239434,0.53836614,0.38929155,0.35110292,0.22688206,1443
0.50793606,0.5429816,0.5546361,0.5276203,0.53074265,0.49972203,0.50856364,0.5023521,0.5333861,0.45943627,0.4837771,0.5020621,0.5076573,0.48970962,1444
0.561064,0.5417001,0.5479556,0.5866824,0.44876322,0.49680442,0.61037767,0.5365103,0.58882844,0.62589645,0.5481905,0.38964948,0.4024603,0.3025576,1445
0.55372417,0.4991519,0.50909734,0.62779284,0.36417007,0.49837506,0.62265927,0.5812739,0.6017349,0.7330857,0.628579,0.33044165,0.29476383,0.14833425,1446
0.5391909,0.548523,0.5013202,0.48735195,0.4676455,0.50355715,0.5403399,0.48728922,0.5181669,0.5148205,0.4780166,0.45697808,0.42873317,0.34642616,1447
0.5441246,0.5686174,0.53977937,0.4919861,0.52315366,0.50702804,0.5349485,0.4744414,0.529507,0.46886662,0.45501,0.47264525,0.49256137,0.4732281,1448
0.5353629,0.5844334,0.5178012,0.45257226,0.5124117,0.50280774,0.50219506,0.44929215,0.4995874,0.42961735,0.41638562,0.4873548,0.4806079,0.45339832,1449
0.50688076,0.5494951,0.5045416,0.4604357,0.50643486,0.5017479,0.48217922,0.4678866,0.4859684,0.43064496,0.44909853,0.5114289,0.47945094,0.43722665,1450
0.50677395,0.5139505,0.55909646,0.5613943,0.52316964,0.49900752,0.5230104,0.52823865,0.5424377,0.48932087,0.513464,0.5161419,0.50911355,0.47172433,1451
0.45220837,0.49980077,0.6752426,0.6361552,0.6581921,0.5124188,0.44696626,0.5603659,0.63663864,0.4043364,0.5019103,0.58734846,0.64113873,0.75558364,1452
0.5563897,0.5927586,0.4562434,0.3986754,0.46965933,0.5181272,0.5131412,0.42679262,0.49579895,0.48862612,0.37324953,0.43704215,0.39497834,0.31364077,1453
0.53123546,0.61628103,0.50246006,0.39879745,0.5260214,0.50257045,0.479644,0.41802907,0.457607,0.36328232,0.37736586,0.49577808,0.4926745,0.49606267,1454
0.5409461,0.4982503,0.57487327,0.66609377,0.43727207,0.49603814,0.6161608,0.59422415,0.6380802,0.69335276,0.6225861,0.37461627,0.3733319,0.25512353,1455
0.5203934,0.52365357,0.5328813,0.5377668,0.49639,0.498259,0.5314188,0.5146985,0.5332733,0.5202379,0.50698054,0.48191503,0.48055542,0.4119367,1456
0.53597796,0.59843373,0.50599945,0.4220185,0.5191344,0.5049444,0.49748996,0.4355721,0.4826599,0.4094648,0.39649007,0.49040678,0.4876264,0.47002935,1457
0.52183,0.50684065,0.5528873,0.5758291,0.49920595,0.5001136,0.55120057,0.53969157,0.56058264,0.5513419,0.5381399,0.4810252,0.47539786,0.4033523,1458
0.51377803,0.55238044,0.5558278,0.50889117,0.5429617,0.50079364,0.50367117,0.48904744,0.5245321,0.43515924,0.46024978,0.5141246,0.5247582,0.5232569,1459
0.5464675,0.6226787,0.4427218,0.3447884,0.5054077,0.5132459,0.4706657,0.38096976,0.44577926,0.38809758,0.32903227,0.45766422,0.43000522,0.39023462,1460
0.5181188,0.5403765,0.5420141,0.51202065,0.51924515,0.5008439,0.5188756,0.49855033,0.5278593,0.4745738,0.47940168,0.49827498,0.49396557,0.45913512,1461
0.54203194,0.5491183,0.5728198,0.56455433,0.5143198,0.5027403,0.5683493,0.526003,0.5754504,0.52703816,0.5007974,0.46384725,0.48693067,0.45313016,1462
0.56013703,0.54244244,0.55518013,0.58556294,0.46385366,0.49160016,0.60364705,0.5407082,0.5783312,0.59299564,0.53947324,0.41640005,0.4341839,0.34787104,1463
0.5482942,0.5858208,0.5510029,0.5073858,0.5133645,0.49723434,0.5502812,0.47653544,0.5324017,0.46332952,0.44917884,0.46636882,0.5007874,0.46076882,1464
0.54286546,0.6168448,0.44152334,0.35191625,0.49339998,0.51172924,0.46836552,0.38684338,0.4447415,0.39761606,0.34303358,0.4524637,0.42283344,0.37170106,1465
0.5377005,0.6113415,0.5106513,0.42609227,0.5196852,0.5040065,0.4996796,0.43069842,0.47685555,0.39965674,0.4024282,0.47622856,0.48961905,0.47621846,1466
0.57977295,0.6857609,0.46256077,0.3068333,0.5098913,0.50831234,0.4883069,0.35401317,0.43801168,0.34848845,0.25089097,0.4703364,0.4632956,0.44434977,1467
0.5372161,0.6102634,0.46607557,0.37702125,0.4941667,0.5098179,0.46984938,0.41088772,0.45715794,0.4028835,0.35125613,0.47912043,0.43695515,0.395984,1468
0.5181307,0.5415642,0.55150557,0.5195024,0.5342137,0.5016632,0.51959026,0.49670416,0.5270052,0.4576436,0.4801961,0.5019422,0.50784147,0.49606723,1469
0.51238775,0.49710265,0.54943097,0.58415824,0.49235287,0.49780786,0.54569995,0.55474454,0.562617,0.55890524,0.55763125,0.4784277,0.4659564,0.39414763,1470
0.52060115,0.5654473,0.55968785,0.523465,0.5246153,0.50318724,0.5199391,0.5001292,0.55019206,0.47330862,0.4525877,0.49521855,0.4972939,0.47569665,1471
0.5560989,0.5021093,0.5305919,0.6460874,0.38514432,0.49924114,0.63700634,0.5864285,0.6275854,0.74591845,0.6329201,0.32553524,0.30656275,0.16626464,1472
0.52475595,0.5717876,0.52176124,0.46818373,0.51203793,0.50082517,0.504713,0.4666715,0.50664973,0.44196337,0.43205667,0.49337578,0.4797955,0.4491479,1473
0.53102946,0.57739115,0.54675543,0.50210375,0.52175987,0.49971703,0.5235583,0.4790397,0.52444553,0.45009965,0.45522946,0.47991252,0.49954432,0.47789523,1474
0.54798996,0.5288042,0.48955756,0.503439,0.43041393,0.51091105,0.56897116,0.5024685,0.5693688,0.6261393,0.49128598,0.41373557,0.355749,0.23927532,1475
0.52426153,0.61507803,0.46970147,0.3707273,0.515795,0.5063075,0.4511012,0.40083614,0.43502265,0.36302784,0.3536152,0.49150428,0.46849033,0.45543846,1476
0.49345857,0.5046265,0.6311217,0.6252485,0.58452743,0.49426615,0.5158263,0.5623709,0.58602107,0.44875848,0.53553677,0.54492354,0.5811249,0.6145719,1477
0.55266726,0.5478373,0.48854905,0.5200872,0.41500273,0.50899386,0.5753959,0.51142436,0.55736876,0.6265321,0.5006979,0.3865731,0.34317455,0.21823846,1478
0.5594358,0.58764905,0.454668,0.37788507,0.49062717,0.51862526,0.50380945,0.4142187,0.4876213,0.46765503,0.34467578,0.46119633,0.4131502,0.3475497,1479
0.5525821,0.60645664,0.53715414,0.46274868,0.5239912,0.5061057,0.5269709,0.44727948,0.5167615,0.43482277,0.40913883,0.4654711,0.49370947,0.4816951,1480
0.5140181,0.55786794,0.53195965,0.48414987,0.5322752,0.5011866,0.4959905,0.47435394,0.5038497,0.42593795,0.44812232,0.50689316,0.50615233,0.48937896,1481
0.5647449,0.59886503,0.45355487,0.3767479,0.48380846,0.52009577,0.5085716,0.4137076,0.49203476,0.47540766,0.3349579,0.4540485,0.4060273,0.33381075,1482
0.547373,0.58774436,0.4885631,0.4488102,0.46972588,0.5030587,0.52756447,0.4532549,0.49152255,0.47162893,0.43649864,0.44600037,0.4377644,0.35437113,1483
0.5156039,0.560168,0.54587215,0.5025536,0.5252984,0.5016015,0.50664467,0.4875135,0.5241425,0.4511873,0.45825183,0.50194323,0.5017506,0.48291948,1484
0.5707212,0.5204542,0.53764045,0.6256519,0.4091191,0.49479347,0.63384265,0.5637288,0.6057537,0.6929443,0.6006796,0.3427432,0.35042837,0.2205477,1485
0.5482065,0.51583403,0.5381878,0.58077043,0.44993278,0.5073764,0.59590364,0.5385089,0.6083638,0.65607977,0.541785,0.40008724,0.38015503,0.26904294,1486
0.5087704,0.5330826,0.5201232,0.49998927,0.5067504,0.49937084,0.5009792,0.4933,0.50389224,0.46284387,0.48046237,0.50455624,0.4809981,0.4342391,1487
0.5554822,0.6594694,0.46068713,0.32956418,0.49973896,0.5067036,0.47210893,0.37390438,0.4288869,0.34691328,0.3105647,0.46862632,0.44901827,0.4271053,1488
0.54854584,0.5292019,0.5385493,0.57979524,0.4567875,0.49836788,0.58946395,0.5345295,0.5814145,0.6146832,0.54893416,0.4058429,0.41223308,0.31080166,1489
0.50535256,0.5474551,0.5219295,0.4953987,0.5091454,0.5008247,0.50083345,0.49088275,0.49998844,0.45199472,0.4705586,0.508967,0.48722437,0.44513074,1490
0.5248358,0.60131526,0.50754344,0.41600922,0.5341785,0.5048337,0.48095807,0.42977566,0.46749234,0.37667048,0.39516327,0.5027523,0.5038164,0.5052042,1491
0.57450426,0.56947994,0.56450677,0.56908786,0.48064232,0.49897376,0.6097247,0.5129529,0.5841546,0.57619035,0.50547165,0.40268683,0.44864044,0.37736025,1492
0.5487799,0.5874885,0.48771012,0.40416586,0.5052045,0.5088377,0.5056857,0.43141776,0.49523994,0.4438977,0.35245258,0.49356517,0.4490152,0.4007307,1493
0.56466335,0.62492305,0.4630554,0.3527508,0.49766916,0.51033616,0.49664217,0.39698446,0.46760312,0.41598025,0.3027289,0.47805184,0.4358626,0.38749135,1494
0.5290991,0.5359083,0.5212451,0.52909815,0.4659623,0.50290114,0.5477468,0.5127843,0.5475921,0.5588616,0.5054099,0.4486865,0.4205803,0.33246017,1495
0.5205332,0.5406988,0.5373924,0.5236119,0.5089751,0.5004531,0.5268893,0.50022537,0.52591467,0.487577,0.5012198,0.47577015,0.48118743,0.43179575,1496
0.5010872,0.5647656,0.5516077,0.47673473,0.5639504,0.5061838,0.4606674,0.45656255,0.5207927,0.39666143,0.41797158,0.5161339,0.5299867,0.54678863,1497
0.55116135,0.5214575,0.49832526,0.56088024,0.40990385,0.50800186,0.59557885,0.5280886,0.5770987,0.6638972,0.5553624,0.3732517,0.3411416,0.2076864,1498
0.5564617,0.5247572,0.5083607,0.5644206,0.42309508,0.5147922,0.5966846,0.5309594,0.60028327,0.682619,0.53343403,0.37038738,0.33974576,0.21519029,1499
0.5171765,0.54076433,0.5651557,0.541802,0.5390829,0.50553745,0.5202774,0.5171505,0.5431776,0.46368623,0.46929675,0.5172942,0.5228659,0.5117299,1500
0.53962404,0.53624964,0.49190485,0.48928082,0.45957986,0.51667315,0.5455246,0.49430728,0.56023276,0.5972592,0.4649854,0.43049905,0.3801109,0.28921723,1501
0.515474,0.52985084,0.50492585,0.5178175,0.44297987,0.5018751,0.5276535,0.51196736,0.54263836,0.56515163,0.48901254,0.44774184,0.39331353,0.27547836,1502
0.52626187,0.49838707,0.7328679,0.75391996,0.6183819,0.48373288,0.6026604,0.6293766,0.6925997,0.51124793,0.6152398,0.49883768,0.6075124,0.6830013,1503
0.5762967,0.53954464,0.54921013,0.60582614,0.43341896,0.49152917,0.639038,0.54065967,0.5870919,0.6363087,0.570734,0.3699589,0.39915967,0.2782404,1504
0.5030956,0.49212945,0.61130595,0.6222186,0.5573454,0.49787486,0.53113437,0.56818116,0.59186214,0.49924713,0.54431796,0.52814865,0.5487373,0.546758,1505
0.56162214,0.50502557,0.52245003,0.63685304,0.38119397,0.49805543,0.63607275,0.57805604,0.61591816,0.73714143,0.6332781,0.32098132,0.3058562,0.16587552,1506
0.5627836,0.52926105,0.5347752,0.58426595,0.43327698,0.5046744,0.6159236,0.5350346,0.6052387,0.66505927,0.54393566,0.37559357,0.36427203,0.24191065,1507
0.5773485,0.56319267,0.5336284,0.5593714,0.43542713,0.493386,0.6195417,0.51023763,0.5664464,0.60395896,0.5210625,0.38020152,0.40039605,0.28691494,1508
0.54018456,0.5551827,0.4998476,0.47333097,0.48133174,0.50653464,0.52082163,0.46769953,0.5199323,0.50766355,0.4524725,0.4511576,0.43161723,0.34993604,1509
0.50344265,0.5453568,0.5316045,0.50889665,0.5174972,0.50331736,0.49468225,0.49589562,0.51706666,0.4572649,0.4668023,0.5102867,0.49706653,0.4626371,1510
0.518801,0.5400403,0.5860546,0.5737657,0.5332372,0.4932015,0.53721446,0.5362268,0.5615766,0.48149505,0.5012963,0.5054642,0.5300523,0.51229006,1511
0.5000306,0.5460356,0.5596914,0.51739186,0.54700214,0.49139994,0.4904647,0.49455744,0.50923043,0.40976647,0.47738537,0.525607,0.5350176,0.5339925,1512
0.537702,0.5148448,0.49562946,0.5323037,0.43877107,0.5045733,0.5549278,0.51570773,0.55548185,0.60571,0.51548463,0.4237716,0.38022164,0.25708336,1513
0.5498942,0.49605578,0.5237051,0.6401824,0.38086328,0.49358886,0.6242868,0.5857696,0.60985404,0.73329514,0.6328993,0.33799246,0.3179056,0.16958876,1514
0.5355143,0.6123418,0.45165896,0.36322653,0.49732804,0.50665754,0.46195003,0.395343,0.43777537,0.3830914,0.3573511,0.46665496,0.44227552,0.40173194,1515
0.5456905,0.5231733,0.5359501,0.60002375,0.4299133,0.495527,0.59281766,0.5559884,0.5813211,0.64371645,0.57233965,0.3940057,0.3906202,0.273606,1516
0.5384461,0.57596576,0.5004899,0.4657561,0.47447038,0.5018825,0.528608,0.4676368,0.51155615,0.48493358,0.4464842,0.4499105,0.42666233,0.35262483,1517
0.47449917,0.48092845,0.57700354,0.5949412,0.54431313,0.5067181,0.49327263,0.556974,0.5607789,0.49014395,0.53144723,0.54836196,0.53403944,0.51307386,1518
0.5047499,0.5209959,0.54834056,0.5279795,0.53078926,0.5074684,0.5027089,0.50707066,0.5413022,0.4789671,0.48519543,0.51445746,0.50368184,0.4779523,1519
0.5393764,0.59792167,0.5347371,0.4512577,0.53381455,0.50658005,0.5069672,0.44534594,0.5045851,0.4088072,0.40748015,0.48556662,0.50174797,0.50025606,1520
0.55673194,0.513687,0.5076984,0.59490764,0.40059075,0.50255924,0.6106742,0.54793817,0.5860507,0.68807924,0.5854199,0.35649803,0.34000817,0.19886096,1521
0.5528653,0.61969155,0.45049423,0.36763915,0.47956765,0.5094915,0.4881901,0.39508078,0.45654207,0.42202884,0.35496515,0.4336131,0.40810063,0.3478603,1522
0.51513004,0.54166603,0.53195405,0.5182069,0.50501335,0.504555,0.5145827,0.4946193,0.52875245,0.48495775,0.48461646,0.48412466,0.46670625,0.4186653,1523
0.57100135,0.50987023,0.51327693,0.63185996,0.36316535,0.4988911,0.6472802,0.56878996,0.6246419,0.7573083,0.6349826,0.2942375,0.2776754,0.13843077,1524
0.5658185,0.50382745,0.5086689,0.636967,0.35410824,0.49522188,0.64052516,0.58575886,0.6115257,0.7556343,0.6377572,0.30403215,0.2766703,0.13334757,1525
0.47462147,0.52874017,0.5751565,0.55505764,0.56277835,0.49670875,0.4758442,0.5130912,0.518317,0.3971374,0.49768004,0.544179,0.55718815,0.5702644,1526
0.5613275,0.5283657,0.52860916,0.5843228,0.42992,0.49962965,0.6119132,0.54117113,0.5852197,0.6453939,0.5611946,0.38139823,0.3784233,0.25788218,1527
0.54332155,0.50823367,0.5240075,0.58374697,0.43397275,0.49824813,0.5909005,0.549909,0.5802022,0.6426769,0.5693412,0.40536794,0.37977868,0.26319468,1528
0.5188365,0.5766327,0.52652276,0.4672047,0.52086747,0.50045234,0.4945088,0.46087384,0.50067675,0.4211459,0.43576366,0.49920744,0.49965423,0.478333,1529
0.53718454,0.63910484,0.4742797,0.3542788,0.5133523,0.49445227,0.45814642,0.3782456,0.43883884,0.3460917,0.33001646,0.4860307,0.48056874,0.46068087,1530
0.5502034,0.5759474,0.4642301,0.41548175,0.47285408,0.5133979,0.5152365,0.43961003,0.5004745,0.4966457,0.39003557,0.44910032,0.40161046,0.32162416,1531
0.5571646,0.6052848,0.4677797,0.3756301,0.49394774,0.5135199,0.5025148,0.40790662,0.4819508,0.4352144,0.34461814,0.4685415,0.43688306,0.38215917,1532
0.5163783,0.5357285,0.5064831,0.49312335,0.48568037,0.4979266,0.50907534,0.49372935,0.50603694,0.48151767,0.47568154,0.49015462,0.45064366,0.38444832,1533
0.4873797,0.53970295,0.54829985,0.50228953,0.5480469,0.50062233,0.4698002,0.49406388,0.5052901,0.40651107,0.4664343,0.5403612,0.530498,0.5370291,1534
0.5251522,0.58422494,0.5765022,0.51939595,0.5435762,0.49680465,0.5176141,0.4948762,0.52950335,0.42407545,0.45450836,0.50092703,0.5348853,0.5488412,1535
0.5461467,0.66285133,0.44284427,0.30916634,0.5072679,0.5059955,0.4486256,0.3500123,0.4081991,0.31936568,0.301199,0.46458706,0.45406792,0.4379641,1536
0.51840496,0.5786325,0.5374523,0.47399318,0.53096294,0.50012666,0.49310932,0.4677816,0.5069286,0.42033908,0.43526486,0.49979743,0.50531167,0.5005002,1537
0.56783503,0.51014555,0.52725625,0.6420867,0.38016456,0.50089806,0.64877284,0.57590306,0.6296033,0.74892867,0.63497645,0.30560866,0.29607317,0.1579039,1538
0.50030285,0.5343264,0.54464877,0.5198619,0.53140926,0.5027893,0.4935168,0.5029627,0.5243215,0.4552968,0.47855708,0.5171482,0.509367,0.48923054,1539
0.5590021,0.55834055,0.5062662,0.51447797,0.44228736,0.5052272,0.5777165,0.49952683,0.54949623,0.58748317,0.4973452,0.4031844,0.3901716,0.2865617,1540
0.52587223,0.56209296,0.5280851,0.50058436,0.4978111,0.49499962,0.5229585,0.48614866,0.50960785,0.46451157,0.47202227,0.4770929,0.47523707,0.4256407,1541
0.51978457,0.5205694,0.52369416,0.5262839,0.4973427,0.5008232,0.5260168,0.5114529,0.5229859,0.4958818,0.5010214,0.48879397,0.46919417,0.40332654,1542
0.54130906,0.58061266,0.5362515,0.5001606,0.5034738,0.5002985,0.5317504,0.4802177,0.5228953,0.47289902,0.4549908,0.4639173,0.47845054,0.4383252,1543
0.5421285,0.59831756,0.5275863,0.45562616,0.516965,0.50031304,0.51722795,0.44946277,0.49972346,0.42055795,0.41901833,0.47755983,0.4891699,0.46668506,1544
0.47468653,0.46934003,0.6129787,0.6407002,0.5566221,0.50246507,0.5039359,0.5829634,0.61044574,0.52679724,0.56498915,0.5326547,0.5417132,0.53149515,1545
0.5460624,0.5372986,0.51619273,0.53445387,0.44999114,0.51178616,0.5654558,0.5232944,0.5785079,0.61401314,0.49022612,0.42046598,0.37904528,0.27764496,1546
0.5585313,0.5249919,0.51242375,0.5755562,0.42127898,0.5063645,0.60186887,0.5395366,0.5894029,0.6729612,0.55486673,0.3705181,0.35611096,0.23051876,1547
0.55032545,0.5190084,0.5202983,0.5668087,0.4390169,0.5086369,0.594403,0.53302395,0.5913779,0.6572754,0.54442674,0.3954032,0.37124676,0.2526283,1548
0.5695048,0.65614164,0.45349672,0.3231454,0.50508785,0.5105908,0.4841488,0.3670349,0.44358504,0.37235084,0.28181168,0.46613002,0.44524017,0.41309655,1549
0.5560979,0.5979468,0.46912464,0.38198766,0.50437975,0.51411146,0.5044871,0.41377887,0.48733088,0.4502706,0.34452468,0.46957952,0.43747544,0.38718045,1550
0.5105077,0.51728123,0.5461211,0.54252046,0.5185686,0.4955845,0.5220245,0.52072227,0.5245629,0.47890657,0.51708716,0.5047852,0.50400037,0.4604216,1551
0.48949283,0.54404294,0.53840494,0.4974686,0.53676826,0.49572882,0.4641614,0.48515373,0.50004846,0.4019591,0.45798674,0.5366513,0.52906847,0.52041453,1552
0.538277,0.50003666,0.48396656,0.5278348,0.4234443,0.51287705,0.5589384,0.5239064,0.5682946,0.64145064,0.5165256,0.41539466,0.33763653,0.20958947,1553
0.53502893,0.5815358,0.51845735,0.4791342,0.48956305,0.49736655,0.5261543,0.4680372,0.50186616,0.4616083,0.45845616,0.4609642,0.4649074,0.40733293,1554
0.5079704,0.52250844,0.5734586,0.5556856,0.55008703,0.49494728,0.5164507,0.5231799,0.5397369,0.45605728,0.50997263,0.51716727,0.53132,0.5289152,1555
0.50576735,0.51519233,0.5641841,0.5625617,0.529196,0.50212455,0.5219395,0.52684736,0.558674,0.49679953,0.5166656,0.5064154,0.5092475,0.48307228,1556
0.5228822,0.5247263,0.5192753,0.51977813,0.4775872,0.5061162,0.5292405,0.5092587,0.5452075,0.53884786,0.48068672,0.47972646,0.43707722,0.3426818,1557
0.53038406,0.6029788,0.44734854,0.35066688,0.5061037,0.50959647,0.4517851,0.39456758,0.4358838,0.375692,0.33117944,0.4939528,0.44777673,0.4034389,1558
0.54425603,0.5276157,0.5054221,0.5346138,0.44792765,0.50416225,0.5682636,0.5221049,0.546399,0.5910692,0.5255962,0.43048286,0.40844786,0.30327767,1559
0.48487633,0.5233868,0.5875648,0.5567077,0.5703239,0.4955068,0.47926587,0.5260033,0.53865385,0.42063877,0.48759887,0.55120856,0.57006544,0.58764607,1560
0.5523471,0.65109646,0.4693251,0.33917338,0.5100281,0.50575614,0.47362018,0.3760921,0.43911883,0.35043874,0.3195075,0.47171384,0.46290517,0.45096678,1561
0.54153335,0.58723575,0.48576996,0.42142326,0.49023172,0.50771546,0.5109539,0.44209084,0.49074033,0.44897425,0.4102872,0.4707915,0.44338354,0.38709775,1562
0.51701605,0.5215032,0.54747564,0.5291558,0.52975804,0.4997661,0.5210092,0.5046836,0.53029335,0.47467056,0.5056542,0.49471354,0.5016996,0.4736444,1563
0.5646056,0.5103257,0.53616846,0.6389878,0.39330873,0.49931547,0.640846,0.5757169,0.6293728,0.7325336,0.62743723,0.32153574,0.31325635,0.18148062,1564
0.55069435,0.61388814,0.47334743,0.38936934,0.48554176,0.5065204,0.5020705,0.41390625,0.46757823,0.41717955,0.37589878,0.46195787,0.44228694,0.38985434,1565
0.5276158,0.56167775,0.52138,0.49962512,0.48007172,0.49509823,0.5233276,0.4966851,0.50575083,0.47516125,0.4674685,0.4787038,0.45936352,0.3967972,1566
0.5271204,0.5250919,0.58135664,0.60376275,0.50190204,0.50021803,0.5648835,0.5540418,0.5976846,0.57155246,0.53357464,0.46180356,0.47568405,0.41590846,1567
0.52742374,0.5342104,0.55232257,0.5575939,0.49083444,0.49571282,0.5408067,0.5289224,0.5492914,0.5172873,0.5013862,0.4720951,0.45627776,0.3905125,1568
0.50927955,0.5403722,0.5626803,0.53545654,0.5350254,0.4984071,0.51038384,0.5148501,0.54101247,0.46977243,0.48596576,0.50240314,0.5119554,0.50049454,1569
0.53017265,0.5986198,0.48342526,0.4005685,0.51118064,0.49829423,0.47675493,0.41513813,0.44566008,0.37318522,0.39207685,0.48392054,0.46881813,0.44074634,1570
0.55785763,0.5034105,0.5470273,0.6460336,0.40787432,0.49381894,0.6293228,0.5826071,0.6216293,0.71052665,0.62265986,0.35000888,0.34386668,0.21198565,1571
0.5618177,0.55235475,0.5675876,0.5893105,0.47507256,0.4916754,0.60282296,0.53030425,0.5807793,0.5696813,0.53075886,0.4156131,0.45460683,0.36847353,1572
0.54452777,0.6058825,0.4661613,0.39116156,0.48012677,0.5080448,0.49195656,0.422007,0.47339973,0.43028927,0.37174127,0.46634293,0.42907217,0.36675397,1573
0.56700134,0.55610937,0.4893483,0.53766686,0.39470825,0.5034759,0.59781545,0.51458156,0.558162,0.6473783,0.524547,0.3531808,0.3293569,0.19982752,1574
0.519229,0.4940417,0.5487747,0.59093875,0.47931665,0.5083032,0.557348,0.5589893,0.6057181,0.624973,0.5401168,0.45352235,0.42532286,0.33217052,1575
0.5316967,0.5685467,0.51383215,0.4683967,0.49708855,0.5003878,0.51691,0.4641217,0.50598264,0.46104005,0.44637147,0.4726642,0.46025357,0.40883106,1576
0.45361745,0.4997932,0.65829384,0.61840934,0.6495007,0.5075384,0.44390187,0.5470117,0.609169,0.39760467,0.49934247,0.5819634,0.6318091,0.7341306,1577
0.52491033,0.51386315,0.5418594,0.5789787,0.47256505,0.496583,0.55775803,0.54356366,0.5589305,0.57078284,0.5473324,0.45957935,0.4534614,0.35982913,1578
0.5581723,0.69515926,0.48035476,0.31939596,0.51876557,0.5020663,0.46608338,0.35135198,0.4198053,0.30290556,0.2934086,0.45920247,0.47981194,0.49322447,1579
0.4960108,0.5223446,0.5384289,0.5181653,0.5258866,0.49922478,0.49785691,0.50427276,0.51792246,0.46102977,0.4965427,0.5179232,0.49940294,0.47331616,1580
0.52955174,0.6152153,0.48371017,0.37715754,0.528627,0.5088335,0.4607935,0.4054982,0.45038992,0.36815965,0.35619822,0.49338466,0.48149776,0.48222485,1581
0.5405444,0.5020828,0.5896331,0.6603226,0.45777592,0.49010697,0.6078727,0.59319204,0.6247199,0.645943,0.61535203,0.40701225,0.41889772,0.32398957,1582
0.56174755,0.59648067,0.47270948,0.40281478,0.47447586,0.51424676,0.525922,0.4303546,0.5065101,0.49603838,0.36636624,0.44831637,0.4114295,0.33741722,1583
0.55132014,0.52538794,0.5363411,0.5994712,0.4366128,0.50151753,0.60045856,0.55379355,0.5938573,0.66018826,0.5623384,0.38488582,0.38534656,0.2706775,1584
0.49793178,0.51720566,0.56442696,0.55915046,0.5360924,0.4983885,0.505288,0.5302242,0.5372641,0.4696384,0.5120861,0.5210032,0.52892095,0.5044094,1585
0.52276546,0.5561461,0.5168442,0.45185876,0.5360887,0.5159345,0.495696,0.45598003,0.52640295,0.4628173,0.41470805,0.49698937,0.4715102,0.45964018,1586
0.5131448,0.55098647,0.5257228,0.48515132,0.51578915,0.49896413,0.49907973,0.48031098,0.5036625,0.44084483,0.45565754,0.5114505,0.49976343,0.46498868,1587
0.53594303,0.5170927,0.49778843,0.5225695,0.44810915,0.50205815,0.55102795,0.5157657,0.5368147,0.5708275,0.5161884,0.43909058,0.3880873,0.28520614,1588
0.49133503,0.55837196,0.5410391,0.48957333,0.54153544,0.49994695,0.46157405,0.47656366,0.50269,0.39413524,0.43757197,0.53637356,0.5278711,0.52771056,1589
0.5554498,0.64208776,0.48758072,0.36837974,0.5122013,0.509019,0.49136448,0.39707878,0.4636743,0.3790584,0.34083778,0.4683014,0.46982622,0.46095377,1590
0.58116335,0.7171679,0.47509834,0.3237168,0.48190194,0.4987972,0.49101436,0.3458712,0.42183653,0.33383253,0.29494962,0.40698853,0.44120672,0.4179295,1591
0.5285256,0.50416756,0.5460353,0.57584655,0.48949653,0.503653,0.5649485,0.5380168,0.5834579,0.596268,0.54889244,0.43671846,0.44086686,0.36365706,1592
0.5492637,0.49680135,0.5172058,0.6365881,0.37420264,0.49710235,0.6252793,0.57935035,0.6094564,0.73411465,0.6328702,0.33318883,0.30722776,0.15578257,1593
0.5358599,0.52221483,0.54752696,0.582001,0.47092164,0.49755463,0.57147807,0.5454598,0.56974155,0.5823587,0.5392555,0.44595662,0.44645438,0.3530378,1594
0.5489533,0.5296601,0.50008416,0.5528689,0.4181677,0.5038235,0.5834924,0.5219632,0.5613939,0.63025856,0.53923124,0.38947546,0.36267102,0.22949111,1595
0.53811884,0.5204942,0.5717738,0.57950824,0.5138511,0.5011038,0.5722475,0.53477925,0.58576643,0.5452011,0.518527,0.46314293,0.47320375,0.41978487,1596
0.5552053,0.6084411,0.53700566,0.45526522,0.5304829,0.5069141,0.5262173,0.44639707,0.51557344,0.4271917,0.39530882,0.47490597,0.49891067,0.49196595,1597
0.49360362,0.5359402,0.5440182,0.5026458,0.54117095,0.49591392,0.4786461,0.4936404,0.5080209,0.42019266,0.46689838,0.53594774,0.527555,0.51613814,1598
0.5523625,0.5025528,0.5423269,0.6432022,0.39838198,0.49063945,0.6322875,0.57987344,0.6175341,0.71038425,0.6270051,0.34935844,0.33786544,0.19750194,1599
0.54277956,0.55483174,0.4691971,0.4332389,0.46587,0.514597,0.5163904,0.45904145,0.5177485,0.52833784,0.3993914,0.46370387,0.39824346,0.30472913,1600
0.5042006,0.5567154,0.5386807,0.48589078,0.5354433,0.49945062,0.48227698,0.48177952,0.49990156,0.41073158,0.44854423,0.5246858,0.5192974,0.50852156,1601
0.5494022,0.49726772,0.5352238,0.6407388,0.38901246,0.49576983,0.62203014,0.5825026,0.6174028,0.71557343,0.6222967,0.34596893,0.3179784,0.17854707,1602
0.5398014,0.5830847,0.52121335,0.46278155,0.50359297,0.5026828,0.5251363,0.46055326,0.5122904,0.46266046,0.4338706,0.47007197,0.47104597,0.4314927,1603
0.54760265,0.55106217,0.5392556,0.5312685,0.4856064,0.5121193,0.56244636,0.5047445,0.5779146,0.56872106,0.47897416,0.43312052,0.4262413,0.35539895,1604
0.53332084,0.55031073,0.50998396,0.49034268,0.4852682,0.506638,0.53194356,0.48331624,0.53346556,0.5131723,0.46274716,0.45917243,0.43641543,0.36075646,1605
0.52683175,0.4923499,0.49667993,0.56693864,0.42191687,0.5146026,0.56417364,0.55024415,0.5840984,0.6704261,0.5472321,0.4148054,0.34776595,0.21239188,1606
0.515248,0.53499234,0.5398307,0.52102256,0.5149049,0.49623966,0.5214501,0.5015904,0.5189074,0.4697295,0.4987962,0.4900725,0.4883369,0.45213532,1607
0.5745162,0.5235788,0.5309676,0.62164915,0.40039307,0.498484,0.64383,0.55289054,0.606216,0.70598924,0.60288787,0.3283746,0.33795163,0.20016283,1608
0.5279206,0.56942695,0.522401,0.48054436,0.505777,0.5032614,0.51568395,0.47318634,0.5099225,0.46022385,0.45606005,0.47512493,0.47402442,0.43447262,1609
0.5629195,0.5073788,0.53951377,0.6558509,0.39255983,0.50291306,0.6435311,0.5865349,0.6418543,0.75021654,0.63460916,0.31166357,0.30672076,0.17274626,1610
0.5639869,0.620926,0.45691043,0.3641558,0.48060083,0.51565886,0.5019589,0.40549743,0.47831526,0.44560742,0.32337525,0.45580643,0.41100842,0.34872368,1611
0.56810224,0.52296776,0.5789882,0.63455945,0.46202368,0.4919887,0.628868,0.566221,0.6202273,0.6478659,0.5782252,0.387547,0.41119492,0.31906164,1612
0.5193703,0.5449914,0.5384692,0.5167788,0.51490027,0.49676004,0.51867235,0.49743307,0.5181161,0.4691588,0.4918726,0.48296034,0.48942056,0.45327324,1613
0.53076625,0.53476363,0.47925597,0.46817595,0.46957195,0.50920445,0.5260736,0.4713185,0.5208723,0.53429335,0.4767583,0.44295764,0.40230355,0.3116086,1614
0.55598956,0.5996082,0.46509835,0.38277656,0.49803376,0.5135326,0.5061597,0.41479903,0.48465973,0.4576954,0.34378263,0.46143043,0.42512548,0.36961034,1615
0.5122308,0.5619632,0.5651867,0.5197341,0.5415406,0.48913932,0.49965894,0.49174333,0.513102,0.40466952,0.46839407,0.51285803,0.5323333,0.53894687,1616
0.50119233,0.55320096,0.535781,0.5064823,0.51837015,0.4971866,0.49363023,0.49313784,0.5039979,0.44145364,0.47699627,0.5037431,0.50032735,0.46943703,1617
0.53452504,0.53537005,0.5773902,0.59251225,0.4996709,0.49210137,0.56843895,0.5451251,0.57885677,0.54562885,0.53287804,0.46176785,0.4906701,0.43473247,1618
0.48775277,0.5243335,0.6139478,0.59075904,0.582206,0.49474248,0.4908036,0.54323363,0.5663711,0.42455083,0.501266,0.5436695,0.57984143,0.61955786,1619
0.52408236,0.5534149,0.50405914,0.46752602,0.49164313,0.5045343,0.5026988,0.4691655,0.514049,0.4663384,0.44005954,0.48316637,0.45395643,0.3797393,1620
0.5208355,0.51916045,0.52794284,0.5382745,0.48753628,0.500618,0.54041386,0.5213565,0.5277132,0.51478547,0.5218573,0.4792108,0.46071967,0.3863385,1621
0.522666,0.5437036,0.5240989,0.52341324,0.47896132,0.50090355,0.53363425,0.5069816,0.53402704,0.52210045,0.4957526,0.45973682,0.4410558,0.36097878,1622
0.54529047,0.5395997,0.558863,0.5730138,0.48972905,0.49983907,0.57634264,0.5319811,0.58259785,0.5710494,0.5173015,0.4422586,0.45612597,0.39397135,1623
0.56481254,0.58675927,0.47808945,0.41441157,0.46193355,0.5174246,0.54270595,0.4438779,0.5309442,0.53091186,0.3694564,0.44770685,0.38909894,0.30187082,1624
0.4833656,0.55371815,0.55885804,0.503544,0.56037796,0.5011947,0.45341298,0.48445833,0.51608783,0.387946,0.44119132,0.54668975,0.55021447,0.5711764,1625
0.5577034,0.5156271,0.60229605,0.66078335,0.47214672,0.4847559,0.62913567,0.57833755,0.61881363,0.62336534,0.6090329,0.4008302,0.44234288,0.35396856,1626
0.4965037,0.5343115,0.5354894,0.49426416,0.54208654,0.50118256,0.47894233,0.48668355,0.5077206,0.4197184,0.45700032,0.5387798,0.5267022,0.5112233,1627
0.48607215,0.5207966,0.5776407,0.5621398,0.5502694,0.49726623,0.48764956,0.52648133,0.5396976,0.4400559,0.49651635,0.53985286,0.54398847,0.54335946,1628
0.55450886,0.6803884,0.49248978,0.34598705,0.52597463,0.5011891,0.474749,0.36702165,0.4250088,0.31261423,0.3242239,0.46090078,0.49133536,0.50862145,1629
0.5548233,0.6831784,0.47019005,0.31921065,0.51887435,0.5017136,0.46344247,0.35136446,0.41674623,0.31035608,0.302396,0.4574238,0.47369683,0.4817291,1630
0.5577184,0.51358306,0.50467724,0.5953247,0.3872097,0.49770236,0.6153396,0.55159324,0.5887307,0.7012706,0.5830684,0.34791502,0.32046258,0.17528725,1631
0.5366623,0.4975547,0.5151314,0.58395886,0.4145797,0.50045174,0.58535826,0.5537598,0.5926847,0.6685917,0.56843144,0.39978337,0.34515288,0.21281831,1632
0.532798,0.6235123,0.4443812,0.32856572,0.5175661,0.5032956,0.43655595,0.3694292,0.41764697,0.3309879,0.30653992,0.50176966,0.47251523,0.4456399,1633
0.50965613,0.54592174,0.5240282,0.4825799,0.52840036,0.4985545,0.49750978,0.47734973,0.49171934,0.42549533,0.46895957,0.5086763,0.50398785,0.48502055,1634
0.53969854,0.52393913,0.493399,0.49596703,0.4539521,0.5129137,0.5453062,0.50194937,0.5585737,0.5938027,0.47432664,0.4424915,0.38535756,0.2794996,1635
0.4922758,0.51756686,0.5743734,0.551428,0.5570363,0.49445692,0.4952473,0.51965296,0.53559923,0.43633243,0.50072163,0.5387147,0.5434595,0.54677075,1636
0.50731176,0.5118799,0.5591609,0.55194116,0.53591883,0.4961387,0.5159049,0.52027476,0.53707725,0.47335133,0.51668924,0.513724,0.5213547,0.49704602,1637
0.5080833,0.540425,0.5194338,0.5002638,0.49885476,0.49510223,0.49987867,0.49279872,0.50124323,0.44852304,0.47261035,0.5082607,0.47999135,0.42811123,1638
0.5127199,0.54331994,0.512489,0.48356673,0.5068454,0.5015686,0.50167036,0.47661138,0.5000736,0.45055056,0.46466312,0.50294,0.48316842,0.4310885,1639
0.51499563,0.52540165,0.5285188,0.53405416,0.48639578,0.4937507,0.52310914,0.5145787,0.52216095,0.50443316,0.5085965,0.48146388,0.46641037,0.3916488,1640
0.54266113,0.56334597,0.52399755,0.5155084,0.47156417,0.49760622,0.5504518,0.5032139,0.5291361,0.52730155,0.48115554,0.45050392,0.44708407,0.3703268,1641
0.51740384,0.5282386,0.49781057,0.4885508,0.47707114,0.5064887,0.5066637,0.5006667,0.52366906,0.52433074,0.46862555,0.4829711,0.43255842,0.3562665,1642
0.5052406,0.51843345,0.5897423,0.58633465,0.54501176,0.4998197,0.52604765,0.54203695,0.5686392,0.4875079,0.5244752,0.5059275,0.5255268,0.5212344,1643
0.5020035,0.50956595,0.5702151,0.57160354,0.5262545,0.4967909,0.51078564,0.54197854,0.55996424,0.49138454,0.5044712,0.51875234,0.5059493,0.47043908,1644
0.55335915,0.6171759,0.4496639,0.37058893,0.4747569,0.51092255,0.49176672,0.40144086,0.4614868,0.43192184,0.35260585,0.43591052,0.40001464,0.33383322,1645
0.5021459,0.56183106,0.54330325,0.49531516,0.5323865,0.49688786,0.48274374,0.47869372,0.5062822,0.41269866,0.45145246,0.5179928,0.51936287,0.5105241,1646
0.5429576,0.6423613,0.44168788,0.31675225,0.5098715,0.5043377,0.4415838,0.36123297,0.4133251,0.32944846,0.29351676,0.48579258,0.4564431,0.42957437,1647
0.5410508,0.56128967,0.5245186,0.4873749,0.5038384,0.50184184,0.5357707,0.47840992,0.5165169,0.4731943,0.4636628,0.4718776,0.4748165,0.4309479,1648
0.53039986,0.5047968,0.52832717,0.5755669,0.4562434,0.49738666,0.5698818,0.5416504,0.5658204,0.5989373,0.55753964,0.43981808,0.42221957,0.30793235,1649
0.5458271,0.5293391,0.48946536,0.4922211,0.44418436,0.5130978,0.5612691,0.4988193,0.56188875,0.6097911,0.47819328,0.42981592,0.37088197,0.26530457,1650
0.55127877,0.58506167,0.4918207,0.41880104,0.4907162,0.5179794,0.5212045,0.44057807,0.5211077,0.4872204,0.38253003,0.46319884,0.42368987,0.36830968,1651
0.5095732,0.49946842,0.49739987,0.5239637,0.4635507,0.5072897,0.5254693,0.5189818,0.53410983,0.55955094,0.5186414,0.4795404,0.41699615,0.3144299,1652
0.5048739,0.55592185,0.57833135,0.5359271,0.55045134,0.49860582,0.49797145,0.50863373,0.53766626,0.42956826,0.4657505,0.52523184,0.54238564,0.55041766,1653
0.5347813,0.61795425,0.43552017,0.33197072,0.5055513,0.5067705,0.43950072,0.37133276,0.41939166,0.3562828,0.3124179,0.4820249,0.4439291,0.4000652,1654
0.5216118,0.55286753,0.53116775,0.50112057,0.508865,0.4964684,0.5188774,0.48537174,0.511138,0.4592209,0.47948965,0.4825595,0.4832417,0.44292706,1655
0.5227221,0.5519656,0.496963,0.47395006,0.47836497,0.50006396,0.5134293,0.4735165,0.4970962,0.47614574,0.46943855,0.47313705,0.44256184,0.37331682,1656
0.5023923,0.5525564,0.515369,0.47178748,0.5161308,0.5003953,0.4750429,0.46736312,0.49005017,0.42449075,0.44936454,0.5126857,0.49351314,0.46132046,1657
0.55073524,0.5575091,0.49269933,0.49845773,0.44086352,0.5054086,0.5557095,0.49713534,0.53405696,0.5693643,0.47397572,0.41821024,0.3865651,0.2845606,1658
0.5434455,0.62781405,0.44800806,0.33197862,0.511271,0.505683,0.45858434,0.36873418,0.43130288,0.3620266,0.32338765,0.46545815,0.4475572,0.41862905,1659
0.56882334,0.52005386,0.50354344,0.5597278,0.41582453,0.5055424,0.6088568,0.52782077,0.58077157,0.6712565,0.54961276,0.37023467,0.34786266,0.21775873,1660
0.4957281,0.50557756,0.5740558,0.57280105,0.5404,0.49468914,0.5082941,0.53749794,0.54918325,0.46805647,0.52307594,0.52880955,0.524751,0.5101957,1661
0.51472086,0.5417094,0.52232206,0.5037531,0.49666038,0.50052303,0.51233083,0.49604154,0.5159691,0.4839039,0.47676328,0.48667055,0.4593348,0.4072919,1662
0.55783165,0.54241043,0.49734637,0.5114623,0.43322444,0.5133121,0.5818657,0.50406027,0.5803518,0.64225173,0.4858779,0.39530677,0.35295346,0.24153464,1663
0.4802772,0.51739454,0.6049464,0.5723627,0.5875363,0.4998178,0.48027626,0.5301403,0.55618525,0.4167169,0.49583477,0.5562821,0.5799677,0.618579,1664
0.5423911,0.6124096,0.4622919,0.35403144,0.5281304,0.5104322,0.4784583,0.39112484,0.45248902,0.39277902,0.33718985,0.47460532,0.4617342,0.4491242,1665
0.5776577,0.5267867,0.55027896,0.6304211,0.41492555,0.49102902,0.64648783,0.55803525,0.6035115,0.6804191,0.6064815,0.34312814,0.36554778,0.24011375,1666
0.49174827,0.52387404,0.5816807,0.5516914,0.5641674,0.504843,0.49036285,0.52179414,0.55207837,0.44371614,0.4822425,0.5421327,0.5507069,0.56422406,1667
0.55166614,0.5249719,0.53496677,0.5850976,0.4399394,0.50270283,0.59773207,0.54837704,0.5936998,0.64484096,0.54797786,0.3980594,0.38398445,0.2712257,1668
0.53970927,0.6289494,0.4733192,0.36353368,0.50636184,0.5038118,0.47082505,0.394158,0.44464493,0.3659754,0.35949293,0.4708352,0.46394247,0.44264388,1669
0.5428292,0.5087375,0.5048976,0.5664772,0.4181547,0.5066391,0.582801,0.54416513,0.57921296,0.66074437,0.55617523,0.39626783,0.35454994,0.2273351,1670
0.5332756,0.5698784,0.46353886,0.40427595,0.47396785,0.5149338,0.4958233,0.43671224,0.4958801,0.47268978,0.37909007,0.48537162,0.41222042,0.33060366,1671
0.55444515,0.5015628,0.5368108,0.64141196,0.39251575,0.49457842,0.63234067,0.58082765,0.62223625,0.724812,0.62708163,0.3368625,0.31841433,0.18209405,1672
0.5262415,0.55250627,0.53953576,0.5163472,0.5003413,0.50563014,0.5295447,0.49958402,0.5455914,0.49756148,0.46078533,0.48945326,0.4731515,0.41071513,1673
0.506153,0.5615438,0.55428505,0.50908583,0.5379132,0.49280873,0.49122235,0.49158737,0.5128743,0.41622216,0.45555595,0.51811904,0.53136903,0.52664346,1674
0.51677656,0.6051064,0.44834957,0.34527314,0.51955086,0.50569725,0.4251327,0.38821962,0.42412487,0.34648827,0.33629698,0.50462735,0.46921632,0.45428762,1675
0.5307998,0.6089453,0.43611404,0.34651253,0.4990994,0.5103278,0.45175132,0.38500965,0.43499193,0.38390228,0.3333665,0.46764237,0.43093473,0.3750043,1676
0.52992356,0.77024627,0.4173788,0.19504553,0.5309906,0.4845875,0.35862765,0.2398099,0.28106222,0.1455466,0.21093495,0.4567091,0.49410066,0.5478769,1677
0.50007135,0.53773814,0.55055434,0.5274416,0.52704763,0.49748588,0.5009509,0.5096505,0.52981764,0.45890167,0.4856884,0.5122487,0.5090741,0.48670954,1678
0.56570643,0.51581246,0.5328281,0.61763406,0.4006987,0.48973092,0.62756234,0.5621434,0.59437585,0.6856845,0.599937,0.3541077,0.34897587,0.21239348,1679
0.5641887,0.59240496,0.5084012,0.48975918,0.4503972,0.5054694,0.5642071,0.47562286,0.5330903,0.54800624,0.45336396,0.3992588,0.3998557,0.3115492,1680
0.54912096,0.60369754,0.530047,0.475683,0.49654186,0.49010822,0.5253312,0.4508162,0.49924344,0.43542573,0.44753295,0.43332317,0.4681331,0.4323545,1681
0.52426904,0.51512486,0.5090658,0.5437325,0.4592066,0.50478494,0.5419554,0.53088075,0.56068957,0.59547156,0.50303125,0.457129,0.42212558,0.31118917,1682
0.54952985,0.6434519,0.46243423,0.3419494,0.49834058,0.50445914,0.4748433,0.37880835,0.4348808,0.3556134,0.33365184,0.46580428,0.45055372,0.42439467,1683
0.5574113,0.50038326,0.51793975,0.639045,0.3742224,0.49371052,0.63326365,0.5865568,0.61125225,0.7416456,0.6345659,0.3268067,0.3060361,0.1608044,1684
0.49891326,0.5342765,0.575305,0.5578427,0.54246944,0.49992716,0.50853604,0.5260788,0.5490477,0.46453232,0.49186972,0.523864,0.5335474,0.52466506,1685
0.5585791,0.522111,0.5395974,0.6083588,0.43166536,0.5037635,0.61497766,0.55725586,0.6084352,0.6807596,0.5740227,0.36918914,0.36737746,0.25092036,1686
0.5456895,0.5290936,0.5534418,0.59197384,0.46747193,0.5004281,0.59201986,0.5439707,0.5838421,0.6036449,0.5524116,0.41900912,0.42978248,0.33617574,1687
0.56710374,0.6747093,0.4490728,0.30740935,0.49613482,0.5083476,0.4689872,0.352444,0.42375225,0.34363312,0.28018546,0.4527591,0.43626752,0.40792868,1688
0.55836236,0.55775636,0.5631451,0.5702937,0.48390684,0.49794367,0.59254295,0.5239994,0.57693404,0.55920094,0.5143406,0.42516753,0.45450017,0.38775456,1689
0.5610061,0.5492259,0.5868006,0.58709955,0.5150029,0.49352935,0.5990409,0.53390247,0.5820789,0.5368751,0.5261511,0.44769758,0.49925867,0.4664292,1690
0.56495434,0.55427015,0.5655293,0.58201057,0.47806388,0.4928525,0.61198115,0.52482784,0.5799346,0.5717713,0.52908176,0.41563824,0.4545453,0.37415737,1691
0.5610865,0.5443774,0.48573428,0.5065844,0.42374256,0.5163187,0.58277285,0.49903733,0.5763697,0.651167,0.48263326,0.3844688,0.34125835,0.2198814,1692
0.52418524,0.4954029,0.5384062,0.5857963,0.45971414,0.50847816,0.56368446,0.55899304,0.6103832,0.6450554,0.5416548,0.43863153,0.3982671,0.2896229,1693
0.5586516,0.58138084,0.5019538,0.4381208,0.48132384,0.51589406,0.542333,0.4561525,0.54242855,0.5277153,0.39097753,0.4529,0.4186366,0.35172307,1694
0.53880626,0.57837635,0.46234712,0.4067651,0.47447667,0.50942725,0.4975524,0.43504792,0.47304216,0.44908676,0.3987063,0.4649594,0.41862288,0.34359714,1695
0.5444047,0.6300935,0.4647935,0.36219516,0.49822623,0.5044194,0.47324273,0.4007147,0.4507252,0.37661624,0.33028772,0.4791028,0.44497165,0.40812063,1696
0.54623693,0.63079387,0.5285495,0.42336643,0.5349502,0.50174433,0.49868786,0.42493424,0.4765087,0.36631,0.3853836,0.4736578,0.50485444,0.523083,1697
0.5337842,0.5522961,0.51407504,0.49207816,0.50003994,0.5070835,0.52437407,0.4841725,0.5169706,0.48050246,0.46370217,0.47734624,0.46453553,0.40980983,1698
0.5203537,0.5577702,0.50720906,0.48066753,0.49341944,0.4977971,0.51237774,0.47624543,0.49176666,0.4581032,0.46932992,0.48108113,0.46907553,0.41319516,1699
0.47732055,0.5402816,0.56604105,0.52236986,0.5677333,0.49959645,0.4586572,0.4986818,0.5158773,0.39045516,0.46276584,0.5542223,0.5626019,0.59014934,1700
0.49523634,0.51112646,0.5398642,0.52147377,0.5317937,0.4972926,0.4913471,0.5049491,0.51162297,0.45077732,0.49739084,0.5309377,0.51902324,0.48615497,1701
0.533741,0.5836089,0.538079,0.46668443,0.53380716,0.50557524,0.5090522,0.46002185,0.511539,0.4280672,0.4261487,0.4911425,0.5018444,0.4986154,1702
0.50613546,0.51476246,0.5397598,0.5240367,0.5284615,0.50400525,0.50811464,0.50472444,0.53113794,0.47662583,0.4947238,0.5137438,0.5034192,0.46479416,1703
0.5520948,0.6106044,0.4860593,0.3786165,0.5210745,0.5154373,0.4937411,0.40755355,0.48459193,0.41838887,0.33206284,0.48380736,0.46022522,0.43746197,1704
0.514198,0.56075704,0.5414822,0.5022954,0.5237965,0.49752313,0.50442934,0.48901793,0.5145529,0.44694477,0.46339813,0.4963402,0.50306666,0.47921804,1705
0.54377955,0.5299221,0.51691025,0.5465319,0.44426543,0.5080224,0.5756346,0.529385,0.5732558,0.6243992,0.51301056,0.4236593,0.3909172,0.27875087,1706
0.50009394,0.5315703,0.5791621,0.5790678,0.5231082,0.4877033,0.52056706,0.5331686,0.5555755,0.48715085,0.5306545,0.4893032,0.52234757,0.49033466,1707
0.56793606,0.54428256,0.54539037,0.58283347,0.4414085,0.49520394,0.6118984,0.53775173,0.5883124,0.62800246,0.542539,0.38675755,0.39619443,0.29487392,1708
0.5415776,0.6809442,0.4345088,0.28934655,0.5056541,0.4984235,0.42579812,0.33006036,0.38232663,0.27896294,0.2782768,0.46342653,0.45165685,0.43883857,1709
0.5164576,0.5400788,0.55622894,0.5300074,0.5400179,0.5025656,0.50935066,0.5045975,0.53891397,0.45791608,0.471322,0.5156924,0.52741337,0.51400524,1710
0.5558815,0.5128107,0.50770557,0.5846639,0.40103048,0.50311583,0.61030984,0.5487012,0.59377986,0.6916305,0.57132417,0.36181194,0.32670605,0.19094001,1711
0.5102008,0.5198735,0.5637383,0.55541974,0.5284716,0.49466884,0.5200467,0.52082455,0.5373332,0.4676574,0.5109842,0.51344347,0.5138221,0.48501042,1712
0.5191106,0.49230996,0.5641153,0.61393833,0.48780164,0.5023825,0.5638103,0.5682512,0.5772313,0.58064747,0.57139236,0.4718513,0.46410978,0.37917456,1713
0.53993696,0.5148809,0.5167137,0.54981935,0.4589184,0.5060929,0.5707336,0.53002846,0.5681578,0.6080151,0.5383042,0.42876315,0.40351617,0.305578,1714
0.5413097,0.56361526,0.4932511,0.47157133,0.46005097,0.50403917,0.5261291,0.4868659,0.5153064,0.5221014,0.45385367,0.45301464,0.41530442,0.3410706,1715
0.52282363,0.525525,0.5728919,0.5735219,0.5199369,0.49862987,0.54057944,0.53388256,0.5684445,0.51979727,0.51390284,0.4845154,0.4957167,0.45304087,1716
0.5490535,0.51109695,0.47513515,0.53745437,0.39299357,0.5115003,0.5802335,0.5319114,0.5758594,0.6870286,0.53285235,0.37436175,0.3047533,0.17344941,1717
0.4999096,0.53076905,0.6005063,0.5755049,0.56473327,0.49608684,0.5088404,0.5305805,0.55907685,0.44487748,0.49573386,0.5322739,0.560179,0.5735871,1718
0.52383083,0.54673773,0.5638045,0.5287508,0.53868455,0.5025324,0.52469516,0.5012814,0.53961223,0.4620789,0.47928232,0.4995728,0.5146769,0.50931644,1719
0.55616045,0.67131823,0.43460822,0.2911042,0.511594,0.5060697,0.44624138,0.33609062,0.40129173,0.312348,0.2697432,0.4628164,0.44778863,0.42809036,1720
0.5216061,0.56561947,0.51775223,0.47538525,0.5096537,0.49825647,0.50310445,0.46846715,0.501566,0.4383065,0.4456579,0.4950155,0.48720026,0.44343242,1721
0.51236093,0.54136765,0.50766814,0.49044245,0.49031046,0.5002907,0.50399685,0.4834906,0.5078834,0.47506982,0.46994865,0.49030158,0.45872277,0.3956995,1722
0.5319404,0.59801054,0.52562773,0.45255458,0.5203684,0.50059915,0.5003268,0.45461044,0.49163312,0.4154936,0.42219272,0.4828913,0.49071252,0.4866614,1723
0.4819824,0.5403887,0.5413474,0.5042671,0.5429028,0.49690634,0.46040648,0.4900907,0.49853617,0.39906305,0.4642303,0.53979033,0.53405577,0.5283491,1724
0.5212874,0.5104347,0.5464319,0.56856024,0.4942022,0.49852604,0.5469165,0.53596556,0.5461197,0.53516567,0.5439586,0.47521538,0.46738452,0.40314496,1725
0.55172074,0.54368836,0.51057214,0.5404988,0.42961872,0.50586516,0.57655334,0.52271676,0.56683946,0.6205119,0.50582176,0.40037537,0.3680251,0.25421533,1726
0.5181021,0.5846824,0.52205,0.4776684,0.50210464,0.49646452,0.5012546,0.47260007,0.48670918,0.42694905,0.4512355,0.48669347,0.4852803,0.45155355,1727
0.5657269,0.5403913,0.5521057,0.5930506,0.44935337,0.49227545,0.61998993,0.53808635,0.58649564,0.6185033,0.5525009,0.39551485,0.41442144,0.30965853,1728
0.5613063,0.5681249,0.584335,0.5756695,0.5117964,0.49597368,0.58769685,0.5177765,0.57807946,0.5245193,0.5061096,0.433936,0.48766986,0.457441,1729
0.55834466,0.62872714,0.49017382,0.3913778,0.49947935,0.50738,0.50426173,0.40861776,0.47255963,0.41071206,0.3638325,0.4553897,0.45504415,0.42380804,1730
0.51029086,0.53682476,0.5218079,0.4945917,0.51957804,0.49922937,0.5044356,0.48505977,0.49927032,0.45079383,0.4804806,0.49477515,0.4892145,0.45133072,1731
0.51665896,0.5402256,0.5303654,0.5142343,0.5079025,0.50596946,0.517699,0.49823043,0.5266128,0.48916405,0.48439583,0.48423287,0.47185865,0.42931715,1732
0.5416788,0.6241639,0.4883228,0.40871978,0.49003538,0.49986753,0.4967938,0.42248836,0.4590393,0.39843965,0.3908513,0.4581073,0.45607117,0.42123437,1733
0.49012986,0.48756576,0.6098377,0.61010927,0.56097794,0.5035884,0.5131131,0.5528984,0.60352314,0.51730645,0.5345753,0.52183133,0.54129165,0.53506297,1734
0.53611547,0.62115574,0.4681331,0.35987595,0.5116384,0.5008342,0.45637387,0.39149103,0.4465021,0.3570814,0.32075575,0.50128907,0.46627334,0.43717408,1735
0.5281045,0.531984,0.47078425,0.4643404,0.46169376,0.5070374,0.51081944,0.47544673,0.4944182,0.5066725,0.4713815,0.45920056,0.41153216,0.32146356,1736
0.54541045,0.5973641,0.5333159,0.46778685,0.5126096,0.50405633,0.52455235,0.4586819,0.5156113,0.44688275,0.41761962,0.47094193,0.48541287,0.45875612,1737
0.55273354,0.51775265,0.5173078,0.57388586,0.428173,0.50347775,0.597034,0.542855,0.5878725,0.65911394,0.55484456,0.3917742,0.36923483,0.24672154,1738
0.51091546,0.5644253,0.50963813,0.46524823,0.502829,0.5018492,0.48485303,0.4654902,0.49609095,0.4506229,0.44706768,0.48405108,0.46141866,0.4242661,1739
0.5450956,0.64422643,0.47455907,0.36175263,0.5047767,0.5025825,0.4780202,0.39123553,0.433649,0.35165584,0.3501852,0.46932217,0.47000596,0.45388588,1740
0.563922,0.50136375,0.5083108,0.6390352,0.35424888,0.49387673,0.63673466,0.58984786,0.61483353,0.75951517,0.6366335,0.30717131,0.27610862,0.13496265,1741
0.5436082,0.52261233,0.5375557,0.56839585,0.460447,0.50754464,0.57762253,0.53785497,0.58905077,0.6226642,0.5236088,0.4223621,0.4041932,0.30383697,1742
0.490601,0.4945772,0.65751016,0.64699227,0.62019837,0.50345653,0.5122812,0.5755571,0.6295664,0.45979312,0.53125674,0.5514232,0.60330135,0.67413384,1743
0.48145786,0.5410431,0.4582177,0.40462017,0.5179163,0.5056401,0.40640008,0.4260019,0.45415142,0.39150605,0.39522737,0.5181611,0.46949378,0.42262906,1744
0.551091,0.5994095,0.47508624,0.4026147,0.48329586,0.51245904,0.51041216,0.4278543,0.493594,0.46820217,0.37984714,0.45464,0.42548445,0.36779952,1745
0.5233314,0.55410224,0.5506223,0.5226871,0.5208749,0.49937594,0.5213163,0.4987474,0.5398494,0.47472194,0.4625266,0.4907483,0.4877553,0.45755428,1746
0.54334503,0.5934484,0.5395112,0.4639296,0.5285611,0.5028354,0.5209781,0.45696494,0.51130974,0.42394555,0.42352974,0.4802,0.501881,0.49277613,1747
0.5183965,0.52978694,0.557707,0.5494022,0.51624644,0.49592835,0.5240289,0.5244657,0.5409124,0.48544174,0.49387273,0.5027786,0.5033094,0.45833138,1748
0.51273304,0.5365899,0.5519349,0.52645105,0.5328594,0.49705604,0.5138648,0.50408024,0.52673477,0.45439747,0.48162648,0.51405144,0.51872987,0.49465647,1749
0.5357846,0.64541745,0.43933335,0.30569834,0.52862215,0.5054109,0.4300332,0.34820518,0.40310028,0.3136727,0.30764657,0.47420824,0.47359344,0.4794956,1750
0.5704092,0.56548655,0.56362635,0.58647484,0.463328,0.49339542,0.60670024,0.5283427,0.5865491,0.59013593,0.52570355,0.38656723,0.42339957,0.342808,1751
0.546627,0.6043738,0.45647818,0.37227774,0.49294043,0.51073354,0.48333955,0.4080402,0.4589405,0.41858754,0.34803712,0.46780884,0.43092614,0.37764192,1752
0.5205535,0.5178135,0.5240658,0.5287476,0.4899568,0.49660018,0.5327516,0.5128315,0.5264124,0.511034,0.5145367,0.4783605,0.4561004,0.39066845,1753
0.5645215,0.50597066,0.52439606,0.64852965,0.37593213,0.5040077,0.6467859,0.5784156,0.6367668,0.76368475,0.636601,0.29750314,0.28430963,0.14455535,1754
0.4915789,0.4958914,0.5846494,0.58387136,0.5386797,0.50023526,0.51085764,0.5486236,0.5800228,0.51454353,0.5206456,0.51491094,0.5176621,0.4863003,1755
0.5100207,0.56583285,0.4382106,0.36687768,0.5193376,0.50705504,0.4347895,0.40196037,0.4370071,0.38348132,0.38072422,0.49457598,0.45998105,0.42237043,1756
0.5267859,0.5148315,0.52985054,0.55057913,0.4772525,0.49747136,0.54990834,0.53103584,0.54396474,0.54435736,0.5210643,0.47439316,0.45487177,0.3681001,1757
0.5448858,0.6292754,0.52615696,0.42841443,0.5271626,0.5024981,0.503294,0.43155053,0.48299,0.38680482,0.38595435,0.47537467,0.5001549,0.50178653,1758
0.5575228,0.6146862,0.45907888,0.35490498,0.4982061,0.5105748,0.48707804,0.39709884,0.46362385,0.41145548,0.313256,0.48297194,0.43957534,0.38724,1759
0.5272992,0.5597718,0.5675116,0.5151112,0.55718267,0.50819165,0.51506215,0.48836908,0.5482074,0.44143802,0.45390296,0.49985757,0.5246993,0.54132843,1760
0.55704975,0.5675309,0.5515298,0.54280776,0.48525658,0.5117178,0.5754157,0.50656366,0.59501666,0.5828284,0.4691464,0.41698205,0.427423,0.36206904,1761
0.53022516,0.4921702,0.54525524,0.6097531,0.45260903,0.50054127,0.58435076,0.56999934,0.5964226,0.6442125,0.58277637,0.42661,0.4028866,0.28951183,1762
0.51096135,0.5110761,0.56893224,0.5622688,0.53897196,0.49922207,0.5279642,0.5281938,0.55191886,0.4950363,0.524795,0.5009858,0.51191235,0.4952595,1763
0.5588474,0.5027383,0.5186319,0.63370514,0.37196076,0.493225,0.63742363,0.5850519,0.6168873,0.741162,0.6275781,0.32502884,0.2969238,0.15565696,1764
0.5671366,0.5685098,0.5473658,0.5557671,0.47111905,0.49855056,0.589858,0.5127318,0.5568698,0.55313224,0.5058015,0.41073748,0.43735734,0.36008063,1765
0.50640744,0.54605895,0.57471937,0.51252115,0.58676845,0.5192765,0.4866805,0.4888709,0.5697851,0.44440922,0.43656525,0.519248,0.5308006,0.592369,1766
0.56835073,0.637461,0.46469998,0.34652072,0.50151414,0.516067,0.5051826,0.39396867,0.47168574,0.41293377,0.29046747,0.4808033,0.44879448,0.402807,1767
0.4950877,0.54470485,0.55080307,0.52488077,0.52498233,0.49098796,0.4891493,0.50571793,0.5125213,0.42574778,0.4761334,0.5255309,0.52066296,0.49966478,1768
0.5297682,0.5950575,0.51764554,0.43472263,0.52670556,0.49930212,0.49168798,0.44039607,0.48267847,0.39365697,0.40414172,0.5026015,0.5089532,0.49647528,1769
0.5499339,0.57094175,0.5118054,0.5006338,0.47044188,0.50279003,0.56095904,0.48148522,0.5237935,0.5280142,0.4894625,0.41831955,0.43302327,0.35294864,1770
0.5022845,0.5277494,0.5164311,0.5031684,0.5097305,0.49565148,0.49223363,0.49057668,0.4992558,0.4502014,0.4795006,0.5155506,0.49794188,0.44610354,1771
0.55348825,0.5624911,0.5233878,0.51817125,0.46767396,0.50281715,0.56812453,0.5050732,0.5460117,0.5586536,0.48330906,0.43040293,0.4267493,0.34746206,1772
0.5514476,0.67351544,0.47933072,0.335638,0.5217533,0.5017811,0.47031146,0.3664169,0.42456955,0.3153112,0.3176711,0.46883455,0.48433453,0.49224633,1773
0.5468325,0.6284755,0.45105883,0.34064057,0.4996149,0.50911134,0.46789902,0.38445237,0.4388181,0.37441602,0.31735283,0.47735626,0.43915272,0.39935064,1774
0.56432295,0.56519496,0.5657314,0.566263,0.4901342,0.49359584,0.5970823,0.5167114,0.56479585,0.53294754,0.50884724,0.43391183,0.47577015,0.4150655,1775
0.55640024,0.54890066,0.5406537,0.5564062,0.4690769,0.5050248,0.5889855,0.51876056,0.5743962,0.5889911,0.5185606,0.41406372,0.4224561,0.3392622,1776
0.5495901,0.55766684,0.5690402,0.5585312,0.5038404,0.49843553,0.5723413,0.52118075,0.5646744,0.5235086,0.5010474,0.4547871,0.48184448,0.43801257,1777
0.5380923,0.6131129,0.5051546,0.412982,0.52065706,0.5017401,0.49080354,0.42581835,0.4729135,0.39171976,0.38755605,0.48659343,0.49332276,0.48281205,1778
0.53072244,0.5726913,0.5037934,0.4471631,0.500037,0.5076156,0.50217634,0.45118168,0.5095993,0.45550236,0.42351457,0.4750496,0.4543166,0.40350923,1779
0.5270075,0.5310113,0.5890839,0.6013662,0.5138385,0.50192124,0.5639601,0.54764736,0.59283423,0.54587513,0.5303399,0.46748364,0.48678783,0.45085847,1780
0.5235069,0.5291866,0.53602964,0.5283355,0.51139814,0.5075932,0.5360854,0.50683546,0.5405787,0.51196736,0.49886283,0.4766261,0.47355905,0.42526287,1781
0.5437794,0.52202976,0.58431447,0.6167093,0.4929343,0.50749135,0.5907771,0.54863983,0.6285049,0.60856706,0.5460081,0.41888165,0.43794012,0.36629972,1782
0.50657547,0.5486178,0.5399894,0.50527805,0.5266916,0.49670967,0.49327675,0.49534705,0.5061611,0.42947194,0.46767542,0.51589966,0.5130564,0.49203995,1783
0.5286504,0.5602598,0.49360955,0.44589138,0.49796578,0.5041651,0.4979055,0.45753992,0.49374923,0.45365578,0.42291668,0.4963789,0.46486244,0.41289973,1784
0.5178756,0.5705641,0.5392823,0.4761731,0.5332943,0.49949107,0.4931469,0.46729568,0.5067076,0.41167098,0.43236843,0.51499194,0.5167782,0.50883245,1785
0.5036146,0.51015157,0.568604,0.57088614,0.53448045,0.4925298,0.5265211,0.5335632,0.5410275,0.4683633,0.53037304,0.5108927,0.5137426,0.49186084,1786
0.56384283,0.5161057,0.49663335,0.5718582,0.3923602,0.50418776,0.61310977,0.5409037,0.5924669,0.7039027,0.57085764,0.34883654,0.31765535,0.18057126,1787
0.5029503,0.5692786,0.5722888,0.507447,0.5662622,0.498209,0.47880238,0.47900185,0.52363724,0.3856626,0.4427924,0.52893925,0.5509533,0.5795942,1788
0.48715973,0.5286164,0.610119,0.5812941,0.5788821,0.49759656,0.49100682,0.53359705,0.5639438,0.42728162,0.49162775,0.5490446,0.5787647,0.60927826,1789
0.5524422,0.57915854,0.47672978,0.40284926,0.50506496,0.5171066,0.51102674,0.42805406,0.5063775,0.47764328,0.36527237,0.47209677,0.4346993,0.3801779,1790
0.54787654,0.65083015,0.44309205,0.31197193,0.5206256,0.5075399,0.4515657,0.35068482,0.4148317,0.3309564,0.29696447,0.46555385,0.45611608,0.44464147,1791
0.5030454,0.51766986,0.53344554,0.51819056,0.52914363,0.49802756,0.5018326,0.50148094,0.5045761,0.45043772,0.50012004,0.5120835,0.51156384,0.4828961,1792
0.5475398,0.58527786,0.43724772,0.37643775,0.483176,0.5192739,0.48503658,0.41180897,0.47254908,0.45981064,0.35172138,0.44994658,0.3963965,0.3215178,1793
0.570906,0.6191111,0.47738266,0.4108952,0.44991493,0.5096445,0.5368395,0.4319921,0.5030376,0.50431526,0.37968174,0.41755465,0.3930426,0.31309533,1794
0.5077479,0.51519877,0.59884286,0.59126896,0.55452067,0.4984954,0.530075,0.54599714,0.5820923,0.4856116,0.5107681,0.52552116,0.5441561,0.54001087,1795
0.5513164,0.5640984,0.50144047,0.51397747,0.4326007,0.4999628,0.5630738,0.5029953,0.52985436,0.57382005,0.496567,0.40743062,0.38547555,0.2790445,1796
0.5454126,0.5675523,0.4593873,0.39539927,0.4819786,0.5167598,0.50330687,0.43621472,0.49024296,0.46951938,0.3695997,0.48555887,0.41167486,0.33507398,1797
0.5557498,0.55901456,0.56237006,0.5756413,0.47530755,0.5008957,0.59012014,0.5203052,0.587437,0.5772496,0.51753765,0.40843767,0.43287587,0.35617134,1798
0.52395,0.5618978,0.540686,0.49579504,0.5242792,0.50165284,0.5183039,0.47945082,0.52334696,0.4509684,0.4563824,0.4924153,0.49425834,0.47112614,1799
0.5101591,0.5584364,0.5165795,0.45920947,0.5232998,0.50092256,0.48817036,0.46098903,0.494037,0.41853306,0.4400753,0.5069384,0.49283457,0.46687794,1800
0.52299505,0.5642265,0.5613797,0.5185902,0.5331534,0.5039826,0.5184879,0.49985102,0.5403536,0.45542985,0.45969605,0.4992356,0.5101405,0.5001599,1801
0.51170874,0.5586678,0.5365954,0.4873976,0.5379328,0.5080623,0.49647063,0.47406924,0.5095308,0.4254981,0.4437612,0.5144735,0.512054,0.49720594,1802
0.52788347,0.5180358,0.5469068,0.56935227,0.48181581,0.4935819,0.5557663,0.5351666,0.557745,0.55037266,0.5316457,0.46297112,0.44871747,0.37226626,1803
0.5619958,0.63179964,0.49114195,0.40145785,0.48459533,0.5093034,0.51752084,0.41481745,0.49444276,0.44981736,0.36685893,0.4326959,0.43030626,0.37974685,1804
0.5504639,0.52533054,0.55739236,0.6046957,0.4657892,0.5080542,0.5998698,0.5503295,0.606245,0.63958526,0.56136453,0.3973146,0.4119684,0.319022,1805
0.4847166,0.52450264,0.649825,0.6196729,0.6152197,0.5053218,0.49090073,0.55558616,0.6159519,0.433541,0.4920455,0.555956,0.60652465,0.68284535,1806
0.5738835,0.541219,0.549901,0.59358394,0.44804287,0.4978253,0.6260454,0.5336405,0.59055614,0.6325131,0.5592479,0.37790257,0.40673178,0.30244035,1807
0.56495583,0.5982001,0.47815314,0.3885778,0.49946305,0.517205,0.5187963,0.41778675,0.5026866,0.47158125,0.34560913,0.4653561,0.43227327,0.3805007,1808
0.5335741,0.62521607,0.44845513,0.3375453,0.5082507,0.5022158,0.4389693,0.3753116,0.41877797,0.3381453,0.31071416,0.4921004,0.45966184,0.42521572,1809
0.54367894,0.6217891,0.46659508,0.3648775,0.48856452,0.5080421,0.47786933,0.40356618,0.44662893,0.38496992,0.35872397,0.47260237,0.4410611,0.405515,1810
0.5486505,0.53455555,0.5495236,0.57805437,0.4599978,0.4961225,0.5939973,0.5389848,0.5881377,0.60883194,0.53412193,0.41701016,0.41792196,0.3232699,1811
0.5495312,0.60571855,0.46611333,0.398033,0.47333673,0.51012844,0.50499946,0.42606813,0.47636238,0.45220125,0.38654712,0.4478784,0.42116496,0.36007395,1812
0.5416476,0.6177413,0.50467616,0.4059292,0.51601523,0.50660414,0.4955058,0.42979804,0.4832471,0.40691823,0.36062965,0.48964265,0.47507015,0.46337903,1813
0.53395647,0.55712926,0.52131784,0.5140104,0.48070434,0.49706912,0.5374967,0.49328038,0.51779807,0.5009805,0.49019346,0.45160246,0.45005918,0.37827042,1814
0.54928577,0.53908,0.47871974,0.48637185,0.44232726,0.5140297,0.55362713,0.48831528,0.542748,0.5967172,0.47890776,0.4132603,0.36951122,0.26118824,1815
0.5535599,0.53074276,0.55404204,0.5883851,0.46373186,0.50583357,0.6009322,0.53736347,0.60781085,0.6337965,0.53493977,0.40192872,0.40484223,0.30715743,1816
0.5313684,0.6138369,0.46769503,0.36273235,0.5302366,0.50875723,0.46595487,0.3880351,0.4459935,0.37174943,0.36053386,0.46895143,0.47288537,0.46687275,1817
0.5066422,0.51665723,0.56296784,0.55480796,0.5370148,0.49956313,0.5167392,0.52745855,0.5377255,0.47254673,0.5107961,0.5154982,0.51838535,0.50013864,1818
0.52496123,0.5097198,0.4993735,0.5417945,0.43619865,0.50061005,0.55190253,0.5235178,0.5321937,0.56935453,0.54324967,0.43860644,0.38970205,0.2714542,1819
0.5162173,0.49324733,0.5186487,0.54247504,0.46531656,0.50346094,0.53506863,0.5243891,0.5688765,0.57566094,0.51086664,0.4691122,0.41490626,0.30873793,1820
0.5353531,0.53391504,0.55508536,0.5652561,0.4839721,0.5006849,0.5644928,0.5345886,0.57808423,0.5690358,0.50755894,0.45214012,0.44050652,0.36990908,1821
0.52315867,0.5654504,0.51789623,0.46471533,0.5248909,0.50109917,0.5022029,0.46012187,0.49020725,0.41599277,0.44583806,0.49564585,0.4960442,0.47629476,1822
0.51514417,0.5214345,0.5629241,0.5707852,0.51661235,0.49910665,0.5392415,0.53230804,0.5429207,0.4967613,0.5264108,0.49567726,0.5009123,0.4545998,1823
0.56672424,0.5059318,0.50613886,0.62402344,0.36105403,0.49422726,0.63652205,0.57427776,0.6021002,0.7369704,0.6338744,0.31362665,0.28716552,0.14643764,1824
0.56623507,0.50320035,0.5079241,0.63810575,0.35502344,0.49615738,0.6420565,0.5845637,0.60897326,0.75324845,0.64008605,0.30412596,0.27904603,0.13416964,1825
0.5361148,0.49949673,0.53371644,0.5963859,0.43841925,0.5037843,0.58548665,0.5617957,0.601154,0.66446906,0.56811553,0.4095631,0.37866595,0.25929028,1826
0.511112,0.57647514,0.53785896,0.48162672,0.5250373,0.49618143,0.49276346,0.4752997,0.5067186,0.42164692,0.44097674,0.5018368,0.49755612,0.48728997,1827
0.50373346,0.52089894,0.57138485,0.573211,0.5257249,0.49583864,0.5187683,0.533455,0.5450706,0.4727602,0.5173245,0.5150795,0.5195374,0.49017856,1828
0.56380624,0.6087139,0.45622945,0.36453518,0.49665087,0.5165703,0.4981947,0.39773917,0.47132254,0.4327709,0.33258525,0.45838436,0.4279654,0.37812772,1829
0.509188,0.5293779,0.5556991,0.5416772,0.5236916,0.49762306,0.5210422,0.5121021,0.53638864,0.47052118,0.50474614,0.50000376,0.5036171,0.47200984,1830
0.50811684,0.5448157,0.53024966,0.49440977,0.52681696,0.5009104,0.49196675,0.4897087,0.5051721,0.4408785,0.46097657,0.5150384,0.5078321,0.48638996,1831
0.549078,0.59379625,0.48572698,0.40376276,0.50450265,0.5128666,0.5055588,0.42806736,0.5004498,0.45195577,0.36507422,0.47619796,0.4489329,0.4074189,1832
0.5499856,0.54430586,0.56633943,0.5898425,0.47504005,0.48631307,0.5939496,0.5377899,0.5644489,0.55312735,0.54556555,0.430995,0.45726192,0.37916404,1833
0.5426312,0.64322543,0.46275693,0.33832785,0.5157186,0.5017927,0.45692372,0.3718094,0.4226613,0.33959225,0.3311864,0.47559547,0.4699159,0.4619536,1834
0.5658409,0.5208745,0.5050974,0.5914289,0.38263088,0.4992249,0.62292635,0.54766524,0.5896996,0.700911,0.5860823,0.3379977,0.31467265,0.17473821,1835
0.50549775,0.51801986,0.57552475,0.57585394,0.5372046,0.499396,0.525895,0.53236455,0.55413216,0.4744719,0.5128185,0.51919323,0.53006047,0.50098276,1836
0.54295087,0.50631416,0.5257442,0.56005186,0.44743806,0.5010543,0.58367395,0.5365449,0.5789035,0.61971927,0.54384315,0.42656907,0.388539,0.27897462,1837
0.5537081,0.62387425,0.44875818,0.36351538,0.47830638,0.51016176,0.48768288,0.39450854,0.4553108,0.4193109,0.3476765,0.4346538,0.40534693,0.3430356,1838
0.516164,0.5557652,0.5200992,0.4691884,0.5264351,0.49973485,0.49141032,0.46802184,0.48890987,0.41571698,0.44852203,0.5083089,0.50359637,0.48214036,1839
0.5349883,0.50183666,0.5363452,0.5969467,0.44751263,0.5044493,0.5732912,0.56177044,0.59327114,0.6463333,0.5663341,0.41451812,0.39493808,0.2869454,1840
0.5565686,0.533232,0.5468898,0.5652039,0.4739131,0.5027842,0.59559643,0.5272367,0.5845253,0.598269,0.52923167,0.42325938,0.4290549,0.34382185,1841
0.5596404,0.52448225,0.514852,0.5812734,0.4176002,0.5051979,0.61177516,0.5435036,0.5871729,0.67368245,0.56252986,0.37057278,0.35571295,0.22647841,1842
0.52164334,0.6019942,0.46998215,0.38145447,0.5068665,0.5004787,0.45551684,0.40692708,0.4417354,0.36952087,0.36184645,0.495872,0.4626274,0.4277857,1843
0.49874148,0.5134038,0.56994843,0.5717857,0.53292257,0.49619776,0.51603186,0.5311652,0.54350483,0.48431534,0.5293811,0.50592554,0.52371585,0.49503174,1844
0.4930844,0.5185451,0.59126675,0.5801945,0.5578406,0.501036,0.50443655,0.5362614,0.562674,0.46543813,0.50517714,0.53202,0.5518084,0.55548507,1845
0.5375429,0.5282159,0.5465515,0.5766466,0.47130516,0.5008305,0.5752151,0.5312327,0.5774058,0.5821802,0.5293768,0.43731865,0.4328985,0.34081712,1846
0.4953264,0.49859157,0.6170202,0.6215071,0.5592921,0.496092,0.5347026,0.5612987,0.5997258,0.5124689,0.54521537,0.51680785,0.55737025,0.5453558,1847
0.5549558,0.50691026,0.5163014,0.59366006,0.40440157,0.5044517,0.6124787,0.55294955,0.61278003,0.7051731,0.5724291,0.35714185,0.32012758,0.1860712,1848
0.51788443,0.5489308,0.5340336,0.5106925,0.5052385,0.49364486,0.51990235,0.49612555,0.5153241,0.46254545,0.48275334,0.48771352,0.48163423,0.44171903,1849
0.5291969,0.5674706,0.4980346,0.47174653,0.47878838,0.5004152,0.5142969,0.47488704,0.49525586,0.4731289,0.4551684,0.46472922,0.44339937,0.37785527,1850
0.54917794,0.65357584,0.4468056,0.31837702,0.5076884,0.5075051,0.451908,0.36211154,0.41830382,0.339648,0.2936068,0.47260806,0.44966286,0.4301904,1851
0.5518483,0.6342868,0.46930924,0.35654065,0.499733,0.5113386,0.48129278,0.39734358,0.45800674,0.3929342,0.32005396,0.476875,0.44571748,0.41249686,1852
0.5428892,0.5257868,0.5145221,0.53924656,0.45343205,0.50847036,0.5645987,0.5192729,0.57492536,0.6131739,0.50392437,0.42502543,0.39118087,0.28864923,1853
0.53643066,0.5026761,0.56350917,0.6243748,0.45965788,0.4937639,0.5926763,0.5725896,0.5904661,0.61655176,0.5927592,0.42852166,0.4259263,0.32655102,1854
0.5463372,0.6538967,0.4897891,0.3600098,0.5221757,0.5025948,0.47563645,0.38631415,0.43610963,0.3330588,0.34113213,0.47988772,0.4908425,0.4954282,1855
0.49674386,0.52370703,0.5417737,0.5238993,0.52421075,0.49576327,0.4898431,0.50895435,0.51802176,0.44864917,0.48955652,0.5241142,0.5087004,0.47814688,1856
0.5462118,0.65375495,0.48141432,0.3565211,0.51926094,0.503985,0.4785869,0.38756174,0.43862218,0.34039685,0.33822593,0.47047988,0.47554263,0.47518903,1857
0.54949933,0.49870136,0.5376295,0.6413101,0.39107576,0.49279368,0.6218105,0.5835332,0.61361194,0.7110204,0.62307256,0.35064876,0.3242273,0.18448535,1858
0.5223483,0.571555,0.53478664,0.4886362,0.51819074,0.4962648,0.50309396,0.47349617,0.5055661,0.42952392,0.44841093,0.5000168,0.5084862,0.478949,1859
0.51027334,0.51627094,0.55827415,0.5696038,0.5104837,0.49271303,0.5325038,0.53008646,0.53657055,0.48908216,0.52892476,0.4963073,0.5004363,0.4462692,1860
0.45246592,0.5050155,0.6356097,0.6017329,0.62329596,0.50110966,0.44663695,0.54789877,0.5803351,0.39121407,0.49450648,0.5894331,0.6210489,0.69835556,1861
0.5261503,0.5959617,0.47814563,0.39061892,0.5179256,0.50547737,0.46804884,0.4162623,0.4515103,0.38739482,0.37385988,0.4856594,0.46143523,0.44155538,1862
0.5633297,0.6592929,0.45788735,0.33204204,0.50547075,0.5057835,0.47957912,0.3703848,0.43765146,0.35942942,0.29543757,0.46121976,0.45167363,0.42777687,1863
0.53471386,0.49502754,0.5740312,0.6597223,0.44236434,0.49586853,0.6069304,0.5927761,0.6299193,0.68181586,0.61791086,0.38980886,0.38745087,0.26949152,1864
0.51201224,0.5590607,0.5244997,0.47779912,0.5178736,0.5079771,0.49092567,0.47515443,0.5182892,0.45280972,0.43585896,0.49859965,0.47183487,0.45209402,1865
0.5366618,0.6515677,0.4912882,0.35915586,0.52916056,0.49856555,0.46106616,0.38010806,0.43195066,0.31493726,0.34436467,0.4813171,0.4953453,0.50512284,1866
0.5170807,0.49378994,0.5441224,0.59432864,0.4717357,0.496227,0.546418,0.5644929,0.5732063,0.5947738,0.5568759,0.4659385,0.44555205,0.352208,1867
0.49018124,0.5014889,0.6487721,0.6550062,0.5873601,0.50580376,0.5173852,0.5817354,0.6447193,0.50935155,0.53557354,0.52727664,0.57113826,0.615502,1868
0.47293666,0.5157074,0.61292785,0.5831713,0.5954237,0.5009141,0.46981055,0.53648037,0.56483346,0.4125267,0.4937009,0.56317323,0.59218156,0.6402313,1869
0.51512015,0.58455473,0.54386234,0.47217822,0.5429663,0.5026065,0.48542467,0.46795848,0.4983892,0.39680025,0.42364028,0.5130825,0.5174023,0.5290135,1870
0.5484794,0.54354024,0.5653316,0.5747032,0.4986128,0.50136584,0.57803196,0.53137034,0.5796499,0.5560478,0.5221312,0.44139427,0.46464527,0.4152188,1871
0.5117147,0.5226995,0.5429307,0.52543235,0.53068066,0.4917763,0.5140303,0.50128144,0.5142162,0.4453366,0.50359577,0.5077417,0.51105565,0.48790094,1872
0.53771377,0.57201743,0.54085296,0.5033648,0.50580734,0.5040016,0.53297484,0.47836453,0.5345219,0.4769109,0.4641521,0.46027264,0.4710431,0.43091157,1873
0.525217,0.5470164,0.55030954,0.5187455,0.5305117,0.49648568,0.5283122,0.49867138,0.52242243,0.45531663,0.48366174,0.49310252,0.5084234,0.491726,1874
0.5352186,0.59285945,0.5074202,0.43949893,0.501644,0.50205696,0.5048398,0.44584745,0.48609436,0.4238732,0.41570288,0.48290676,0.47596624,0.43916994,1875
0.5482532,0.5279284,0.52831215,0.5660672,0.45611727,0.5009105,0.5795815,0.53495294,0.56042814,0.5960088,0.53700656,0.41940734,0.41147265,0.31178644,1876
0.5030354,0.5640343,0.53679895,0.47711048,0.5388537,0.5042089,0.47664326,0.47413528,0.5046015,0.41061696,0.43138146,0.52798885,0.5195923,0.5148958,1877
0.55429316,0.54940367,0.51754063,0.5457883,0.4434863,0.5056243,0.5814999,0.51296854,0.5602844,0.6027275,0.5273157,0.3898439,0.38459036,0.2803479,1878
0.49811256,0.5392513,0.5990514,0.5685652,0.5715609,0.49915445,0.50076103,0.5281866,0.55706555,0.42959416,0.4811207,0.5424074,0.5705458,0.59958434,1879
0.53572875,0.4926632,0.56313765,0.65926385,0.43181917,0.4993776,0.6087849,0.5901491,0.63214695,0.7007408,0.6226107,0.37319556,0.36943555,0.24326542,1880
0.55532426,0.54174596,0.56044513,0.58274657,0.4717403,0.4949085,0.5940926,0.54307604,0.5760872,0.5836325,0.53291565,0.430231,0.4455874,0.3681606,1881
0.5287749,0.51778704,0.5275763,0.54579514,0.47904655,0.50685805,0.5537976,0.5214004,0.5656916,0.5757772,0.5097778,0.45902497,0.43567258,0.34021527,1882
0.52366906,0.55704784,0.54237175,0.51190215,0.5097861,0.5015266,0.52458453,0.49471575,0.5248866,0.474517,0.47526953,0.47943127,0.47861552,0.44242308,1883
0.5340369,0.6282345,0.51848483,0.4080592,0.54259354,0.5015579,0.4805242,0.41831487,0.4625316,0.348064,0.3710687,0.4970012,0.5166899,0.5338027,1884
0.5290812,0.6038295,0.44559625,0.3639628,0.4940971,0.5059952,0.449612,0.39610857,0.43602282,0.38098285,0.3591073,0.47649738,0.44981486,0.40393496,1885
0.5486443,0.5562313,0.55639493,0.55970895,0.49864107,0.51218075,0.5646824,0.5189659,0.5973047,0.57912123,0.49505162,0.41724536,0.44266996,0.3934056,1886
0.55618805,0.5411485,0.5306208,0.5781326,0.43342504,0.50360626,0.59888977,0.53385127,0.5830793,0.63833004,0.54435694,0.38008553,0.37418786,0.2606751,1887
0.53469956,0.57118225,0.55228853,0.51483107,0.5158093,0.4919678,0.534265,0.48796782,0.52374446,0.4625073,0.46063983,0.4800314,0.5007253,0.47252247,1888
0.5279449,0.5491545,0.53001535,0.50995326,0.5009021,0.49694213,0.53037083,0.49950445,0.51843494,0.4822935,0.47990918,0.4853528,0.47956026,0.4322769,1889
0.54328513,0.53900534,0.5695299,0.573134,0.5075203,0.5017118,0.5721204,0.5310133,0.5760248,0.54399556,0.5160941,0.4602223,0.48387423,0.43668976,1890
0.5259343,0.5381654,0.5285048,0.5386136,0.48762766,0.4886053,0.5257154,0.50560766,0.5203854,0.50440717,0.51376224,0.46189123,0.47631335,0.41760737,1891
0.5404143,0.62463695,0.46786866,0.37040144,0.4968861,0.50428855,0.47869882,0.40111014,0.45148376,0.38102368,0.35861525,0.46903813,0.4515767,0.41111463,1892
0.5424751,0.6025877,0.52399856,0.4417563,0.5250511,0.50257486,0.5099611,0.44323027,0.49204907,0.4089007,0.40360743,0.484714,0.49809888,0.4885921,1893
0.51646066,0.48435375,0.5964172,0.64043367,0.51290566,0.49784702,0.5696308,0.58484507,0.6033093,0.56921667,0.58278733,0.48580846,0.4918177,0.43571803,1894
0.558561,0.58344865,0.4461999,0.3860698,0.4805048,0.5220607,0.50544757,0.42097867,0.4938715,0.49473134,0.34855068,0.447233,0.39539418,0.31377667,1895
0.54448634,0.55866617,0.5631313,0.5568727,0.49259725,0.4967684,0.5753768,0.5202706,0.5680437,0.54667825,0.49614164,0.4489333,0.46350366,0.399485,1896
0.56703746,0.5078712,0.51633084,0.64062417,0.36825556,0.5003999,0.64835083,0.576991,0.6260643,0.75890344,0.6383075,0.29862943,0.28316316,0.14146447,1897
0.5282643,0.56759584,0.45834088,0.42103517,0.4647156,0.50512433,0.4892606,0.4438139,0.46789533,0.45041257,0.4290941,0.45793486,0.4075897,0.3212806,1898
0.52013004,0.5998255,0.40853548,0.31516626,0.5121212,0.5072387,0.41559112,0.35916013,0.4023082,0.3559414,0.3351367,0.46857283,0.44377783,0.41286433,1899
0.54336,0.58359414,0.46972972,0.4170212,0.46234828,0.5098474,0.51011366,0.44116223,0.50291723,0.49176568,0.3976022,0.45230618,0.39536694,0.3164261,1900
0.5400194,0.5848786,0.49263266,0.41341782,0.48999834,0.5104796,0.5050553,0.44457862,0.5114087,0.46045297,0.365171,0.5029819,0.44644582,0.38785997,1901
0.55516064,0.5505591,0.54730284,0.56405896,0.47166848,0.49904534,0.58410776,0.5282007,0.5642005,0.57470554,0.51907533,0.42375344,0.44394448,0.36159748,1902
0.53154266,0.5126467,0.5468877,0.58939636,0.47225586,0.5035897,0.5766087,0.5501573,0.58678746,0.61235774,0.55130064,0.43352056,0.42644846,0.3327789,1903
0.584203,0.77724445,0.45419446,0.22435442,0.52695066,0.49315152,0.4347649,0.27862963,0.35161233,0.2038958,0.18835932,0.46333978,0.49511707,0.5413467,1904
0.5668516,0.5995363,0.5795115,0.5388913,0.5193599,0.48875856,0.5787925,0.48558253,0.543148,0.45804927,0.4711488,0.4427968,0.5105608,0.49014166,1905
0.5562813,0.6486761,0.465098,0.34533352,0.49846882,0.51045835,0.48408565,0.38402036,0.44887584,0.37620544,0.3199429,0.46382827,0.45054862,0.4231282,1906
0.5268597,0.5735391,0.576369,0.51453495,0.5624387,0.49779603,0.51089174,0.4852856,0.5324263,0.4113853,0.44797066,0.50349456,0.5444229,0.56492597,1907
0.55453354,0.59192103,0.46688318,0.3988154,0.4866352,0.5150765,0.50880647,0.42865553,0.48937336,0.4679907,0.37041906,0.45962748,0.42283383,0.3620401,1908
0.5288435,0.5853275,0.44393837,0.3750199,0.49195853,0.50763655,0.46446034,0.40436316,0.44758943,0.40851405,0.3661885,0.47294337,0.42890245,0.36973193,1909
0.559685,0.5248335,0.537566,0.60063237,0.4282198,0.49196815,0.61464024,0.55244124,0.583883,0.64817464,0.5749194,0.38215062,0.3840471,0.26411518,1910
0.53568804,0.5669243,0.5009021,0.4842531,0.4641406,0.5049906,0.53384846,0.48447242,0.5272473,0.53046805,0.45444533,0.44183293,0.40642655,0.32595786,1911
0.5537811,0.5896049,0.4401826,0.38423643,0.4731222,0.5187972,0.49500826,0.41377527,0.47882292,0.48156023,0.3642812,0.4309186,0.38758838,0.3063447,1912
0.570586,0.5482039,0.4748493,0.5134642,0.39546874,0.5137679,0.5930479,0.50419205,0.5802505,0.681654,0.48124915,0.35462603,0.30887052,0.17393716,1913
0.5213035,0.56355006,0.5850596,0.54936796,0.54108375,0.49076518,0.52655584,0.5103269,0.54460514,0.43885183,0.4759693,0.5076835,0.54156345,0.54213834,1914
0.5126717,0.5869319,0.46732104,0.40029567,0.5071427,0.50214475,0.4451481,0.420172,0.45025176,0.37553543,0.36414108,0.5034445,0.46307185,0.41636413,1915
0.4926021,0.5242079,0.51155627,0.48208374,0.5235942,0.5012347,0.46415338,0.47902164,0.48751897,0.42000404,0.4583489,0.53809345,0.5124472,0.47797126,1916
0.5007784,0.5092316,0.57267135,0.5669676,0.54250014,0.49534822,0.5064148,0.53341746,0.54119235,0.45158613,0.5176895,0.5278511,0.5229424,0.5127355,1917
0.54510736,0.5985394,0.46632767,0.37734774,0.498653,0.5132194,0.4827918,0.41611826,0.4710986,0.42424124,0.329535,0.49187514,0.4396404,0.38518986,1918
0.54659027,0.6426321,0.46427932,0.3415502,0.51026374,0.5073036,0.4636787,0.38153976,0.43511572,0.351457,0.31649768,0.4818741,0.4631,0.44731605,1919
0.55595773,0.555249,0.57700324,0.57698566,0.50133914,0.49993992,0.5903475,0.5226351,0.58727527,0.5491758,0.51272494,0.43647546,0.46953222,0.41792986,1920
0.55126977,0.53000283,0.52989423,0.5671995,0.45363924,0.50013125,0.5914898,0.5315819,0.5732319,0.6088159,0.5401862,0.41340747,0.4119386,0.30726105,1921
0.5057795,0.50021946,0.5750718,0.5986612,0.517682,0.4952104,0.54048973,0.5538922,0.56443465,0.5231559,0.5449787,0.5090115,0.5115807,0.46268067,1922
0.52761734,0.5505458,0.5277864,0.5154901,0.5013219,0.50747395,0.5355907,0.49600095,0.52254343,0.49337474,0.48918208,0.46660262,0.46747157,0.4150051,1923
0.5769789,0.6159879,0.52675235,0.48541984,0.46562904,0.5002399,0.57702273,0.45875922,0.5310202,0.5144402,0.44025895,0.39785028,0.4245516,0.35413307,1924
0.49696934,0.526419,0.605896,0.58525866,0.56897014,0.4986744,0.5127925,0.53587115,0.5711856,0.45084065,0.5056715,0.5316162,0.5616045,0.579352,1925
0.48090178,0.48697698,0.5917563,0.5968136,0.5641031,0.5013542,0.4975067,0.5515027,0.5644203,0.4731816,0.5313909,0.5483398,0.5574369,0.5592187,1926
0.5523569,0.51482034,0.5201236,0.5862065,0.42248556,0.5022819,0.60190505,0.54621017,0.58914083,0.6742788,0.5717565,0.3799862,0.36321577,0.23592415,1927
0.55118257,0.61005026,0.51196426,0.44975317,0.4785122,0.50176644,0.52906764,0.4446822,0.5109356,0.469092,0.42028946,0.4308123,0.43350223,0.37569273,1928
0.51462597,0.720928,0.40524268,0.2182677,0.5332882,0.49539688,0.35886443,0.2644843,0.31042904,0.18974616,0.22395538,0.48695827,0.49368078,0.50533414,1929
0.526067,0.5742683,0.48472184,0.4326337,0.48721066,0.5031978,0.48825532,0.4523037,0.47402263,0.43410426,0.41788137,0.487137,0.44584715,0.39550155,1930
0.53652054,0.5760992,0.46376616,0.38771573,0.50590307,0.51142484,0.48042595,0.41848433,0.47208577,0.43119755,0.35687062,0.4929106,0.4451595,0.39351958,1931
0.5145534,0.49166867,0.5418651,0.58677524,0.46522233,0.4996069,0.5457599,0.56073725,0.5850653,0.61023617,0.54169047,0.45898136,0.42425203,0.32303724,1932
0.5393499,0.5391029,0.498896,0.5014841,0.44734806,0.50735503,0.5529748,0.50136805,0.549029,0.58142835,0.48241466,0.43588275,0.38634524,0.2834593,1933
0.50594604,0.5461504,0.5481741,0.50632924,0.542874,0.49617708,0.4926093,0.4880873,0.5056058,0.41914833,0.47220778,0.51665616,0.5235048,0.5196634,1934
0.51359445,0.5887178,0.5261959,0.4477469,0.5320114,0.49789685,0.4813888,0.45261064,0.48177823,0.38697574,0.41472387,0.51202905,0.50916994,0.50380677,1935
0.5141933,0.5928964,0.49830636,0.41758496,0.52237326,0.499472,0.45855284,0.42895326,0.46918082,0.38022122,0.38529348,0.5080978,0.48738605,0.47500396,1936
0.50797355,0.5294367,0.5819691,0.57017183,0.53759784,0.49614105,0.5192044,0.5310385,0.55044407,0.4733167,0.5113219,0.5071278,0.53007823,0.5125771,1937
0.49846122,0.51101524,0.56704,0.55932057,0.54586107,0.49691775,0.51198006,0.5310917,0.5431964,0.46646813,0.50947523,0.52944374,0.5310184,0.5192916,1938
0.5256638,0.56593746,0.49912557,0.47177443,0.4745044,0.50300086,0.5127543,0.4749775,0.49670935,0.4775767,0.45699987,0.46509263,0.43444446,0.36872247,1939
0.49998915,0.5484469,0.52217525,0.47153205,0.52744675,0.4982486,0.47437552,0.4738916,0.48721123,0.40699485,0.44613668,0.5270761,0.5096529,0.48775628,1940
0.5430434,0.5061839,0.46536154,0.5002733,0.413439,0.5161818,0.5588269,0.5139651,0.5653107,0.6529998,0.49315384,0.41000745,0.31897557,0.19539021,1941
0.54186076,0.54982984,0.5829771,0.57548475,0.5243365,0.5006513,0.5697835,0.51832074,0.5858788,0.52514625,0.5048219,0.45534536,0.49424797,0.46432096,1942
0.5598362,0.6289246,0.45495492,0.3608733,0.46992967,0.50655943,0.49568,0.3955703,0.4629771,0.42844698,0.34976697,0.4354944,0.39992154,0.34226522,1943
0.51762706,0.517679,0.54882854,0.5419621,0.5225583,0.4931078,0.52671826,0.51329,0.52450556,0.46825328,0.5107328,0.5002389,0.5025779,0.46161824,1944
0.52091014,0.53710425,0.55306196,0.5473136,0.51391226,0.5011144,0.5351941,0.51399195,0.5397221,0.49328688,0.50849104,0.47665834,0.48533803,0.44620734,1945
0.5162841,0.56895787,0.5082382,0.46153414,0.5136038,0.5056282,0.49533272,0.4604356,0.48897484,0.43248847,0.44048306,0.49531657,0.48461157,0.45062035,1946
0.539946,0.5395196,0.5243506,0.54045665,0.45926785,0.5118319,0.5602547,0.5234766,0.5760939,0.5994546,0.4957996,0.42693976,0.39808637,0.30148444,1947
0.5119803,0.533305,0.57275414,0.5609102,0.5324765,0.4919011,0.52475005,0.5179575,0.54088193,0.4610601,0.5137384,0.4974424,0.5155429,0.49440062,1948
0.49191806,0.54497075,0.53039384,0.48347932,0.5400686,0.49681324,0.47511706,0.47854316,0.4913147,0.4065897,0.4584107,0.5317115,0.5202917,0.5140874,1949
0.5355686,0.50662273,0.5339012,0.57937884,0.45230386,0.5046474,0.5773815,0.54371125,0.58565867,0.63365597,0.55388767,0.4210982,0.39961013,0.28878158,1950
0.5312852,0.56618935,0.5163689,0.4902237,0.48606923,0.49850366,0.521588,0.48472124,0.5089136,0.4846235,0.4629524,0.46413943,0.4537159,0.39326525,1951
0.53267753,0.61548793,0.45737776,0.3625305,0.4962735,0.5036828,0.46152112,0.39877576,0.4413827,0.3708046,0.35793293,0.4829193,0.44998568,0.41375867,1952
0.54196465,0.5685174,0.46374443,0.42347628,0.47178102,0.5139604,0.5035104,0.45030406,0.4968319,0.4923507,0.39444536,0.46357656,0.40487483,0.3216171,1953
0.5451159,0.5293918,0.48779577,0.5138759,0.43113342,0.5109329,0.5647628,0.5068782,0.5558404,0.6162595,0.51183236,0.40624577,0.35750753,0.24398859,1954
0.5005783,0.4979212,0.54150856,0.55770123,0.51038545,0.5037715,0.5126025,0.5284925,0.55122375,0.516962,0.51997757,0.5026978,0.48399287,0.42879328,1955
0.5710789,0.54902655,0.53238785,0.57918686,0.42597157,0.49572718,0.6220375,0.5267126,0.576482,0.6313267,0.5481771,0.37088832,0.383078,0.26042596,1956
0.5063626,0.5655813,0.5489123,0.4807719,0.5611297,0.50018513,0.47659674,0.4722246,0.51227236,0.39846212,0.42246896,0.53408456,0.5390434,0.55804056,1957
0.55793947,0.51225495,0.5284255,0.6092547,0.40622154,0.5022177,0.6230493,0.5644776,0.6173715,0.7169042,0.5799131,0.35283345,0.32866818,0.19633204,1958
0.51885253,0.5360888,0.52134734,0.4968931,0.5061734,0.50050217,0.5165336,0.49255538,0.50728995,0.4720865,0.4831818,0.49713132,0.48092425,0.43721986,1959
0.5582826,0.50037384,0.51850355,0.64391124,0.37313724,0.5008662,0.6376294,0.58308256,0.62802374,0.76059633,0.63396305,0.3109716,0.28779748,0.14549008,1960
0.52229935,0.52831036,0.5492347,0.54765147,0.49614874,0.5129598,0.5214948,0.5121341,0.5764687,0.5480961,0.49148518,0.46678,0.46266174,0.39530465,1961
0.5294968,0.58799607,0.53771764,0.46889246,0.5253709,0.5015804,0.5075264,0.45555758,0.51028585,0.41871235,0.43170422,0.48573768,0.49942964,0.48793387,1962
0.5253933,0.55394435,0.5745152,0.5568777,0.5263639,0.49376795,0.54067034,0.51608723,0.5483199,0.4735888,0.49730673,0.4883449,0.5189786,0.49494624,1963
0.51690245,0.51929635,0.5298564,0.52564526,0.50730467,0.49402368,0.52338547,0.5076049,0.5176966,0.48078313,0.5085088,0.49162757,0.4832741,0.43104592,1964
0.55262274,0.6478894,0.45375782,0.3404327,0.49319616,0.504969,0.4711308,0.37344614,0.42902696,0.35879573,0.3279878,0.45442837,0.4425463,0.4074388,1965
0.5213258,0.6041897,0.47904682,0.41075763,0.4754266,0.50376,0.47554684,0.43180797,0.47473767,0.4270854,0.39479727,0.46773118,0.43077958,0.36494932,1966
0.49796477,0.5085079,0.5369659,0.53977525,0.50659776,0.4979608,0.507839,0.5309535,0.5336263,0.50404996,0.51349324,0.50751954,0.47179618,0.4249198,1967
0.5570614,0.6180796,0.4682927,0.3790626,0.49651742,0.5148298,0.50377166,0.40845424,0.47796997,0.43088037,0.34500393,0.4589162,0.43575898,0.3889992,1968
0.5573605,0.5359938,0.49324465,0.535597,0.41723326,0.50356245,0.5788798,0.5228085,0.55928224,0.6348867,0.51326704,0.3908403,0.35669035,0.23769143,1969
0.51388574,0.5503456,0.5842901,0.54786235,0.552898,0.502565,0.5121222,0.5139708,0.55771315,0.45568892,0.47307098,0.5148925,0.5371265,0.5452499,1970
0.55605596,0.5117601,0.6091288,0.6760133,0.47554877,0.49009344,0.63482875,0.5844271,0.6329942,0.6391501,0.62538815,0.38979304,0.43659464,0.35354573,1971
0.49869415,0.54966635,0.53224254,0.4809676,0.5446277,0.5019809,0.46556583,0.47108868,0.50406575,0.40426007,0.43789265,0.53490096,0.53161687,0.5215724,1972
0.5283796,0.5462261,0.54122764,0.5265258,0.50686705,0.5003066,0.5393252,0.50347555,0.53808326,0.50229615,0.47808808,0.48845813,0.48479837,0.43220514,1973
0.5425418,0.53810173,0.54108286,0.52857894,0.49225464,0.510675,0.554853,0.5062499,0.5877525,0.56435704,0.46868014,0.45122808,0.42474467,0.355077,1974
0.5102655,0.5125827,0.53026664,0.52442735,0.5152378,0.49275768,0.5084814,0.5063218,0.5120919,0.46543026,0.5014088,0.51433367,0.5020204,0.45405346,1975
0.51714015,0.5693946,0.5725472,0.52204645,0.54451054,0.5014449,0.51302266,0.4936196,0.54092866,0.43627644,0.45685157,0.50238353,0.5225748,0.52888125,1976
0.5486848,0.5233612,0.5307528,0.55396056,0.4563603,0.5085151,0.5839346,0.52814144,0.5915411,0.6228233,0.5113119,0.42178577,0.39053705,0.28706685,1977
0.49022627,0.5084249,0.61906433,0.6122991,0.5789009,0.4973266,0.5059471,0.5585959,0.5865461,0.4605791,0.5206212,0.541901,0.57592976,0.6070442,1978
0.55021316,0.5945613,0.45566174,0.38367978,0.4846673,0.51333266,0.5018331,0.41500092,0.48488492,0.46399713,0.3425918,0.46893784,0.4186013,0.3425849,1979
0.55152255,0.5886972,0.54517245,0.5169231,0.48527786,0.49744233,0.54895854,0.49601665,0.53627473,0.50183487,0.46672183,0.436693,0.4534121,0.40852335,1980
0.56135446,0.522018,0.5202034,0.57480204,0.42479178,0.5049675,0.61014223,0.53920305,0.5942758,0.67000556,0.55072784,0.37731558,0.35727,0.23256181,1981
0.5532566,0.5646864,0.4597148,0.4175976,0.4598935,0.51790935,0.5249615,0.45104,0.52249545,0.5417838,0.38363066,0.44843644,0.3806836,0.28621054,1982
0.54210085,0.6244996,0.52531284,0.43101424,0.52580833,0.50093687,0.50414824,0.43510848,0.48254064,0.38676205,0.38942495,0.47703105,0.49938467,0.4998738,1983
0.52312315,0.5680485,0.551662,0.49169126,0.54388195,0.5039513,0.506623,0.47968432,0.5190676,0.425255,0.44061232,0.5090827,0.52067536,0.52247155,1984
0.56454736,0.509357,0.53372896,0.6430235,0.38975805,0.50186986,0.64254004,0.5758323,0.6336489,0.7423337,0.6309371,0.31329408,0.30543932,0.17143373,1985
0.5061097,0.5693057,0.5330328,0.48453516,0.52380055,0.4998732,0.48457447,0.4741579,0.50327086,0.42079,0.44456542,0.50939935,0.505592,0.48538202,1986
0.506854,0.5280391,0.5512576,0.5292716,0.5312776,0.504359,0.5078484,0.5104715,0.5347082,0.47024208,0.48579738,0.5151102,0.51038104,0.48690468,1987
0.5222224,0.5370619,0.528132,0.50883126,0.5089223,0.50017786,0.5233572,0.49330187,0.52260435,0.48343357,0.4868634,0.48455843,0.48692682,0.43607423,1988
0.52215177,0.5927797,0.52403396,0.44443083,0.5268193,0.4990592,0.4877549,0.44915974,0.48827368,0.39828345,0.4131202,0.5017638,0.5021857,0.49571955,1989
0.5641687,0.5594291,0.5291258,0.5550828,0.44445547,0.50475484,0.59656346,0.51224816,0.5808827,0.6244228,0.5155659,0.37450635,0.3831057,0.27723762,1990
0.566019,0.53757095,0.51550466,0.56614643,0.41201398,0.5011311,0.6143133,0.52459407,0.5847492,0.66009504,0.544621,0.3639771,0.3490794,0.22020012,1991
0.52476656,0.59094006,0.5270733,0.45915386,0.5152544,0.49830335,0.49699497,0.45612562,0.49453282,0.4118001,0.42065895,0.49646065,0.49643853,0.47571737,1992
0.54389215,0.6069147,0.50333893,0.4158165,0.5117657,0.5105038,0.5009989,0.428032,0.49586585,0.42582408,0.37743655,0.47456548,0.46577635,0.44057676,1993
0.564919,0.5550682,0.5181861,0.5460385,0.43097848,0.5030339,0.59582853,0.51212716,0.57026696,0.6237312,0.52307594,0.37611997,0.37396947,0.26419368,1994
0.55500233,0.5389564,0.5622831,0.5955392,0.4658906,0.49924546,0.59399796,0.54704803,0.5971389,0.6117704,0.5411973,0.40307814,0.41836667,0.33321288,1995
0.515702,0.54782856,0.5433802,0.5111384,0.5192191,0.5038016,0.512263,0.496777,0.5281273,0.47016454,0.4765819,0.493905,0.49208048,0.46504593,1996
0.5040114,0.53494215,0.5607362,0.5286978,0.54184735,0.49685767,0.50449044,0.5072814,0.52712774,0.4433691,0.4853227,0.5205602,0.5250479,0.5185556,1997
0.5730064,0.5086006,0.5066245,0.645453,0.35381144,0.49980748,0.65637225,0.57994056,0.62426907,0.7707801,0.6439428,0.28491083,0.27003208,0.12638645,1998
0.49498558,0.55294317,0.56113005,0.49226183,0.57451737,0.50424504,0.46414536,0.46962294,0.5259524,0.40015993,0.43333384,0.52847415,0.540214,0.57075673,1999
