atelectasis,cardiomegaly,effusion,infiltration,mass,nodule,pneumonia,pneumothorax,consolidation,edema,emphysema,fibrosis,pleural_thickening,hernia,row_id
0.48810512,0.50562674,0.52587515,0.53869694,0.43517154,0.5139045,0.58368134,0.54992026,0.4283639,0.54048866,0.5098667,0.44663203,0.4747976,0.38809887,0
0.51195943,0.4692426,0.48401526,0.4836062,0.49875617,0.50794816,0.37508628,0.49049762,0.5281949,0.46887422,0.53353095,0.45324412,0.48610416,0.50843483,1
0.47766763,0.49212164,0.5385215,0.5732468,0.40637654,0.52859205,0.6421633,0.55826503,0.41922703,0.56257683,0.50890416,0.4397455,0.47722545,0.3053114,2
0.5103407,0.4035501,0.39792532,0.4116435,0.65153104,0.45068127,0.17073002,0.3080507,0.6683361,0.35000128,0.4643759,0.53061,0.46613425,0.533261,3
0.4943152,0.49436367,0.49816144,0.5033647,0.47199938,0.5021833,0.47705328,0.50714165,0.46472016,0.4748496,0.51549506,0.43945298,0.46223176,0.48708516,4
0.49814746,0.5032332,0.5314002,0.5434831,0.42298338,0.53211695,0.5871703,0.56055236,0.42549357,0.5570405,0.51442736,0.45296407,0.4759402,0.36992717,5
0.50257725,0.42148668,0.42614403,0.43838292,0.6010011,0.44828853,0.22086397,0.3597654,0.62041754,0.37023816,0.49401385,0.48516423,0.45353252,0.5392615,6
0.49500972,0.50830823,0.52439785,0.52831167,0.4421556,0.5096224,0.55384105,0.54791707,0.437382,0.5314339,0.51418227,0.4445502,0.4717946,0.41628942,7
0.49677253,0.4657476,0.46917433,0.48801494,0.51425743,0.48820275,0.3899055,0.46830317,0.5154103,0.44683108,0.512336,0.4490918,0.46695113,0.5087653,8
0.49362883,0.4716155,0.47305065,0.48488605,0.5102375,0.4763982,0.3947034,0.46668288,0.5064408,0.43627968,0.5085603,0.44645476,0.457852,0.5166795,9
0.49329746,0.48870242,0.49406028,0.50381774,0.47487125,0.4962629,0.46814466,0.502256,0.47324952,0.47140497,0.51290786,0.4354148,0.45953754,0.49020147,10
0.5059148,0.4879855,0.50188416,0.50533575,0.47933143,0.5140035,0.45670053,0.5146395,0.48503166,0.4914422,0.5291695,0.451477,0.48889926,0.4665806,11
0.495147,0.50919265,0.53165615,0.539301,0.43534216,0.5177831,0.58574474,0.558631,0.43537858,0.551766,0.5122113,0.45017597,0.48126528,0.3734646,12
0.48952442,0.4944558,0.5067947,0.52659947,0.45188087,0.5154404,0.5374181,0.52765936,0.44616792,0.51042926,0.5115095,0.44028673,0.46968317,0.43541962,13
0.49508017,0.5021228,0.5340268,0.54932064,0.41627166,0.52957195,0.5997366,0.5723736,0.4231717,0.57084084,0.5127939,0.4479795,0.47430974,0.35821137,14
0.49643138,0.5058613,0.5251995,0.5352694,0.4344795,0.5183161,0.57332253,0.55278397,0.4300742,0.5412984,0.5148297,0.4475469,0.47751972,0.39384067,15
0.48898557,0.49581766,0.50824594,0.5211877,0.45691198,0.5064942,0.5265306,0.52568054,0.44752637,0.5045801,0.51358795,0.44203225,0.47108734,0.44072777,16
0.4896426,0.49391425,0.51112217,0.5285684,0.4480604,0.51835924,0.54178435,0.533507,0.4480782,0.5171929,0.5149364,0.4408248,0.47399828,0.42155334,17
0.49668646,0.51463574,0.5562033,0.56635624,0.4024991,0.52143353,0.65507793,0.59528685,0.40708438,0.6094857,0.5020044,0.4634797,0.47964844,0.28802598,18
0.5013544,0.5166483,0.5568504,0.5601825,0.4064282,0.52837026,0.63924843,0.59055126,0.41164738,0.6033313,0.5054579,0.46659416,0.4838731,0.29685977,19
0.5163638,0.4012553,0.39570302,0.40291512,0.6560721,0.46322224,0.15162428,0.29565746,0.68210214,0.35126162,0.46759626,0.54272485,0.4686064,0.5343457,20
0.49023414,0.5085833,0.53939915,0.55501205,0.42437127,0.5210489,0.61529875,0.56433165,0.43157732,0.567036,0.5103449,0.45039922,0.48770398,0.33428064,21
0.49795383,0.48848867,0.5007437,0.5048924,0.46731755,0.5085813,0.47474676,0.51457113,0.4695376,0.48432094,0.5211559,0.43992722,0.4688347,0.4740564,22
0.4927981,0.49913865,0.5262426,0.53994185,0.43173426,0.52096933,0.57466334,0.5553149,0.4330797,0.54667026,0.51511145,0.4429939,0.4768645,0.38756952,23
0.51152366,0.4068406,0.40512457,0.41788965,0.64261436,0.45539424,0.1726885,0.3173001,0.65983135,0.35925013,0.4718698,0.524011,0.46613416,0.5296373,24
0.498192,0.4362002,0.4373585,0.4593935,0.5715794,0.47011963,0.28063783,0.39429614,0.57848567,0.39889973,0.4954547,0.47520286,0.4646236,0.5171325,25
0.5020633,0.424496,0.4283096,0.44727874,0.5936101,0.45510885,0.23547103,0.37003684,0.608675,0.38025916,0.49259332,0.47983852,0.45418403,0.5350702,26
0.4955343,0.49954647,0.52120495,0.53375345,0.43486634,0.5232507,0.5621026,0.5537389,0.43462467,0.54161423,0.51627976,0.4447835,0.47369966,0.4031946,27
0.49020034,0.50386435,0.5303766,0.54630923,0.42591769,0.52410686,0.59617925,0.5590597,0.42747813,0.5554825,0.5113283,0.44783166,0.47623023,0.36676,28
0.5014967,0.495943,0.51236284,0.51650715,0.45492333,0.5177248,0.5102225,0.5374349,0.4568532,0.5177594,0.5229713,0.44459113,0.4781184,0.44634923,29
0.475469,0.49381942,0.53834486,0.5765092,0.4065688,0.52502847,0.65150785,0.5595867,0.41540483,0.5672961,0.50706446,0.44210485,0.47801638,0.29690647,30
0.4968898,0.47467023,0.48165554,0.4872436,0.50804317,0.48769543,0.39607975,0.4720686,0.51807123,0.44378355,0.51730835,0.44259843,0.46871787,0.50552547,31
0.49804407,0.4971205,0.5093252,0.5149386,0.45770013,0.508729,0.5085864,0.5297065,0.45388135,0.5050279,0.5168384,0.44158676,0.46833277,0.45768735,32
0.49075577,0.47155055,0.47138292,0.49524218,0.5032355,0.49607244,0.42056414,0.4666027,0.50081384,0.44552645,0.5063384,0.44158402,0.45915753,0.5059562,33
0.48809445,0.49701586,0.5116932,0.52973044,0.4449749,0.51274693,0.5493533,0.53561825,0.43673688,0.5192031,0.511744,0.43946254,0.46536916,0.42737192,34
0.5026022,0.40983188,0.40939733,0.43106723,0.6250561,0.4396233,0.19225596,0.33060274,0.6357851,0.35539517,0.47736287,0.49792275,0.447566,0.5379921,35
0.5129502,0.4041175,0.399011,0.40587184,0.65330416,0.45290762,0.15721528,0.300862,0.6762573,0.34865585,0.4681127,0.53321713,0.465162,0.53322417,36
0.50395375,0.41334447,0.41570637,0.43164998,0.61442995,0.44394785,0.20232023,0.34506524,0.63053715,0.36273217,0.48657516,0.49416903,0.4515558,0.5410792,37
0.49128857,0.50088894,0.524596,0.5389421,0.42712942,0.52130926,0.57800925,0.5569564,0.42754513,0.5452433,0.51300204,0.44119674,0.46877435,0.39277136,38
0.49589145,0.49833152,0.5097342,0.51423234,0.45471066,0.51033103,0.5084846,0.5259827,0.4525825,0.4997979,0.51859564,0.4415271,0.4694442,0.45462313,39
0.48808697,0.49922967,0.5198421,0.53619784,0.4419859,0.52541095,0.5681007,0.53920066,0.44500723,0.5305426,0.5133729,0.44637322,0.48087656,0.3909716,40
0.48764065,0.4690826,0.46887684,0.48454154,0.5201991,0.47947884,0.394185,0.45185682,0.5159493,0.42964962,0.5056275,0.44980037,0.4670855,0.50172603,41
0.4964999,0.49672946,0.50490046,0.50913894,0.46444985,0.50315565,0.490293,0.52036,0.46267924,0.4920179,0.51734596,0.4400416,0.46773896,0.4728247,42
0.5011247,0.41932815,0.42080712,0.43945938,0.6021134,0.44344762,0.21780683,0.35306886,0.6206219,0.36336324,0.49243328,0.4781294,0.4397018,0.5518473,43
0.507833,0.421436,0.43122298,0.44788316,0.5908762,0.453323,0.22212327,0.37834817,0.6081347,0.38340986,0.5045923,0.48156938,0.45138907,0.5446012,44
0.49409136,0.47341335,0.47750318,0.48738706,0.50913805,0.48466146,0.3965265,0.46927848,0.51696926,0.44023255,0.5136729,0.4433139,0.4680986,0.50567025,45
0.49270782,0.4518318,0.45305496,0.47053048,0.54934096,0.46479917,0.32347035,0.42007816,0.55278355,0.4047877,0.502236,0.45590034,0.4562311,0.5206623,46
0.4980572,0.44089326,0.44448438,0.46583104,0.55790037,0.46498358,0.2986089,0.41372547,0.56185985,0.40551212,0.5015599,0.46350914,0.45642164,0.52708524,47
0.49398103,0.5106091,0.54771316,0.56170183,0.40761214,0.52190495,0.6410031,0.58486825,0.40904105,0.5933686,0.5044719,0.4566736,0.47603956,0.31263757,48
0.51677805,0.39497876,0.38927326,0.39964044,0.6729343,0.44471297,0.14112046,0.28945094,0.68872374,0.3429116,0.45799944,0.5481856,0.4667475,0.53526527,49
0.48870376,0.49655375,0.51515734,0.53403956,0.4440787,0.5223171,0.5589244,0.53587514,0.44179726,0.52375436,0.5148685,0.44416237,0.47963977,0.40266028,50
0.48045754,0.49049118,0.5307861,0.5619369,0.41992012,0.5244304,0.6176402,0.5532863,0.42426807,0.55281466,0.51099247,0.4404648,0.48006445,0.33265972,51
0.49502224,0.5060704,0.5214084,0.52732736,0.44513535,0.5058463,0.5474849,0.5438013,0.44170618,0.5250986,0.5136355,0.44162598,0.47213534,0.4251665,52
0.50715464,0.4159672,0.4183471,0.42939472,0.6132939,0.45854422,0.19466685,0.33786464,0.63684046,0.36729077,0.49017432,0.4983507,0.45450303,0.5340256,53
0.49751928,0.49165046,0.50016177,0.507543,0.46598154,0.5094755,0.47879133,0.5169132,0.46702495,0.48906162,0.519368,0.43860176,0.46398523,0.47997078,54
0.48960602,0.4994345,0.530581,0.5460172,0.42704585,0.522609,0.5936955,0.558961,0.42826912,0.55382633,0.51269394,0.44464204,0.47972107,0.36628214,55
0.4848284,0.49497882,0.5117036,0.5302683,0.45145947,0.51531243,0.546699,0.5248084,0.45005396,0.5048104,0.5127613,0.4397631,0.4779564,0.41495025,56
0.4829986,0.49785596,0.54855216,0.5824925,0.39927554,0.526892,0.6654154,0.5730917,0.41571563,0.5881319,0.506943,0.45045108,0.48356706,0.2728366,57
0.4953204,0.5087516,0.5316763,0.53654444,0.42558193,0.52082926,0.583607,0.5608585,0.42276478,0.54932386,0.5127012,0.447153,0.47137815,0.38637245,58
0.50110036,0.4658529,0.4750445,0.48721653,0.50546896,0.49933243,0.3866434,0.4722819,0.5136605,0.4526097,0.5187719,0.44898626,0.46702304,0.5080768,59
0.49581477,0.48820946,0.5015964,0.5142253,0.46622622,0.5171673,0.4965346,0.5186309,0.46753994,0.49840933,0.51925457,0.44281307,0.47694674,0.4534143,60
0.51329005,0.40263838,0.40109876,0.4157754,0.64723766,0.45618877,0.16141574,0.30730054,0.6726504,0.3558172,0.4706143,0.5256411,0.4598342,0.5357639,61
0.50884765,0.40622798,0.4033698,0.4213086,0.63534147,0.4562727,0.17996483,0.32064083,0.6532535,0.3604755,0.47261778,0.5185276,0.45744205,0.53671825,62
0.48233992,0.5066396,0.54217017,0.56558627,0.41345894,0.51736766,0.64344317,0.57015413,0.41471288,0.5785212,0.5045843,0.45209742,0.4804975,0.31189978,63
0.5065425,0.40748718,0.40751165,0.42381158,0.6314787,0.4463343,0.18349487,0.3281148,0.6517073,0.3608003,0.47743177,0.5099099,0.45733956,0.5369233,64
0.49997902,0.4339239,0.44000688,0.45445243,0.57363313,0.44727388,0.26143536,0.3941969,0.58645487,0.3830458,0.5031418,0.467056,0.45027608,0.53988856,65
0.49033865,0.4981567,0.519083,0.5329967,0.44132888,0.51945966,0.5599224,0.5420394,0.4402163,0.52927995,0.5138905,0.44300005,0.47489706,0.40654144,66
0.49370468,0.51262873,0.5522984,0.5632626,0.40604976,0.52118045,0.64932233,0.5887177,0.40880686,0.59948766,0.502501,0.46082264,0.480259,0.29556063,67
0.49266553,0.51220304,0.5635,0.58599615,0.38536906,0.5172656,0.6885842,0.6033865,0.39839923,0.62696934,0.4989515,0.46648133,0.47868544,0.24387008,68
0.50199926,0.41887647,0.42062524,0.4415841,0.5971719,0.4470901,0.22817095,0.36238003,0.6083506,0.3696392,0.4891138,0.4829786,0.4440052,0.5445455,69
0.49566415,0.5025347,0.5178722,0.52365786,0.44492495,0.51194406,0.5418393,0.5423102,0.43999627,0.52164865,0.51581615,0.44221294,0.4714072,0.42958188,70
0.49419835,0.46964434,0.47307503,0.4896901,0.5080577,0.48151812,0.40290117,0.46999252,0.5056441,0.4410738,0.5087085,0.4435008,0.45754775,0.5102648,71
0.4856262,0.5099366,0.53316975,0.5468792,0.4244604,0.51464003,0.6105042,0.5550032,0.41433123,0.5482251,0.5053577,0.44753936,0.47002286,0.3627114,72
0.47882074,0.4930781,0.544092,0.5783334,0.40044445,0.52750677,0.6526985,0.56624603,0.41629335,0.5742622,0.50900143,0.44208863,0.47771126,0.2874192,73
0.5103156,0.4033399,0.40676016,0.42238978,0.6369621,0.4471948,0.16742608,0.31542003,0.6610316,0.35295367,0.48000583,0.5129729,0.45246604,0.54047096,74
0.5022246,0.41393682,0.41638863,0.43718752,0.6145427,0.43862754,0.19587085,0.33856055,0.63320065,0.35722482,0.48740906,0.48265463,0.44306692,0.5425201,75
0.49271056,0.46625525,0.46902552,0.48313898,0.526787,0.4737608,0.38016358,0.45029777,0.5230523,0.42444354,0.50474876,0.45115614,0.46359855,0.5086326,76
0.49456185,0.5135634,0.56076217,0.58056384,0.39341098,0.51974934,0.6809539,0.6012542,0.40146774,0.62472963,0.49805152,0.46775594,0.47880533,0.2571079,77
0.48453823,0.5075024,0.5624508,0.59658295,0.37102568,0.5108235,0.70014274,0.60321224,0.38489318,0.6215614,0.50280255,0.45093736,0.4637768,0.24329147,78
0.49568158,0.45013893,0.45237312,0.4703144,0.54512876,0.47146186,0.32377526,0.42581007,0.5496546,0.4121622,0.5036995,0.4577543,0.45556945,0.5260028,79
0.51450336,0.3940554,0.39265543,0.403118,0.66459614,0.44029617,0.14374591,0.29295447,0.6815952,0.34231204,0.4631141,0.5372473,0.4571163,0.54238427,80
0.4903499,0.48714542,0.5020758,0.52118486,0.46624297,0.5126561,0.51603925,0.51776135,0.461359,0.49870238,0.5124982,0.4426045,0.47614476,0.43923834,81
0.49829087,0.44911724,0.45553154,0.47253066,0.5371565,0.473589,0.32469538,0.4332655,0.5445411,0.41703296,0.5082574,0.45612195,0.4556907,0.5238507,82
0.48835906,0.5015539,0.54869443,0.5723649,0.40027994,0.52102274,0.6535911,0.58832824,0.40591642,0.6014111,0.5050991,0.45652756,0.47546095,0.28857803,83
0.5027843,0.43334758,0.4369519,0.44711718,0.5835619,0.4684825,0.24020752,0.37481216,0.610847,0.38538352,0.50435567,0.4744002,0.46095175,0.5299413,84
0.50455886,0.45329732,0.462281,0.4674658,0.54416484,0.4878152,0.31420714,0.4326393,0.5594828,0.4225008,0.5177768,0.46830118,0.47855207,0.51385206,85
0.4813797,0.49352056,0.5420122,0.5781941,0.4056413,0.52701473,0.6502801,0.5652095,0.41705984,0.5770429,0.50899404,0.447188,0.4835869,0.28707626,86
0.501995,0.4148428,0.41567868,0.43257728,0.6131681,0.44559276,0.20669588,0.3451391,0.6322237,0.36515367,0.48445508,0.4948585,0.45380288,0.5374353,87
0.50198305,0.4093578,0.40792707,0.42583063,0.6257615,0.43683627,0.19355318,0.3287068,0.63507587,0.35006404,0.47565982,0.50106305,0.4468283,0.5404144,88
0.4894281,0.499036,0.528468,0.5440094,0.4288257,0.5247559,0.5859614,0.5540702,0.43263698,0.5479789,0.51469123,0.44452187,0.47897264,0.37203532,89
0.5019898,0.40806118,0.4107692,0.4221067,0.6357358,0.4280062,0.1802458,0.32624233,0.6642545,0.351409,0.47803554,0.50040203,0.4601356,0.52619976,90
0.49799812,0.47433797,0.4783041,0.48550826,0.5064368,0.48891637,0.3976264,0.47138536,0.50859064,0.4419378,0.51403433,0.4417097,0.4576373,0.51861966,91
0.4897848,0.501758,0.51965594,0.5343294,0.4406913,0.5075036,0.57310903,0.5488915,0.42896912,0.53593177,0.50901014,0.4450054,0.4721135,0.4020781,92
0.5144988,0.38489845,0.38215598,0.39480817,0.67589337,0.42818722,0.12593395,0.27000728,0.6972324,0.3255909,0.45851654,0.5427564,0.44889328,0.5509413,93
0.49641868,0.51042044,0.5407306,0.5513127,0.41584542,0.52460307,0.6137508,0.5731504,0.41892248,0.5753858,0.5113068,0.4567069,0.48112893,0.33598506,94
0.49826783,0.4808948,0.48806202,0.4947416,0.4909489,0.5009805,0.42944795,0.48977023,0.49656695,0.46119067,0.517853,0.44031087,0.46735865,0.5000166,95
0.49520558,0.49624074,0.5053481,0.51039475,0.4662791,0.5062519,0.49295533,0.51679415,0.4693729,0.48955917,0.51859826,0.43813646,0.47463813,0.46444637,96
0.48656893,0.5055341,0.527311,0.5419012,0.43143854,0.5190087,0.58885497,0.5496604,0.42908305,0.54098135,0.5104876,0.4448002,0.47548482,0.37940693,97
0.49930277,0.5034176,0.5172293,0.5157334,0.4529618,0.5140328,0.52003694,0.5339804,0.45256224,0.5086531,0.52146894,0.44446927,0.4781344,0.44194096,98
0.49343917,0.50378084,0.5207832,0.5310877,0.43981883,0.51642,0.5607852,0.5461563,0.43445796,0.5308131,0.51297206,0.4461173,0.47209054,0.40830663,99
0.4903811,0.5053212,0.5306921,0.54565555,0.42488766,0.51992166,0.6000078,0.56099606,0.42039526,0.555446,0.5087408,0.44652477,0.47151276,0.37095523,100
0.4932109,0.506927,0.5276117,0.534779,0.43148404,0.5159051,0.57318115,0.5517291,0.42642885,0.5371347,0.51277405,0.44510153,0.47074685,0.39738604,101
0.4938133,0.49630013,0.50543106,0.51122755,0.4643297,0.50380874,0.49843565,0.51906824,0.458476,0.49075237,0.5154514,0.44095573,0.46723363,0.46382165,102
0.49365819,0.51643157,0.55559635,0.566203,0.4021204,0.52097344,0.6639022,0.5880473,0.40165418,0.599017,0.49824345,0.46143004,0.4761931,0.2909411,103
0.50866187,0.40707925,0.40829277,0.42245406,0.63030356,0.4485314,0.17916529,0.32739478,0.65384084,0.3632962,0.47808948,0.511766,0.46000335,0.5309813,104
0.48995495,0.5175294,0.55300814,0.56249243,0.4066778,0.5166016,0.6524553,0.58270454,0.4069445,0.590293,0.50179857,0.45739755,0.47910103,0.3015157,105
0.49641585,0.48137045,0.484575,0.49506387,0.48605317,0.49361372,0.43283615,0.49195325,0.48542175,0.46076164,0.5154043,0.43822047,0.456672,0.5101596,106
0.47471908,0.49311796,0.5376847,0.5798069,0.40433538,0.5227472,0.6580647,0.55967945,0.41166604,0.56866115,0.50482327,0.44154808,0.47485662,0.29386163,107
0.4968174,0.46452516,0.4672708,0.4864739,0.51717836,0.47898304,0.38199845,0.4659689,0.514107,0.44425994,0.5108835,0.44712877,0.45860896,0.5172747,108
0.4919315,0.48671517,0.4896145,0.5011923,0.48335102,0.48899958,0.45875943,0.49741885,0.47207963,0.46674654,0.51160955,0.44164273,0.46011093,0.49654114,109
0.49150044,0.49538285,0.5073339,0.52515453,0.4505193,0.5173881,0.5321154,0.5291204,0.44656104,0.510139,0.51331717,0.44011557,0.4682096,0.4394,110
0.48761225,0.5014869,0.5458077,0.5664206,0.4072766,0.5221474,0.6401977,0.57796377,0.4141198,0.5854802,0.5077066,0.4493355,0.47932723,0.3083102,111
0.49384865,0.50332123,0.51622593,0.5193825,0.45450452,0.5099548,0.52471405,0.52905124,0.45559096,0.5046187,0.5176024,0.44068593,0.47734842,0.43642756,112
0.4889183,0.49777022,0.519377,0.5343383,0.43682075,0.519964,0.5646898,0.5454161,0.4366114,0.5328854,0.51332456,0.43972078,0.4700255,0.40579095,113
0.49396747,0.5004213,0.514944,0.5241508,0.4485351,0.51029545,0.5397831,0.5385024,0.4408951,0.51812476,0.5135138,0.44361457,0.47042304,0.43128362,114
0.49622688,0.5100224,0.5385132,0.5434384,0.42331368,0.51928294,0.5999157,0.5673235,0.42035314,0.5627713,0.5103624,0.45459998,0.4784189,0.35508174,115
0.50336146,0.40986672,0.4133363,0.4319707,0.6202882,0.44022328,0.19531398,0.33840033,0.63313156,0.35864452,0.48284978,0.49681306,0.44765425,0.54105735,116
0.49582094,0.50816315,0.5354574,0.5426455,0.42714733,0.52178425,0.5882992,0.5651363,0.43257135,0.5607414,0.5137372,0.44889987,0.48154232,0.36747125,117
0.4960264,0.49045238,0.49645746,0.50698173,0.47030714,0.50119424,0.475436,0.51139176,0.46837482,0.4826277,0.5155061,0.43852758,0.46457574,0.48668322,118
0.48907834,0.5120468,0.58452266,0.62368363,0.35079065,0.49927044,0.74785095,0.6305763,0.38294718,0.66099066,0.49055603,0.46847716,0.4645562,0.17728195,119
0.4918954,0.50531816,0.51416385,0.52304083,0.45139873,0.51105237,0.5369992,0.5304378,0.44639024,0.50710565,0.51402736,0.44002765,0.4713335,0.43893155,120
0.4931934,0.5150752,0.56092995,0.5767372,0.3955174,0.5176153,0.6753344,0.5976928,0.40075314,0.61869043,0.4963216,0.46747577,0.47717232,0.2644033,121
0.49701056,0.4929862,0.5004718,0.506331,0.46856278,0.50126505,0.4740756,0.5130522,0.47112513,0.4825614,0.5186975,0.43798977,0.46700588,0.4825683,122
0.498822,0.49105188,0.50529784,0.5173467,0.45562547,0.516661,0.5001446,0.52917385,0.4599201,0.5079382,0.52078414,0.43944412,0.4713898,0.46066463,123
0.50207293,0.40953556,0.41047063,0.43457437,0.6228858,0.43742117,0.19617625,0.33346593,0.6336047,0.35623536,0.47811544,0.4925758,0.44367892,0.5387703,124
0.48255673,0.5017064,0.5258446,0.54814655,0.42957753,0.51916915,0.60302305,0.54899967,0.42635638,0.54434824,0.5082019,0.44387242,0.47561046,0.36858165,125
0.5084549,0.44266462,0.45423034,0.45931602,0.5579582,0.4735179,0.27357477,0.42009938,0.57961315,0.40944082,0.5185309,0.47312573,0.467859,0.53129363,126
0.48894674,0.5053904,0.52086025,0.5346238,0.43935195,0.51358765,0.570886,0.5431918,0.4308783,0.5297585,0.5093961,0.44411126,0.4697072,0.40771773,127
0.5055881,0.46726233,0.47641468,0.47973752,0.52086216,0.49153984,0.35937676,0.46459827,0.5306033,0.4395994,0.52390695,0.45618302,0.472764,0.5171822,128
0.51768,0.38307872,0.378167,0.3884799,0.6878192,0.43232813,0.11736001,0.26392165,0.70609856,0.324295,0.45292383,0.55636376,0.45293245,0.5524054,129
0.50383043,0.40986297,0.4116692,0.43100992,0.6209728,0.438666,0.18812701,0.33404768,0.63370657,0.35592407,0.48617673,0.4954558,0.44671446,0.5382474,130
0.496976,0.46437997,0.46986938,0.48365316,0.5221094,0.48680386,0.3754623,0.45710528,0.5260261,0.4378635,0.51271814,0.45264602,0.47189653,0.5045714,131
0.4869698,0.47732517,0.47702485,0.49761486,0.49994135,0.48450348,0.4424018,0.47438034,0.48463923,0.44628155,0.50481445,0.4465461,0.4628028,0.49281222,132
0.50318843,0.47074574,0.48034936,0.48066628,0.51977,0.4908355,0.36578655,0.4665005,0.5290481,0.4399331,0.5260077,0.45837966,0.47931403,0.5036708,133
0.4915581,0.48946044,0.49609482,0.50863945,0.47065124,0.50150174,0.48341545,0.5091412,0.46600643,0.48302665,0.5139837,0.4370362,0.46347427,0.47821814,134
0.5058409,0.40172458,0.39925617,0.41538903,0.6471736,0.4302926,0.16638885,0.30914235,0.65808004,0.34191403,0.46968433,0.51558167,0.45266625,0.5375234,135
0.48387864,0.49235594,0.53289247,0.5561185,0.41857475,0.5318657,0.6070084,0.5544414,0.43113956,0.55084324,0.514793,0.4396285,0.48141134,0.34097996,136
0.49296638,0.50107497,0.520843,0.53201246,0.44162196,0.519719,0.55771804,0.5458605,0.43993396,0.5328311,0.5146576,0.44397315,0.47424743,0.4086205,137
0.47765258,0.492439,0.5413713,0.57960993,0.40339303,0.52525043,0.65425646,0.5611219,0.41450492,0.57091296,0.508354,0.44337252,0.4801401,0.286334,138
0.4919123,0.48251694,0.4838089,0.49391368,0.49221653,0.4830972,0.43145847,0.48298818,0.4880145,0.44882128,0.5121894,0.43838206,0.45765263,0.50667816,139
0.49098787,0.49501854,0.502222,0.51172626,0.46309865,0.50177497,0.49624094,0.5112159,0.46107334,0.48048964,0.51474196,0.4343386,0.46475828,0.47063926,140
0.49606746,0.49690983,0.50655216,0.51382494,0.46107426,0.5071016,0.50479203,0.5243206,0.45529488,0.49784297,0.5172903,0.44351077,0.47003487,0.45794535,141
0.48112816,0.49598557,0.530883,0.55682665,0.42404416,0.5237203,0.61306393,0.54888123,0.42756173,0.54756844,0.5106784,0.4421441,0.48268703,0.34217042,142
0.49709114,0.48242563,0.4874544,0.49297044,0.49657407,0.49384806,0.42334878,0.48429197,0.50159514,0.4534732,0.51660436,0.44083807,0.46585697,0.5040475,143
0.4798283,0.49412134,0.5447024,0.57970935,0.40127304,0.5273852,0.6566338,0.5667377,0.41533235,0.5778669,0.5090124,0.4458742,0.48203698,0.28101727,144
0.5021388,0.42633238,0.43095243,0.44945517,0.5923154,0.45737785,0.22969218,0.36175,0.61678594,0.37494683,0.49689034,0.4722968,0.45077723,0.5331141,145
0.50621456,0.40702927,0.40900436,0.42160207,0.6320932,0.4394207,0.18063226,0.32460058,0.65166765,0.35127756,0.47999632,0.5102192,0.4585518,0.53425485,146
0.4744136,0.4961099,0.5448497,0.58727115,0.39862853,0.52130073,0.6741605,0.56497645,0.4089898,0.5795316,0.5040104,0.44548044,0.47818598,0.2694476,147
0.49807778,0.50851136,0.5357972,0.5448377,0.4193005,0.5272931,0.59454596,0.57007456,0.4230275,0.5662943,0.5123111,0.44919774,0.47374386,0.36764255,148
0.499343,0.47626695,0.48321632,0.4869275,0.5073314,0.49392703,0.39220756,0.4715613,0.52480257,0.4446118,0.52196854,0.44160685,0.4727549,0.5068214,149
0.48923686,0.5047656,0.5189949,0.53152335,0.43880588,0.51128453,0.5663489,0.54008657,0.42870212,0.5210592,0.5093063,0.44074872,0.46564922,0.416603,150
0.4979608,0.51324224,0.5446929,0.55089426,0.41499478,0.52572066,0.6152799,0.57759076,0.41911086,0.5805816,0.5097916,0.45600244,0.48141742,0.3349821,151
0.49665827,0.5140483,0.5440233,0.5513892,0.41670275,0.5236817,0.6186435,0.57515454,0.41548097,0.5778734,0.5066959,0.45794883,0.47605434,0.33659324,152
0.49634996,0.4994978,0.51162326,0.5154872,0.45215455,0.5116211,0.51639265,0.52902496,0.4497916,0.5030594,0.516762,0.43986064,0.46728495,0.4518124,153
0.50840986,0.4058905,0.40774602,0.42762917,0.6287126,0.45027095,0.18040878,0.32639852,0.64752567,0.36172792,0.4787653,0.50792295,0.45019382,0.5403371,154
0.50682867,0.4112153,0.41659248,0.43100768,0.61929536,0.44573823,0.18772288,0.33405113,0.63965744,0.3583545,0.49089676,0.49400908,0.44961432,0.53905135,155
0.49571574,0.49208438,0.50430655,0.5133787,0.47087628,0.5078331,0.50166875,0.5231016,0.4618875,0.5007077,0.5163884,0.4451991,0.47599065,0.45325142,156
0.5004797,0.46027175,0.46478948,0.4731393,0.53686196,0.48067245,0.33650836,0.4410353,0.54899585,0.42239112,0.51535934,0.45020705,0.46157894,0.5276446,157
0.51553816,0.40689877,0.405496,0.41386658,0.63944113,0.47056073,0.16804402,0.31285158,0.66772807,0.36161876,0.4778236,0.5279829,0.4674787,0.5363362,158
0.51544577,0.39305684,0.38862762,0.3954025,0.67693347,0.43880826,0.13265459,0.2776789,0.6944874,0.33442205,0.4576465,0.54664963,0.46199024,0.5380501,159
0.5055252,0.41720504,0.4155934,0.43722302,0.6115119,0.46228352,0.21430829,0.34966123,0.6263691,0.37755376,0.48162007,0.5001585,0.4596649,0.53048503,160
0.4915591,0.49830478,0.51383966,0.5201344,0.4543096,0.5153818,0.52646184,0.5278345,0.45704153,0.50723726,0.5189567,0.44286215,0.48214823,0.42849067,161
0.49733335,0.4475215,0.4494665,0.4723792,0.5434899,0.4746132,0.322023,0.42636862,0.54951155,0.4156237,0.50309265,0.45771617,0.45588773,0.52864677,162
0.4913471,0.49077597,0.51076204,0.5245029,0.45347545,0.5209324,0.53127587,0.527727,0.45560646,0.5101039,0.51758486,0.4420006,0.4804439,0.42280853,163
0.50564533,0.51613414,0.5598335,0.5715523,0.4001267,0.53845805,0.65810555,0.5879921,0.4087308,0.6168456,0.50569636,0.48397416,0.4904225,0.2607046,164
0.51933175,0.39112565,0.38429943,0.3909751,0.68098533,0.44484502,0.13656892,0.28434154,0.6969251,0.33783948,0.4539187,0.56109196,0.4726088,0.5391175,165
0.51095265,0.3938781,0.39217967,0.40853524,0.6593647,0.43331504,0.14666776,0.29363242,0.67447144,0.338202,0.46423143,0.5277451,0.4493797,0.54451853,166
0.50159687,0.47244406,0.47917077,0.48132658,0.5162506,0.487934,0.3756676,0.46654987,0.5320675,0.43999654,0.51973295,0.44471923,0.47133452,0.5154522,167
0.50318885,0.4051273,0.40648556,0.43136826,0.62404627,0.4348054,0.18207318,0.32534233,0.6350424,0.3499722,0.47857395,0.49336675,0.43617788,0.54642516,168
0.4995479,0.44693875,0.45171598,0.46624747,0.54962516,0.46740785,0.30454645,0.42054054,0.55869246,0.40572214,0.5059158,0.4553377,0.44959095,0.53891987,169
0.5049672,0.41932407,0.42288214,0.4416512,0.60178965,0.45685795,0.21382916,0.35483912,0.62186813,0.37323815,0.4923011,0.4857185,0.44948962,0.54003024,170
0.5022776,0.43955636,0.44152084,0.45152673,0.5772199,0.47764614,0.2685374,0.39255646,0.59300905,0.40088972,0.50142753,0.48112977,0.4735227,0.520219,171
0.4994285,0.47546273,0.48157936,0.48633605,0.5062765,0.48778224,0.39710462,0.4758211,0.50976074,0.44636932,0.51703286,0.44566756,0.46411496,0.51389617,172
0.4796572,0.49310943,0.540632,0.57048535,0.40804115,0.52316564,0.639869,0.5631475,0.41727248,0.5673275,0.5093796,0.44154292,0.4795142,0.30425152,173
0.48091245,0.49031454,0.53843725,0.5695278,0.4078443,0.53100294,0.6317284,0.559315,0.42205736,0.56243247,0.5110784,0.44053322,0.4782861,0.31114727,174
0.49754998,0.44630066,0.450567,0.4650882,0.5607166,0.46619037,0.2939369,0.4082647,0.5772471,0.40119904,0.50544673,0.4551505,0.4584119,0.52811944,175
0.49336255,0.49597418,0.5072697,0.51652336,0.4570292,0.50793284,0.5104544,0.5261404,0.45234126,0.502147,0.51528335,0.44074658,0.46619782,0.45553917,176
0.49534032,0.44645655,0.4506599,0.46692726,0.5573414,0.46360654,0.3039705,0.4119874,0.5702945,0.40143195,0.5023645,0.45655593,0.46113813,0.52077484,177
0.49390912,0.5036983,0.52448875,0.5335955,0.43559742,0.5171124,0.5638435,0.54879206,0.43413877,0.5349341,0.51530397,0.44716924,0.47575352,0.39736548,178
0.49821806,0.46442425,0.4695943,0.48450986,0.51699996,0.48775467,0.3763238,0.4595729,0.52147406,0.4390992,0.5135755,0.44969347,0.46505886,0.5123244,179
0.4883412,0.5057431,0.5316012,0.5460058,0.4257529,0.5130409,0.6030053,0.5595858,0.4199528,0.55255306,0.50796247,0.4455148,0.47211802,0.36478844,180
0.490457,0.49561307,0.5091574,0.5231753,0.45695356,0.5147156,0.52765226,0.5264933,0.45672283,0.50885814,0.5160569,0.44310796,0.47841898,0.4328408,181
0.4929446,0.514573,0.5589346,0.5740648,0.39950037,0.5209352,0.6643043,0.5947813,0.41279992,0.613688,0.5015907,0.46111333,0.48344806,0.27150103,182
0.5185977,0.3981699,0.39557487,0.402202,0.66429335,0.45857882,0.14300719,0.28873476,0.68948823,0.34579614,0.4678579,0.545559,0.46882024,0.5360618,183
0.48940802,0.5014179,0.5390552,0.5553117,0.41794518,0.52193403,0.6151381,0.56923014,0.42207685,0.57128537,0.5110757,0.44948947,0.48071337,0.3361121,184
0.49533868,0.50525665,0.5237368,0.52966493,0.44332945,0.51333666,0.5546438,0.54562205,0.4383065,0.53022474,0.51423854,0.44778126,0.4763929,0.4089994,185
0.49278292,0.5103765,0.5581564,0.5793681,0.39093304,0.52245295,0.6780556,0.59849,0.40393996,0.6181006,0.49889955,0.46300328,0.47775435,0.26335075,186
0.4903498,0.502531,0.5217142,0.533203,0.43829182,0.5157454,0.5656104,0.5465718,0.4345672,0.53255606,0.5128519,0.44159973,0.47138727,0.4076907,187
0.49799523,0.4928986,0.5061876,0.51006615,0.46020725,0.51270366,0.4933944,0.52504736,0.4617187,0.49876887,0.5208747,0.4409399,0.47016132,0.4628171,188
0.4919901,0.5080061,0.54053414,0.5565654,0.4171836,0.521095,0.62421274,0.5727065,0.41761878,0.57745165,0.50688237,0.4538158,0.4784298,0.33231667,189
0.49115452,0.49605542,0.5172382,0.53057456,0.44335166,0.5226147,0.5494826,0.5387199,0.4464153,0.52515614,0.51626384,0.44200698,0.47716248,0.4086768,190
0.50640976,0.43509305,0.44132766,0.45637923,0.5694102,0.47454306,0.26538298,0.40347433,0.58838636,0.40615025,0.50768435,0.47248617,0.46116316,0.537705,191
0.49136028,0.512528,0.5357852,0.5445015,0.4210269,0.52047265,0.6057614,0.5601357,0.41959497,0.55374324,0.5091625,0.44896224,0.47397962,0.36299235,192
0.52009475,0.39918053,0.39810836,0.39531198,0.67312026,0.4518636,0.1369978,0.2958722,0.6942453,0.3472956,0.4685693,0.55701244,0.48238093,0.52882475,193
0.49648225,0.50767654,0.53048307,0.5365157,0.42955795,0.5178824,0.57569474,0.55644923,0.42814657,0.543703,0.5149748,0.44634852,0.47480437,0.38892046,194
0.50896573,0.40294886,0.40141454,0.41694093,0.646428,0.4406205,0.16731377,0.3095756,0.6605819,0.34652042,0.4695495,0.516375,0.45297346,0.5385795,195
0.48924875,0.50508964,0.5308024,0.5432645,0.42693907,0.515711,0.59699905,0.555691,0.42147857,0.54657114,0.5092543,0.44560486,0.47416702,0.36889789,196
0.4947925,0.4991749,0.5138937,0.5158054,0.4607238,0.5076405,0.5056147,0.5233183,0.46921045,0.49774525,0.5202625,0.4398499,0.48114395,0.4437988,197
0.47827563,0.49316752,0.53876805,0.5737521,0.40792432,0.52534616,0.6455261,0.56063104,0.41825745,0.56722164,0.50871164,0.44194707,0.47999996,0.30122486,198
0.4968462,0.50502664,0.518464,0.520536,0.44943374,0.5138404,0.53012455,0.5389567,0.45357507,0.51793444,0.5197582,0.44107223,0.47817713,0.43267003,199
0.49554268,0.45570576,0.45718542,0.47710916,0.53114295,0.4727274,0.34954572,0.4440718,0.531106,0.4252913,0.5058847,0.45016536,0.45242167,0.5281001,200
0.4918424,0.5045151,0.53722656,0.55403864,0.4162109,0.5242457,0.6142295,0.5689382,0.41713256,0.5706264,0.5088181,0.45090127,0.4737904,0.3438801,201
0.52103645,0.40018058,0.408008,0.4102129,0.6544873,0.45857,0.14453831,0.3125071,0.6810665,0.36248583,0.48291075,0.539781,0.47577974,0.5310307,202
0.50314426,0.45144635,0.45868352,0.47115767,0.5452702,0.48246953,0.3180814,0.4314207,0.55510634,0.42030603,0.51341987,0.46464768,0.46852666,0.5188177,203
0.49028176,0.50583917,0.54682547,0.566014,0.40697438,0.5198942,0.64753604,0.5814537,0.41385928,0.5887646,0.5047226,0.44906238,0.47745904,0.30934253,204
0.5124763,0.3952146,0.39020294,0.40537226,0.66485614,0.4370948,0.14857398,0.29447702,0.6768275,0.3417958,0.4594641,0.53242165,0.45337152,0.5427591,205
0.49504647,0.45513847,0.4584483,0.47510758,0.53572524,0.4706291,0.34379563,0.4365989,0.53930134,0.4170695,0.5042574,0.45111647,0.45634177,0.5225912,206
0.47736385,0.49041194,0.5307734,0.5661024,0.41684973,0.52582234,0.627208,0.5520045,0.42197338,0.55332726,0.5084603,0.43842095,0.4779886,0.32626858,207
0.49402303,0.49810296,0.50787234,0.51509106,0.4611467,0.5058421,0.5070538,0.5199358,0.45551422,0.49161237,0.51516485,0.44008434,0.4669359,0.45959708,208
0.49774843,0.51002795,0.53857684,0.54662406,0.41760173,0.5254046,0.6012306,0.5649396,0.42231506,0.56115645,0.5141011,0.45057574,0.4801491,0.3536067,209
0.50180554,0.43854403,0.43882897,0.45444927,0.5764694,0.47031003,0.27494982,0.3957824,0.5879011,0.39694878,0.50064987,0.47236574,0.46219096,0.533244,210
0.49382946,0.49629346,0.51376957,0.52843684,0.45236468,0.52607924,0.5414646,0.5314747,0.45531437,0.52020025,0.517102,0.45037445,0.48806083,0.4113286,211
0.5003108,0.5083245,0.5641385,0.5833939,0.39008987,0.53023314,0.6780092,0.6043718,0.40984672,0.63254786,0.50461483,0.47700658,0.49311104,0.23684731,212
0.4992974,0.5050152,0.5193443,0.5203928,0.4541793,0.51703995,0.52577597,0.53750736,0.4592138,0.51727366,0.5215605,0.44367042,0.48310238,0.4319117,213
0.49307916,0.5062571,0.52269244,0.5299707,0.4399913,0.5130347,0.56009954,0.544523,0.43217915,0.52684927,0.5123507,0.44304103,0.47041664,0.4145824,214
0.49950826,0.42322648,0.42562953,0.44065624,0.6022767,0.44523498,0.22313838,0.35822996,0.62345546,0.37047067,0.49098095,0.4829943,0.45893,0.52536356,215
0.49118438,0.50461525,0.5571959,0.58453405,0.38868752,0.52927345,0.67968386,0.5955973,0.40610778,0.6161991,0.5028162,0.46120152,0.4783222,0.25801754,216
0.4984521,0.48142183,0.48565996,0.4947011,0.49153775,0.489258,0.42999315,0.49370438,0.48841053,0.4626762,0.5158776,0.44252723,0.4633306,0.5092358,217
0.49155736,0.5036307,0.51697344,0.52548313,0.44726768,0.5109095,0.54783946,0.5380656,0.44060507,0.51909894,0.512947,0.44186425,0.47046354,0.42823544,218
0.49390668,0.5105756,0.5403123,0.54776394,0.4161145,0.52362925,0.60630083,0.5640584,0.42354617,0.5589644,0.5127198,0.4467779,0.47829938,0.35185498,219
0.4930022,0.5057327,0.53708047,0.554337,0.41526142,0.5307117,0.6158449,0.5695067,0.42192665,0.57155323,0.51065207,0.45055643,0.4777031,0.3409712,220
0.50257576,0.41946137,0.42122328,0.4411318,0.60432714,0.44875506,0.2228296,0.35881636,0.61847633,0.37277958,0.48710054,0.4864924,0.45198658,0.5382731,221
0.50588673,0.4088183,0.41059288,0.427234,0.623321,0.44563815,0.19138482,0.33591512,0.6413738,0.3634613,0.48018196,0.5041118,0.45370147,0.54027975,222
0.5162235,0.39419365,0.38750008,0.38973537,0.67622,0.43895888,0.13546515,0.283027,0.69691116,0.33760333,0.45830894,0.55015385,0.46710432,0.53889287,223
0.4982209,0.508494,0.5270346,0.52940077,0.43669555,0.5177014,0.55745727,0.5525279,0.4334861,0.5372211,0.5166402,0.44833088,0.473995,0.40860042,224
0.4866701,0.49889475,0.5162173,0.5357145,0.44206744,0.5192364,0.56681097,0.5397559,0.43928733,0.5298202,0.5111596,0.4427996,0.47413602,0.40345648,225
0.49558696,0.46328443,0.46623766,0.4821498,0.52576953,0.48062733,0.36801463,0.45003012,0.5298486,0.42810073,0.5095169,0.44633958,0.46198592,0.5160199,226
0.5060818,0.44646344,0.4573608,0.4610054,0.56047857,0.47454727,0.28205067,0.41685483,0.57885486,0.4067422,0.51730657,0.47263107,0.47254246,0.52273977,227
0.4980857,0.44002074,0.44351804,0.4625722,0.55967104,0.45442426,0.28310597,0.4071719,0.5691106,0.3942421,0.50257933,0.45726377,0.44532123,0.54129624,228
0.49668956,0.50533473,0.52620274,0.53318423,0.43457437,0.5204787,0.5697302,0.5547529,0.4294264,0.5408809,0.5150068,0.44662175,0.47583055,0.3970507,229
0.49115834,0.50365853,0.52735406,0.53945065,0.4305156,0.51686954,0.5804204,0.5564946,0.42886987,0.5477801,0.5131423,0.44434676,0.4734733,0.3859966,230
0.50223535,0.4347778,0.43959382,0.4469401,0.58608013,0.4661865,0.2539293,0.38679653,0.6081659,0.39359888,0.49954963,0.48613054,0.4795662,0.518619,231
0.49254623,0.49681064,0.50284344,0.50945693,0.4678471,0.50339496,0.49254176,0.5116921,0.4639741,0.4813067,0.5148266,0.43787843,0.4652353,0.4729069,232
0.48954585,0.49278298,0.50191927,0.5187834,0.45941725,0.50990593,0.5121577,0.5185247,0.4566395,0.49610683,0.5130987,0.43767962,0.4679097,0.45729926,233
0.5005899,0.434772,0.43921843,0.46006596,0.5715594,0.46655637,0.2754878,0.3955236,0.5839528,0.3988313,0.49741516,0.4672599,0.4539577,0.53040725,234
0.47294044,0.49019024,0.5256384,0.56511015,0.42263785,0.5214931,0.62501067,0.5410975,0.42318463,0.54010785,0.5066573,0.43550748,0.47721297,0.33416677,235
0.49962038,0.46731615,0.47072503,0.4809724,0.5093055,0.48523253,0.37329036,0.46532255,0.5172495,0.43866885,0.5155433,0.44300556,0.45344096,0.5304233,236
0.49945056,0.45745108,0.46471852,0.47194377,0.54378074,0.47771955,0.32435194,0.42972013,0.5629932,0.41365847,0.51243436,0.4522733,0.4674139,0.51969486,237
0.51103294,0.39857012,0.39740178,0.41206235,0.6506006,0.4417005,0.15602642,0.3023533,0.66397464,0.34476072,0.46892622,0.524785,0.4515312,0.53998756,238
0.49772716,0.45373446,0.45900407,0.4683015,0.54311293,0.47488993,0.32162806,0.42633832,0.55542374,0.41012788,0.5108958,0.4573599,0.4638649,0.5200979,239
0.5016867,0.466124,0.47300267,0.48154682,0.5076042,0.49917078,0.3701155,0.46094772,0.52255183,0.4392578,0.51913416,0.4423054,0.4561912,0.52418387,240
0.5044921,0.42930642,0.43527767,0.45529583,0.57367635,0.47067553,0.2567243,0.39141825,0.5900816,0.39968058,0.4995147,0.47690552,0.4586979,0.52991635,241
0.48971853,0.49582,0.5138058,0.52939487,0.4472395,0.518586,0.54661506,0.53303987,0.44617653,0.5173772,0.51539135,0.44262788,0.47777265,0.41642323,242
0.49449015,0.4980689,0.5033029,0.50691545,0.47316805,0.49599248,0.48499802,0.5125975,0.46961197,0.48231098,0.5161932,0.44066814,0.47161472,0.47577775,243
0.49730462,0.51073104,0.530688,0.53317434,0.43331468,0.5182207,0.57044834,0.5528714,0.43432128,0.5376892,0.51297194,0.44707483,0.47659388,0.3953675,244
0.4951882,0.45691693,0.46087775,0.47565058,0.53761023,0.46796942,0.33426017,0.43062797,0.55156815,0.41012582,0.50928587,0.44511306,0.45873147,0.5215327,245
0.50961757,0.40748566,0.40965536,0.42915726,0.62376076,0.4522783,0.18550126,0.3333397,0.6403088,0.36515138,0.480169,0.50775474,0.45267728,0.53781146,246
0.51815456,0.39866123,0.3902341,0.3927434,0.6764625,0.45460057,0.14454958,0.28881654,0.69620967,0.344045,0.45794913,0.5579557,0.48035827,0.5334877,247
0.49706557,0.50481147,0.5204387,0.52278,0.44712114,0.51666725,0.5305586,0.53864706,0.4537745,0.5181993,0.52183783,0.44017136,0.47861567,0.42900613,248
0.5126434,0.40333757,0.39995128,0.41623875,0.6423491,0.45813978,0.16879015,0.31226823,0.6608426,0.35704184,0.47163683,0.5260332,0.45819518,0.5398315,249
0.49442855,0.51114774,0.549839,0.5663117,0.39780274,0.52575386,0.65103316,0.5861132,0.40458244,0.59712666,0.5070457,0.45856708,0.4788626,0.29458037,250
0.49305123,0.50540054,0.5210687,0.53068244,0.44048783,0.51230633,0.56172633,0.54194164,0.43326786,0.52409965,0.50958234,0.44082013,0.46726736,0.41959733,251
0.49798918,0.46286356,0.46863517,0.4714606,0.53943574,0.47501773,0.33365017,0.43644387,0.5614814,0.41599163,0.51576746,0.45148978,0.47328717,0.5164062,252
0.49218476,0.47135645,0.47346503,0.4840824,0.5132915,0.47483394,0.3901413,0.46152428,0.50948864,0.4301526,0.5087254,0.44479445,0.45562655,0.51829875,253
0.49186447,0.5049319,0.52550566,0.538198,0.4385607,0.52186006,0.5766511,0.54724836,0.43623608,0.5401157,0.5133949,0.450809,0.48356482,0.38493627,254
0.49007684,0.5046676,0.52531296,0.5386682,0.43684655,0.51905155,0.5805312,0.5501959,0.43330902,0.54175127,0.51137763,0.4494978,0.47945797,0.3844323,255
0.48741534,0.50191945,0.5245417,0.53954124,0.43111584,0.5195991,0.58066994,0.5503278,0.4301253,0.53927404,0.51175404,0.44102794,0.47121945,0.39177173,256
0.49329263,0.48910886,0.49660593,0.5070692,0.47402328,0.50221276,0.47267374,0.50578463,0.47452074,0.47827473,0.5171026,0.4396178,0.46926484,0.47834435,257
0.5069924,0.42950866,0.43820998,0.45446262,0.57965463,0.46555695,0.24819437,0.3930561,0.5954228,0.39909002,0.505787,0.47670493,0.4581068,0.5339384,258
0.4933471,0.4891545,0.49610138,0.5107765,0.47215372,0.5021979,0.48536372,0.5097351,0.4656718,0.48363644,0.513533,0.44024348,0.46810257,0.47573766,259
0.48516142,0.50316167,0.52470416,0.5431868,0.4280268,0.5233642,0.59020454,0.549315,0.42739302,0.5404376,0.50951,0.44234857,0.47089434,0.38151452,260
0.49444667,0.51021177,0.53818214,0.544492,0.4229283,0.5168327,0.6006973,0.57058144,0.41867173,0.5663739,0.51017046,0.45270097,0.474571,0.3597393,261
0.5050233,0.4130504,0.4146768,0.43111476,0.61952585,0.44678843,0.20209792,0.34133804,0.63523144,0.3642447,0.48014095,0.5029836,0.46012992,0.52812964,262
0.49792433,0.47900337,0.4841684,0.49128678,0.4960203,0.49150977,0.41906208,0.4832976,0.49587822,0.45236248,0.5153343,0.44195345,0.46083546,0.50912505,263
0.47670627,0.4892754,0.5284944,0.5615885,0.42193443,0.52202773,0.61725676,0.54809064,0.42464763,0.54584855,0.5094743,0.437253,0.47811815,0.3363721,264
0.49534568,0.51515025,0.5578187,0.56980044,0.39752114,0.5286654,0.6595482,0.5936336,0.40884432,0.6084791,0.5028328,0.46205893,0.47938892,0.2827842,265
0.49575752,0.4518319,0.4530975,0.47066492,0.5420076,0.4778819,0.3334257,0.42756853,0.54657435,0.41420957,0.5035317,0.45999518,0.46124056,0.52197844,266
0.49078023,0.51282495,0.54683316,0.56156266,0.41341957,0.51900554,0.6407896,0.57694316,0.41354176,0.58704484,0.5029047,0.459737,0.48128825,0.31209514,267
0.49406266,0.49074513,0.49950275,0.5123891,0.46355283,0.50628394,0.4906048,0.5173732,0.46159294,0.49197087,0.51679486,0.4376246,0.4657049,0.47270724,268
0.4979141,0.51100224,0.5541308,0.5626012,0.40580082,0.5287007,0.63974845,0.59035563,0.41821983,0.6017834,0.5103609,0.45986304,0.48777443,0.29365394,269
0.49306154,0.49111503,0.5034096,0.51535225,0.4660901,0.51774997,0.502404,0.51474863,0.47058085,0.4956191,0.5181725,0.44555712,0.48187476,0.4465961,270
0.5091821,0.40620497,0.40563914,0.41731295,0.6381747,0.44781336,0.17124322,0.31431916,0.6619445,0.3522989,0.4748498,0.51699525,0.45802057,0.5346293,271
0.49497157,0.50754386,0.53208196,0.5391528,0.42904153,0.5165126,0.58658856,0.55993706,0.42219752,0.55042255,0.5120643,0.44891334,0.47469056,0.37856123,272
0.49128523,0.48799405,0.49997234,0.51345766,0.4658402,0.5148978,0.49586666,0.51113844,0.46808147,0.48812535,0.51529276,0.43875617,0.47149527,0.4598475,273
0.50420964,0.41180798,0.41174093,0.4330823,0.6184755,0.44868115,0.19848648,0.33872923,0.6330723,0.3658595,0.4800894,0.49705392,0.4497397,0.5382078,274
0.50745624,0.47422147,0.48535308,0.4809332,0.5173498,0.4928041,0.3729466,0.47787085,0.5284724,0.45215756,0.5292541,0.4635635,0.49074748,0.4984534,275
0.4951631,0.45827082,0.46233836,0.4752132,0.5391877,0.4671864,0.33679548,0.43336293,0.54862285,0.41298127,0.5090003,0.44966236,0.46040148,0.52152413,276
0.49123016,0.5004561,0.5127792,0.5241135,0.44675225,0.51059663,0.54000866,0.53325665,0.4377877,0.5101232,0.51076347,0.44026548,0.4638897,0.4392655,277
0.49544954,0.49887246,0.5069037,0.51124716,0.46246967,0.5086145,0.49940115,0.5190538,0.4577246,0.49011642,0.51770276,0.4411573,0.469046,0.46551293,278
0.49810854,0.47877887,0.4852014,0.49012688,0.50135934,0.4924422,0.40801758,0.47940984,0.5128664,0.44929433,0.51850474,0.4428803,0.47298828,0.50217247,279
0.49424046,0.48075768,0.4822528,0.49092373,0.4983956,0.4857989,0.41993305,0.47945172,0.49603325,0.44789383,0.51275945,0.43898764,0.45822743,0.51367843,280
0.5024314,0.41421047,0.41589493,0.43888113,0.6074035,0.44452736,0.20784847,0.34944257,0.61871165,0.36742678,0.48575032,0.48713687,0.4429339,0.5424077,281
0.5037781,0.44435027,0.4515207,0.46619758,0.5571176,0.47086063,0.29222593,0.4197962,0.569368,0.4107197,0.5106743,0.46394062,0.46011475,0.5308078,282
0.49165756,0.5076825,0.53813905,0.55553174,0.41479582,0.5194994,0.6184091,0.568736,0.41328365,0.57030684,0.5090625,0.45142934,0.47557756,0.3388209,283
0.49114126,0.5059082,0.5300995,0.538426,0.4280742,0.516527,0.5856937,0.5542848,0.4221866,0.54315853,0.5106488,0.44516474,0.4713664,0.38457507,284
0.494088,0.4560415,0.45900312,0.4791499,0.53087056,0.48759818,0.35852358,0.43732512,0.53508145,0.42678607,0.50596565,0.45731622,0.46899015,0.50403094,285
0.49737257,0.47229084,0.47792366,0.4839199,0.51545835,0.48357487,0.38163573,0.46172822,0.52737635,0.4337476,0.51467174,0.44234082,0.4656141,0.51508653,286
0.49389192,0.50690454,0.5257672,0.53251743,0.43940237,0.51575017,0.55868775,0.54422843,0.44335425,0.5281222,0.5171927,0.4423766,0.480153,0.4039078,287
0.4949808,0.4939567,0.50346494,0.5130198,0.46301994,0.5051037,0.49706262,0.51942873,0.4573263,0.4921379,0.5162062,0.43961364,0.46627563,0.46632788,288
0.5076984,0.40621787,0.4084769,0.4185755,0.6368996,0.44518036,0.17300913,0.31897277,0.66280746,0.35407007,0.4789191,0.51188564,0.45906907,0.5360869,289
0.48911217,0.50058633,0.5207399,0.53935736,0.43604857,0.51928,0.5761677,0.5463193,0.43244264,0.53571004,0.51097304,0.44259828,0.47307026,0.39687112,290
0.48936906,0.51037365,0.529655,0.5381319,0.4304079,0.5177397,0.5892929,0.5499222,0.4250407,0.5361379,0.5094715,0.4468922,0.474614,0.38427672,291
0.504164,0.44454408,0.45302442,0.4589963,0.56537426,0.475855,0.28085455,0.40817195,0.5812178,0.40281972,0.5109155,0.47519308,0.47189778,0.5193979,292
0.48513314,0.50188124,0.52366745,0.53745764,0.43872637,0.5146384,0.57674706,0.5439957,0.43641517,0.53343195,0.51267165,0.44369465,0.47966853,0.38806304,293
0.4918199,0.4720691,0.47528914,0.4961916,0.504866,0.48691326,0.42865527,0.481115,0.49695793,0.45687616,0.5087948,0.4467158,0.46763992,0.4920661,294
0.49105573,0.5122291,0.5421803,0.5512042,0.41823384,0.5190667,0.6226443,0.5731109,0.41194284,0.5737615,0.5052133,0.4541279,0.47245985,0.33813784,295
0.49414706,0.5065226,0.5281596,0.5359185,0.43334094,0.51761776,0.5733234,0.55432194,0.43071285,0.5427264,0.513584,0.44734785,0.47597316,0.39110744,296
0.48601875,0.5073595,0.5275607,0.5426151,0.4299976,0.512935,0.59501034,0.55098116,0.42096233,0.5426114,0.5075836,0.44425002,0.47116345,0.38107762,297
0.4896873,0.5059608,0.5234705,0.5333881,0.43991897,0.51444614,0.5670823,0.54294914,0.43601248,0.5300735,0.5128792,0.4463753,0.47625938,0.40141353,298
0.49297544,0.47517562,0.4782987,0.49174356,0.50112283,0.48652422,0.4157044,0.47201398,0.50288653,0.44154388,0.5096184,0.43900546,0.45983863,0.50691444,299
0.51665443,0.39847514,0.3978969,0.4069127,0.6614897,0.4506842,0.14244166,0.29316226,0.683479,0.34535944,0.46817157,0.5386586,0.46305755,0.5348867,300
0.49589434,0.45842144,0.46127933,0.4740776,0.5302791,0.46917453,0.344623,0.44369492,0.5348656,0.41776836,0.5090314,0.4496066,0.45356247,0.5293176,301
0.51990676,0.38920298,0.3801432,0.38376224,0.6897903,0.44006017,0.12541237,0.27089077,0.70447904,0.33097753,0.44826573,0.5639656,0.46571973,0.5448173,302
0.4983954,0.42308953,0.42457283,0.44474354,0.60108703,0.44235313,0.22602856,0.3580032,0.61349106,0.36747515,0.488467,0.47670087,0.44830212,0.5351891,303
0.4938212,0.49076673,0.49617815,0.5050969,0.46913934,0.50033534,0.4770521,0.50861573,0.46156517,0.47983232,0.5148469,0.43936074,0.45980212,0.48474875,304
0.50571185,0.4004817,0.40179312,0.4253356,0.6328378,0.43192843,0.17018473,0.3173212,0.6447624,0.3480879,0.47630134,0.50205725,0.43654278,0.5478296,305
0.50353944,0.41289675,0.41600928,0.43802544,0.61213934,0.4443661,0.20216931,0.34399074,0.62648106,0.36529908,0.48596594,0.48831528,0.44363382,0.54180545,306
0.5146112,0.39460704,0.39467505,0.41048068,0.6600821,0.44325754,0.1444718,0.2908423,0.677031,0.33991414,0.46723545,0.5317988,0.45281047,0.53936553,307
0.48777363,0.5058842,0.52381843,0.53484017,0.43504044,0.5137889,0.57465625,0.54354334,0.42853075,0.5260885,0.5102761,0.44196725,0.46893245,0.40097806,308
0.5157601,0.39772484,0.3959977,0.41057813,0.6552356,0.4526255,0.14898655,0.30077627,0.67588025,0.35315552,0.46689638,0.5330039,0.45661747,0.540689,309
0.5090351,0.39876735,0.396284,0.41251498,0.65085423,0.4417895,0.1621774,0.30348253,0.6693751,0.34494737,0.46640432,0.52459025,0.45456603,0.54266626,310
0.49645534,0.4736519,0.47913164,0.49263498,0.5018636,0.4935902,0.41431028,0.47985575,0.5026346,0.45431587,0.5151287,0.44542518,0.46805307,0.5022704,311
0.51180655,0.39846697,0.3952301,0.4062465,0.65771854,0.44323093,0.14661023,0.29222137,0.6818197,0.34220225,0.468753,0.52889603,0.45418745,0.5419455,312
0.5027495,0.4134271,0.4116467,0.43023446,0.6244205,0.44472644,0.2013302,0.33463696,0.6345154,0.35797438,0.47667506,0.5005846,0.45469955,0.5342365,313
0.4981838,0.46043882,0.46746376,0.47762662,0.5245202,0.48326173,0.35212353,0.44656968,0.53434384,0.42426145,0.51166904,0.44956598,0.45840642,0.52079916,314
0.48654726,0.49665445,0.5159234,0.53777647,0.440838,0.5195369,0.5699738,0.5398142,0.43600854,0.5298431,0.51032835,0.44325888,0.4727148,0.3983334,315
0.5061792,0.41010562,0.40857878,0.42728814,0.6266033,0.4515451,0.1899114,0.3302684,0.6409119,0.3627702,0.47603118,0.50721675,0.45372835,0.5363506,316
0.49532336,0.4894876,0.49771398,0.50153404,0.47981545,0.49861613,0.45862424,0.5029161,0.48434368,0.47111884,0.5186483,0.43917915,0.47205627,0.48284677,317
0.4894696,0.49265477,0.50934356,0.524126,0.4538021,0.5110124,0.53184634,0.5281316,0.45080897,0.50929475,0.5141358,0.44113484,0.47356558,0.42932823,318
0.50213075,0.44613183,0.4551182,0.4560481,0.56848645,0.4682774,0.27663836,0.40579727,0.5967725,0.3985107,0.5120869,0.46772465,0.4764847,0.5177933,319
0.49106586,0.48538348,0.4877332,0.49650848,0.49315003,0.49078676,0.44602746,0.48821923,0.48977423,0.4567295,0.51365215,0.43937972,0.46666673,0.49321124,320
0.48893335,0.505448,0.52958757,0.54713863,0.4246157,0.5185443,0.6047466,0.5575494,0.41783527,0.55095774,0.50713384,0.44790047,0.47158402,0.36439106,321
0.49241033,0.48809683,0.49191254,0.50384766,0.47769228,0.49313205,0.46786115,0.50420845,0.4680816,0.47285476,0.51143306,0.43787205,0.4570526,0.49456397,322
0.49943927,0.4220974,0.42466182,0.4435764,0.59918064,0.44392836,0.2286104,0.36211556,0.6104582,0.37050518,0.4899685,0.4795539,0.449418,0.5357947,323
0.51004106,0.40491647,0.40750232,0.42138597,0.6359289,0.4482595,0.16469753,0.31485367,0.6616235,0.3551823,0.48026037,0.5117975,0.4532782,0.5355734,324
0.49386352,0.4858252,0.49794176,0.51410437,0.47032475,0.51017505,0.49150428,0.515223,0.46734348,0.49535325,0.51618093,0.44218153,0.47340778,0.45925075,325
0.49332938,0.49677745,0.50745225,0.5181288,0.45279443,0.50725394,0.51810044,0.5272952,0.44794768,0.5011314,0.51399446,0.43648547,0.46232867,0.45858324,326
0.50262463,0.4307137,0.43287405,0.4526809,0.5798678,0.46930188,0.26021078,0.385089,0.59477305,0.394318,0.49401793,0.4796527,0.460662,0.5293409,327
0.4976789,0.4650069,0.47029144,0.48081473,0.5223502,0.4781215,0.3661378,0.45297256,0.5262248,0.42788523,0.5121153,0.44636342,0.45758083,0.52000326,328
0.49244753,0.49180213,0.5042964,0.51877373,0.45590785,0.5152652,0.51414543,0.5237994,0.45427078,0.5026632,0.5149987,0.44022098,0.46909347,0.45040986,329
0.49094245,0.5102866,0.5412021,0.55575943,0.4144924,0.52059585,0.62727654,0.57280034,0.41132733,0.5760921,0.50523376,0.45334235,0.47346437,0.33531246,330
0.49640822,0.4786986,0.48251477,0.4937271,0.4957256,0.48846224,0.42304012,0.48411292,0.4930538,0.45386073,0.51287967,0.4422544,0.4590149,0.50737685,331
0.49727196,0.47034276,0.47338834,0.487733,0.5099616,0.49165767,0.39770204,0.46869963,0.51025295,0.44505063,0.5114046,0.4423564,0.45757654,0.51740617,332
0.49530995,0.490952,0.49942458,0.5064412,0.47397727,0.5022972,0.47774163,0.5114261,0.4707097,0.4851423,0.51807,0.4430355,0.47253576,0.4745669,333
0.49347708,0.49354565,0.5001983,0.5051092,0.47653124,0.49795341,0.47655994,0.5076436,0.47854388,0.4774661,0.5164381,0.43818355,0.47340763,0.47369587,334
0.49648356,0.5033041,0.5214847,0.53173333,0.44034255,0.5208833,0.5616058,0.5490102,0.43666697,0.5386523,0.51420796,0.448787,0.4750528,0.40607193,335
0.49414316,0.5120258,0.54733497,0.5553983,0.41288722,0.5224219,0.62828577,0.58016324,0.41718403,0.5854008,0.5072164,0.4574059,0.48139548,0.31739908,336
0.49124858,0.45480257,0.45427176,0.47238642,0.5470695,0.4631182,0.33770064,0.42673647,0.5450243,0.4077982,0.50005645,0.45432836,0.45807096,0.52281785,337
0.48115057,0.49621752,0.5439215,0.57516485,0.4031631,0.5257708,0.6528496,0.56927615,0.4151959,0.57812804,0.50746197,0.4457628,0.47993362,0.29285002,338
0.48701358,0.5030868,0.52316993,0.5380251,0.4325086,0.5113185,0.5806224,0.5502282,0.42429125,0.5374138,0.50911605,0.43987572,0.46630383,0.39877558,339
0.49181783,0.48012787,0.47951376,0.48898256,0.49960312,0.47510314,0.41571754,0.47600508,0.49349207,0.43968263,0.5092714,0.43825722,0.45075092,0.5210295,340
0.49226874,0.49816084,0.5123965,0.5209352,0.45054862,0.5091562,0.5274435,0.5317585,0.44672352,0.50951856,0.51603156,0.43914273,0.46877936,0.44302437,341
0.49620855,0.5098787,0.5263708,0.5314992,0.44160324,0.51731515,0.56614846,0.54586124,0.43736896,0.5327287,0.51341844,0.45012182,0.47954544,0.40138844,342
0.49576578,0.48238635,0.48747137,0.49326393,0.4944485,0.4947957,0.4281434,0.4886736,0.49674833,0.45766628,0.51857007,0.443332,0.46966875,0.49796247,343
0.49657643,0.5087168,0.5260106,0.52553463,0.4524196,0.514675,0.5392423,0.53941745,0.4609729,0.5222031,0.52019864,0.44460255,0.49020016,0.4123306,344
0.49908105,0.4818353,0.4866775,0.49042776,0.49927375,0.49119532,0.4141005,0.4808582,0.5050786,0.4489758,0.51767665,0.4422663,0.46724957,0.5083007,345
0.48785236,0.49695945,0.50900745,0.5289115,0.44991735,0.51572144,0.5458402,0.5276627,0.4437961,0.50989336,0.5102084,0.44060662,0.47020823,0.42890763,346
0.49489203,0.4721725,0.4767648,0.49308774,0.49997222,0.49880955,0.41599718,0.4760716,0.50299156,0.45420796,0.51315355,0.44395566,0.4660078,0.5006273,347
0.5003162,0.43342006,0.43727708,0.45706815,0.5653429,0.4532521,0.26949465,0.40268123,0.57244134,0.39342257,0.50097454,0.4642547,0.44282314,0.5458899,348
0.5045442,0.4183186,0.41965044,0.43276027,0.6103186,0.45369086,0.21154556,0.34801692,0.6287357,0.36647502,0.48893836,0.49511907,0.45737654,0.53597885,349
0.48801485,0.5047109,0.5291049,0.54192686,0.4265617,0.5179867,0.5910346,0.55362415,0.4271496,0.5415061,0.51182723,0.44035465,0.4736148,0.3785009,350
0.49819008,0.48661205,0.49293005,0.49918652,0.48281482,0.500726,0.45096126,0.50025284,0.4824927,0.47064573,0.5176051,0.44052,0.46563342,0.49459645,351
0.4860547,0.50123745,0.52291584,0.54088235,0.43499523,0.5165897,0.5837174,0.5455657,0.43058214,0.5362578,0.5098189,0.44394287,0.47417086,0.3856416,352
0.47435126,0.4890436,0.5311507,0.5711326,0.41642183,0.52375484,0.6344082,0.5463502,0.42020223,0.54921496,0.508392,0.43718058,0.47910586,0.31387177,353
0.49408787,0.49843705,0.50672936,0.5127582,0.4614467,0.50557274,0.5038675,0.5196874,0.458277,0.4914989,0.51620275,0.4400795,0.47036064,0.4614801,354
0.500031,0.51657856,0.56377524,0.5724094,0.39638096,0.5260252,0.66669685,0.6034217,0.40795293,0.62297493,0.5000563,0.4691126,0.48413327,0.26461184,355
0.49766296,0.50607574,0.52976805,0.5338949,0.43250307,0.5203319,0.5685182,0.5566894,0.42830375,0.5455892,0.5147096,0.45142063,0.4754942,0.39196858,356
0.4972256,0.50896645,0.53131,0.5303023,0.43762258,0.51871103,0.561801,0.55663246,0.44182605,0.5439933,0.5189553,0.44724888,0.4827038,0.39472163,357
0.5115531,0.40569425,0.40714547,0.4156477,0.63637173,0.45354885,0.16865888,0.31808615,0.66303796,0.3584456,0.47887972,0.5219444,0.4641175,0.532592,358
0.47800362,0.49559888,0.5386668,0.571356,0.40825403,0.5244982,0.6446814,0.5619267,0.4160908,0.5678491,0.50770265,0.44337252,0.47852314,0.3053739,359
0.4997156,0.41727778,0.41682658,0.43711472,0.62352115,0.43713754,0.21097729,0.3423914,0.63103545,0.35821897,0.47806275,0.49300036,0.4560431,0.52845657,360
0.51120996,0.4021668,0.39643136,0.4127519,0.6509096,0.45008332,0.16526075,0.30751958,0.6639793,0.35240754,0.46405146,0.528911,0.46010658,0.5354457,361
0.4986829,0.50384724,0.5636762,0.5833569,0.39059097,0.5261632,0.6630536,0.60367435,0.41088966,0.6286,0.5119841,0.47205505,0.49585247,0.23876198,362
0.4957222,0.46985433,0.47044304,0.48130196,0.51337916,0.47338438,0.38182548,0.4654411,0.50934947,0.43315357,0.50874215,0.44376698,0.4487574,0.53493357,363
0.5033316,0.50762415,0.54448074,0.5495283,0.41979292,0.525392,0.6027635,0.5787088,0.42721394,0.5854901,0.51911896,0.4632208,0.49791837,0.32411996,364
0.50505024,0.42756882,0.43259475,0.45326146,0.5801814,0.46692073,0.24778107,0.38697225,0.5963007,0.39533636,0.5001835,0.47685868,0.4546973,0.53693736,365
0.49199146,0.49631566,0.5065501,0.513183,0.45944935,0.5077463,0.5052242,0.5199199,0.45613295,0.49514303,0.5170727,0.44316283,0.47241122,0.4514685,366
0.48878744,0.5008451,0.5214239,0.5378674,0.43837816,0.517842,0.57422334,0.5466951,0.43318972,0.5375396,0.51048815,0.44556138,0.47387204,0.39356214,367
0.49906114,0.44840354,0.45250586,0.4685579,0.5446227,0.47091815,0.31586584,0.42634988,0.5521564,0.4110422,0.5065406,0.457679,0.4552872,0.53162706,368
0.48126298,0.49526122,0.5426416,0.57618845,0.4036703,0.5284309,0.652017,0.56606567,0.41638398,0.5755428,0.5093912,0.44633427,0.4832938,0.28884304,369
0.4969033,0.48234496,0.48859736,0.5054388,0.4760165,0.5088375,0.4613728,0.50420004,0.4710503,0.48139,0.5150044,0.4405972,0.4592803,0.49131224,370
0.5090874,0.40381032,0.4058818,0.41416332,0.636257,0.44525006,0.1674337,0.3144702,0.66163915,0.35232076,0.47991198,0.5138484,0.45492715,0.5392111,371
0.5128449,0.39092845,0.3877612,0.40018302,0.67121786,0.43260014,0.13415794,0.28092965,0.69157654,0.333966,0.4605093,0.5367146,0.45284033,0.54621303,372
0.49856883,0.4861201,0.4919774,0.49513143,0.49350688,0.49590957,0.43300495,0.49299723,0.48656285,0.46304098,0.52347606,0.45244318,0.47565824,0.49445808,373
0.49559408,0.4509913,0.45422587,0.47198945,0.54853696,0.46011975,0.31834728,0.42504722,0.55750483,0.40632117,0.50555944,0.45149422,0.45605925,0.52674913,374
0.49191448,0.5000202,0.52276826,0.53400326,0.43906352,0.5206829,0.5636477,0.54560083,0.43953001,0.53403556,0.5155342,0.44504488,0.4786094,0.39873144,375
0.49541566,0.4660524,0.4691544,0.47986442,0.5267135,0.47423735,0.3641418,0.4509069,0.53315353,0.4247326,0.5108777,0.4470454,0.4629584,0.5165222,376
0.5060988,0.40965137,0.4073735,0.42491642,0.6273745,0.45138648,0.19082129,0.32934532,0.64649284,0.3618771,0.4753862,0.5080714,0.45662376,0.5374176,377
0.4945678,0.4996574,0.5101282,0.51849014,0.4538621,0.5098285,0.52219933,0.53098094,0.44783863,0.50651157,0.5156772,0.44136852,0.4668503,0.44803205,378
0.5001879,0.48929337,0.5053712,0.51197696,0.4702328,0.51818895,0.48646483,0.52012515,0.47284207,0.50031507,0.52237886,0.4486056,0.48273656,0.45268843,379
0.49257666,0.50484365,0.5254443,0.5355208,0.43162054,0.51769304,0.575952,0.54995626,0.42565182,0.5355414,0.51216525,0.44392842,0.47038612,0.39805666,380
0.49710104,0.48639265,0.49250135,0.49758226,0.48466507,0.4958469,0.44771072,0.49701265,0.48267558,0.4653566,0.5153414,0.44375303,0.46645275,0.4922483,381
0.50322646,0.45604894,0.4648156,0.46733728,0.544648,0.48737723,0.32556477,0.43467173,0.5670802,0.4209657,0.5158554,0.4648898,0.48587176,0.50992376,382
0.4956209,0.5109736,0.534799,0.540042,0.43054497,0.5228077,0.58617777,0.5597302,0.4388999,0.5535523,0.51513326,0.4494465,0.48678142,0.36644518,383
0.4928452,0.51345056,0.5555805,0.5715438,0.39916328,0.5220341,0.66037166,0.5907769,0.41256598,0.60690594,0.50306743,0.45986646,0.4823138,0.2807932,384
0.4885015,0.49864766,0.51362896,0.5291962,0.44825456,0.51948273,0.54925007,0.5299513,0.4453591,0.5132076,0.51339185,0.44235882,0.47585782,0.41815883,385
0.5062746,0.4993567,0.52134115,0.5201783,0.45122606,0.5291994,0.51844466,0.545155,0.45895877,0.530695,0.5286342,0.4545947,0.49271795,0.4170925,386
0.51762015,0.39136973,0.38541895,0.3921095,0.6807294,0.43896848,0.13034981,0.27820498,0.69759256,0.33558503,0.45567992,0.5516617,0.46195737,0.5436866,387
0.49808362,0.48895648,0.49653158,0.5004135,0.47795928,0.501977,0.45518836,0.5042834,0.480612,0.4738663,0.5188236,0.43989134,0.4676943,0.4897397,388
0.49956265,0.49340314,0.51144373,0.51690197,0.45635262,0.519527,0.5078729,0.52919024,0.45990524,0.50921255,0.5222868,0.4480621,0.4805527,0.43952948,389
0.4942326,0.49165696,0.49881798,0.50494546,0.47229418,0.4991914,0.4764597,0.5095976,0.46769863,0.47889018,0.51563406,0.43999478,0.46512792,0.4795071,390
0.4948541,0.5106604,0.5479068,0.55618495,0.41496792,0.52731866,0.62182605,0.5762283,0.43235514,0.5810365,0.5130828,0.45090112,0.49066728,0.31804305,391
0.50369436,0.413043,0.41123506,0.42121693,0.63418704,0.44325602,0.1826271,0.32562873,0.65115356,0.35428652,0.4806683,0.5097828,0.46407917,0.53138506,392
0.50587046,0.41444847,0.41607976,0.43057153,0.615444,0.45226455,0.20167442,0.34336194,0.63195264,0.36741874,0.4855887,0.50057364,0.45882928,0.5326496,393
0.4947573,0.50094825,0.51102453,0.5156159,0.46173483,0.5081609,0.5132591,0.5231912,0.4590563,0.4973642,0.5176373,0.44045618,0.47524068,0.45141062,394
0.49624008,0.4946724,0.5039878,0.5064356,0.4698586,0.5091704,0.47973758,0.5130602,0.48083484,0.48372945,0.52154773,0.43643013,0.47639322,0.4690331,395
0.5114486,0.39773598,0.3996458,0.4175438,0.64641094,0.44111833,0.15394317,0.3049377,0.66404814,0.3480986,0.4722534,0.5176156,0.44606924,0.5421416,396
0.496092,0.494547,0.50147885,0.50608087,0.4724956,0.5032698,0.48048803,0.5128015,0.4721742,0.4834499,0.5168492,0.43800634,0.46915123,0.47734767,397
0.4983285,0.4376712,0.44088373,0.45959768,0.5653581,0.45829695,0.27854773,0.39560613,0.5750032,0.38960066,0.4980003,0.46100944,0.44188878,0.54019,398
0.4981632,0.45438367,0.46018028,0.47270235,0.5403794,0.46970046,0.32434577,0.43132177,0.5535234,0.41254956,0.5108618,0.45146412,0.46065557,0.5243471,399
0.5051442,0.43811476,0.44496754,0.44781354,0.58637357,0.46308118,0.25284693,0.39135692,0.6005412,0.38899457,0.5060604,0.4839374,0.47094205,0.5287804,400
0.49327296,0.50020367,0.51725906,0.5293683,0.44249892,0.52124923,0.5513128,0.5414048,0.44253704,0.52809155,0.5151828,0.44534853,0.47532737,0.41467384,401
0.48435935,0.4944715,0.5136153,0.53648394,0.44538656,0.5223277,0.56527174,0.5315948,0.44426733,0.52011484,0.5113382,0.44158295,0.47835237,0.39923397,402
0.4975007,0.43402138,0.43719596,0.46051133,0.5689457,0.4542707,0.27063492,0.3956602,0.57318413,0.39036527,0.49827054,0.46276256,0.4445036,0.539113,403
0.48493448,0.51012456,0.5514399,0.57475483,0.40467337,0.5171616,0.6668755,0.5789517,0.40856558,0.59371257,0.49918088,0.45807374,0.47963414,0.2802701,404
0.49271777,0.48233187,0.4861792,0.49923038,0.48590243,0.48924732,0.44591433,0.49321496,0.4798912,0.46462366,0.5128834,0.43974936,0.45989287,0.49796826,405
0.49998486,0.44901308,0.45216182,0.46782222,0.55162185,0.4848846,0.31563222,0.42176083,0.56621766,0.41621506,0.5064246,0.46606028,0.4735297,0.5188911,406
0.49699312,0.4983359,0.5084163,0.5146532,0.45657888,0.5091724,0.5090635,0.5292524,0.45048833,0.50499576,0.51722115,0.44395784,0.46844476,0.4582231,407
0.48937225,0.49577135,0.5096172,0.5264804,0.45106494,0.5108899,0.5405178,0.5305939,0.44392222,0.5122872,0.5108676,0.4404154,0.46970046,0.43182525,408
0.49042064,0.5061599,0.5419933,0.5559704,0.41240835,0.521776,0.62287414,0.5745139,0.4154843,0.5760389,0.50879836,0.44905096,0.47493523,0.33474526,409
0.48837742,0.49806535,0.5261459,0.54465014,0.42904153,0.52279687,0.5884219,0.55580646,0.43018273,0.54985565,0.5122658,0.44370496,0.47541788,0.3729792,410
0.49857646,0.5037681,0.51557535,0.512737,0.46157607,0.5125904,0.503269,0.5256978,0.47423896,0.4999268,0.5241217,0.44035542,0.48698518,0.44514632,411
0.49584478,0.4955573,0.5029749,0.50604796,0.47231397,0.5068903,0.48140693,0.511017,0.47590202,0.482417,0.5184884,0.4403208,0.47440454,0.47090608,412
0.5051628,0.41817653,0.4222974,0.4361689,0.60659355,0.45384294,0.21074122,0.35160932,0.62527245,0.3700578,0.49054328,0.49261448,0.455281,0.53477085,413
0.4963467,0.5040306,0.5166286,0.5203033,0.45069483,0.50681555,0.5279259,0.5386066,0.44485795,0.51534617,0.5157644,0.44264677,0.46918935,0.44360885,414
0.49172464,0.51429284,0.55717,0.57403636,0.39988387,0.52267283,0.6646652,0.59135544,0.41303012,0.60804176,0.50125885,0.45879316,0.48226795,0.27642387,415
0.50869936,0.40866995,0.41158012,0.4316768,0.6215041,0.45398515,0.18642062,0.33152437,0.6434601,0.36408967,0.48102686,0.50128615,0.44816878,0.5400597,416
0.49218106,0.4935294,0.5062727,0.5178334,0.46243557,0.51779735,0.5153555,0.521285,0.46076337,0.5018443,0.51691777,0.44399214,0.4805332,0.44193128,417
0.48558107,0.50341076,0.5649037,0.5966904,0.37964872,0.5168606,0.69873,0.6012358,0.39923674,0.624009,0.5006831,0.45840827,0.47702822,0.2318442,418
0.50501513,0.42702225,0.43256855,0.44706562,0.5875667,0.46422762,0.24232075,0.37967178,0.60850596,0.38767138,0.49865377,0.48052353,0.45992237,0.5356002,419
0.4929614,0.46387464,0.46707368,0.4887962,0.5149173,0.49113342,0.39364484,0.4552742,0.51662636,0.43785176,0.50686115,0.44775876,0.46586353,0.5019362,420
0.5015629,0.49588895,0.5312069,0.5457065,0.42152172,0.538397,0.5760016,0.56564856,0.43799233,0.56382275,0.5216609,0.45021155,0.48292643,0.36194122,421
0.4984925,0.503644,0.5252371,0.53550726,0.43260077,0.52162194,0.5670917,0.55727434,0.4301249,0.54695255,0.5147719,0.4478976,0.47310847,0.40057474,422
0.4969399,0.46271977,0.46947,0.47664464,0.53150624,0.47652653,0.34628096,0.44167292,0.55095583,0.4202886,0.5133683,0.44542733,0.464891,0.5190831,423
0.5078451,0.4090392,0.40950564,0.41984984,0.6349062,0.44887394,0.16907173,0.3128222,0.6589839,0.35055238,0.48191148,0.5094603,0.45502204,0.534874,424
0.51490587,0.39300048,0.38780648,0.39911193,0.6733342,0.43862662,0.1414852,0.2857841,0.6869231,0.33671224,0.4564983,0.5432661,0.45976645,0.5418307,425
0.49578214,0.47421768,0.4783677,0.48916385,0.5062763,0.49001586,0.40197647,0.47002423,0.5084595,0.44205415,0.5128786,0.44100377,0.458574,0.51280546,426
0.49246204,0.49961364,0.5192324,0.52704716,0.44345906,0.51713383,0.5496543,0.5386208,0.43882763,0.52102643,0.51584035,0.44481832,0.47667855,0.41316497,427
0.4967224,0.49645048,0.5066298,0.5093297,0.46374473,0.5069232,0.4926469,0.5201905,0.4623039,0.49180076,0.5174604,0.44168702,0.4701912,0.46636152,428
0.49725237,0.46656778,0.47295552,0.48177165,0.52408576,0.4779715,0.3661417,0.45669183,0.53683275,0.43232653,0.5138507,0.44592977,0.4669619,0.51573265,429
0.49034235,0.5033668,0.52149886,0.53623515,0.43815243,0.5176542,0.574509,0.5432352,0.43023944,0.53375745,0.5096641,0.44900233,0.47346434,0.39538327,430
0.5046185,0.4219768,0.42598277,0.4377824,0.60307765,0.4539537,0.22142619,0.361192,0.6221847,0.3746974,0.49288762,0.49126187,0.4619336,0.5341508,431
0.5000021,0.4811573,0.48544034,0.49233034,0.49623162,0.492534,0.42253307,0.49137688,0.4909966,0.4628783,0.51799214,0.44820186,0.46639404,0.50678736,432
0.48856294,0.5011327,0.5192801,0.5315536,0.43734512,0.51550823,0.5584406,0.5409603,0.43699175,0.52256817,0.5123315,0.43643105,0.46702656,0.4178951,433
0.52450645,0.38630667,0.37399027,0.37012157,0.7040803,0.44054362,0.11549369,0.2618331,0.72137666,0.32560346,0.443738,0.58341783,0.4754054,0.5490005,434
0.49207798,0.50237495,0.5241348,0.5391134,0.4375009,0.51814115,0.58164996,0.5519132,0.43109772,0.5438027,0.5113459,0.44933864,0.48072484,0.3813858,435
0.4839161,0.5051267,0.5158208,0.52821517,0.45293984,0.50355405,0.55467945,0.52750164,0.44012883,0.5076276,0.508704,0.44094017,0.4715311,0.42587984,436
0.5053627,0.40839675,0.4112942,0.42966512,0.62352633,0.44364733,0.18597704,0.33172148,0.6423423,0.35839462,0.4824443,0.49966773,0.44801348,0.5418673,437
0.52860475,0.38734287,0.37362456,0.36526674,0.707957,0.44957042,0.1097849,0.25624382,0.7308406,0.32703027,0.44456065,0.5924729,0.47987276,0.55333316,438
0.5087192,0.42291272,0.4315267,0.44279593,0.5948977,0.46046776,0.22023466,0.37001875,0.6130861,0.38207856,0.5013139,0.48815608,0.45985767,0.53716016,439
0.4888752,0.48743,0.4925699,0.50959945,0.47263667,0.49754053,0.48375905,0.50358117,0.46568617,0.47659302,0.51131195,0.4379863,0.46253455,0.47481072,440
0.5081289,0.41982755,0.42160967,0.43921572,0.6061866,0.46730933,0.21569277,0.3530783,0.6277612,0.37805456,0.49065322,0.49417308,0.45899484,0.5365222,441
0.4959692,0.4634198,0.46671882,0.48512474,0.5131085,0.48306915,0.37702176,0.46084118,0.5147517,0.43873712,0.5105891,0.445782,0.45550582,0.5217117,442
0.49657437,0.48480842,0.49832052,0.50963056,0.46899638,0.51789886,0.47668836,0.51020867,0.4777162,0.4871103,0.5198432,0.4414941,0.47541487,0.46833304,443
0.4934347,0.50493014,0.5231319,0.5312817,0.44117475,0.5155967,0.5617805,0.5472312,0.43379885,0.53265285,0.51278317,0.44677243,0.4723147,0.40545055,444
0.48877084,0.50193834,0.5235093,0.5374643,0.43371454,0.5151761,0.57545763,0.55036616,0.43005317,0.53795844,0.5113949,0.44168547,0.47036964,0.39725146,445
0.48009518,0.4933888,0.5319976,0.5596721,0.41938594,0.5263479,0.6190272,0.55206466,0.42555955,0.5504619,0.51174897,0.4401878,0.481871,0.33344734,446
0.49699762,0.46847212,0.47117957,0.4863073,0.51189625,0.48745427,0.39071476,0.4665598,0.50867987,0.44289258,0.5131305,0.44790995,0.46252298,0.5121809,447
0.49574885,0.47989193,0.4824103,0.49401286,0.49313483,0.48876822,0.42942727,0.4882529,0.48731074,0.45767242,0.5117276,0.44102985,0.45614785,0.5120281,448
0.4998035,0.45666882,0.46333906,0.47147608,0.5364879,0.47499987,0.3276175,0.43977875,0.5542258,0.41999963,0.5146483,0.4509974,0.46344376,0.5283862,449
0.49522263,0.47393984,0.47776905,0.48778242,0.5074025,0.48755524,0.39878613,0.46514994,0.509641,0.43691075,0.5134338,0.44226125,0.4614263,0.511689,450
0.49201086,0.50521684,0.534121,0.5478459,0.42335698,0.51863426,0.60886526,0.5652256,0.4201554,0.56171215,0.5075488,0.44866708,0.4747187,0.35773525,451
0.49797487,0.52085745,0.5811405,0.6092141,0.37191054,0.52111864,0.72568226,0.61981875,0.40563723,0.65908825,0.49051264,0.48020273,0.4843192,0.1903417,452
0.5110647,0.40677142,0.40648147,0.4238139,0.6356652,0.45619285,0.17714125,0.3220838,0.652753,0.3617861,0.475216,0.5160506,0.4571949,0.53451556,453
0.49626222,0.43066615,0.43418074,0.45285806,0.5849855,0.44487804,0.2537335,0.3804821,0.5946359,0.37681744,0.49428,0.46850085,0.45018467,0.5334924,454
0.47723028,0.496027,0.5548319,0.5994774,0.38494515,0.5203855,0.6938101,0.57676375,0.40440342,0.59619045,0.5031175,0.4476823,0.47643888,0.23869012,455
0.48912087,0.4991977,0.51199454,0.5236423,0.4453647,0.51031816,0.542515,0.5304401,0.43635362,0.50742066,0.5119476,0.4368926,0.46257216,0.43906504,456
0.49927565,0.43856013,0.44110063,0.4624394,0.56796485,0.4602028,0.28330362,0.40326956,0.5735964,0.39669746,0.49946064,0.46379817,0.4509028,0.53511524,457
0.48760816,0.50381845,0.5334593,0.55033773,0.41526186,0.5199414,0.61399657,0.5601108,0.4154615,0.5528539,0.50825447,0.44213277,0.4691727,0.35837775,458
0.49537882,0.5004531,0.51238734,0.5189601,0.4528086,0.50906426,0.5232285,0.5298851,0.44436514,0.5048843,0.5146124,0.44230658,0.46759388,0.44838798,459
0.51212347,0.4026875,0.4036108,0.4153692,0.6471337,0.4474725,0.15729724,0.30894455,0.6696617,0.35133544,0.47518808,0.52536017,0.45900017,0.53689057,460
0.4954793,0.49570012,0.50808984,0.51535857,0.45851454,0.50905854,0.50733817,0.5248556,0.45721048,0.49926662,0.5168107,0.44084582,0.4704831,0.45466587,461
0.4917047,0.5057063,0.5245268,0.5347702,0.43491173,0.5168644,0.57153064,0.5501745,0.43021786,0.5368207,0.51219165,0.44392103,0.47158688,0.40226498,462
0.4890171,0.50431323,0.52570385,0.5371802,0.43439493,0.5141562,0.5796517,0.5506896,0.4277189,0.53914475,0.5107033,0.44459766,0.47272706,0.39290345,463
0.49716458,0.48493594,0.48995656,0.4995138,0.47290713,0.501654,0.4480145,0.5011724,0.47636715,0.4713282,0.5173639,0.43438593,0.4533284,0.5065454,464
0.51032037,0.40161753,0.40079975,0.41773972,0.64966065,0.44454497,0.16345963,0.30925664,0.66506094,0.35094202,0.4690181,0.5221818,0.45665777,0.53592986,465
0.4946037,0.44841966,0.4497144,0.46697593,0.5544599,0.45730984,0.31198525,0.41319013,0.55358267,0.3944459,0.49857244,0.45456755,0.44687718,0.535983,466
0.5268468,0.3915335,0.3764189,0.3755614,0.69708043,0.45839715,0.12487488,0.2694482,0.7165603,0.3353193,0.44579062,0.5845552,0.4821952,0.5456668,467
0.5041672,0.4116754,0.41274613,0.42730868,0.6272653,0.44141558,0.18757315,0.33107668,0.64590484,0.35751337,0.48217085,0.50059664,0.45666182,0.53383994,468
0.4896797,0.5049411,0.5157764,0.524121,0.44612643,0.50739795,0.54424804,0.53153604,0.43784758,0.50626755,0.51214564,0.43809927,0.46634462,0.4365411,469
0.49000692,0.5047966,0.5382585,0.5554732,0.41964567,0.51897126,0.6218051,0.57109034,0.4188549,0.5755348,0.5081461,0.45345724,0.47973052,0.3311916,470
0.49740925,0.49934694,0.5087759,0.51373696,0.46008176,0.5128368,0.50911915,0.5270985,0.45592898,0.50319624,0.5173946,0.44545954,0.47270384,0.45640278,471
0.47420952,0.4910036,0.5362595,0.5789508,0.40853724,0.5252134,0.6502581,0.5534747,0.4170944,0.5614289,0.5071275,0.43946892,0.4778804,0.29508054,472
0.49964452,0.46939665,0.47631714,0.48360702,0.5182439,0.4843758,0.3758797,0.46407682,0.52734065,0.43748498,0.5160317,0.44740278,0.4677003,0.5155848,473
0.4960325,0.49025166,0.4977182,0.50763696,0.4683825,0.49963662,0.47819725,0.51299113,0.46395648,0.4833895,0.5149822,0.43814203,0.45981595,0.48462787,474
0.49825215,0.45285872,0.4558252,0.47559574,0.537661,0.48686945,0.33663464,0.43255174,0.54645276,0.42293105,0.5079115,0.45606497,0.46240094,0.52061963,475
0.49834847,0.41799954,0.4192036,0.4374888,0.61035395,0.43373722,0.21218818,0.34801063,0.6219475,0.3577739,0.48647135,0.48444647,0.44830406,0.5356885,476
0.49471247,0.5125096,0.56654555,0.5848919,0.38692906,0.51639575,0.68684906,0.6115892,0.39953485,0.6357317,0.49757895,0.46888858,0.47842902,0.24292299,477
0.5039037,0.46826857,0.47834697,0.48704773,0.5181403,0.49949732,0.3821976,0.47177273,0.52307475,0.4526833,0.5235078,0.46116936,0.48912036,0.49147964,478
0.5133966,0.4021861,0.3979693,0.41306,0.6519224,0.4555513,0.16497515,0.30880705,0.66966325,0.3553969,0.46564552,0.53305054,0.46353266,0.5352849,479
0.49682587,0.45604846,0.45742688,0.4721819,0.53387916,0.46967047,0.33506578,0.43650952,0.5377291,0.41396165,0.5067013,0.44869003,0.44731465,0.5393815,480
0.49798587,0.49019602,0.4968672,0.49976313,0.4780144,0.50074965,0.45396537,0.5032121,0.48064792,0.47211504,0.51981354,0.44066027,0.4672503,0.4909074,481
0.5183746,0.39924392,0.39017007,0.40014845,0.66709864,0.45965233,0.15130478,0.29444003,0.6840476,0.3490375,0.45792866,0.5507943,0.4712365,0.5361741,482
0.5003582,0.4425377,0.44661304,0.47139108,0.5531477,0.46937427,0.30354318,0.42138267,0.55772954,0.41360947,0.5055723,0.45940638,0.4535579,0.52941895,483
0.49459243,0.49764314,0.5058012,0.51270455,0.46161544,0.50573844,0.5019942,0.5203792,0.45836362,0.49194455,0.5154262,0.43919823,0.46760076,0.46585074,484
0.48353973,0.5030127,0.5326819,0.5531377,0.42300224,0.5204867,0.61202997,0.5594772,0.42612356,0.5579887,0.5094832,0.44285518,0.4780689,0.35022116,485
0.49543393,0.4937395,0.51118314,0.5245935,0.45240596,0.52305347,0.527032,0.53195614,0.45678946,0.5155134,0.5167937,0.44363672,0.47835732,0.43093145,486
0.49469522,0.4975811,0.5074028,0.5096258,0.4671614,0.50457025,0.4924578,0.51537514,0.47056675,0.48653135,0.5187107,0.43922615,0.4761304,0.45979816,487
0.5124003,0.3967541,0.3947098,0.41035828,0.65721315,0.44069776,0.15111785,0.29882377,0.67341614,0.3442515,0.46635395,0.52662367,0.45321038,0.5417209,488
0.48998702,0.49846774,0.5202816,0.53649586,0.43422505,0.5179369,0.5676427,0.54826075,0.43224877,0.5356697,0.5130722,0.44223225,0.47062266,0.40039322,489
0.4891157,0.49902254,0.50381774,0.50927293,0.4689337,0.50048304,0.49587375,0.50635254,0.4612329,0.47508267,0.5136065,0.43889987,0.46662432,0.46782404,490
0.4935804,0.44785216,0.44891593,0.4645429,0.55573887,0.45719686,0.30683914,0.4101999,0.55918425,0.39283988,0.499294,0.45571753,0.44840375,0.53380597,491
0.49151835,0.49710694,0.50568223,0.5195168,0.45556766,0.5071564,0.51945084,0.5253007,0.4482683,0.5018037,0.51234907,0.43780416,0.46363318,0.45836803,492
0.50774914,0.4137643,0.4191965,0.4278543,0.6154844,0.45388272,0.19136228,0.3401932,0.6439527,0.36586574,0.4913318,0.50259215,0.46139994,0.5341746,493
0.5216212,0.39630362,0.38749936,0.3913639,0.6799074,0.4591551,0.13346857,0.2778851,0.7035216,0.34043774,0.45853782,0.56319815,0.4770928,0.5365077,494
0.49155706,0.4919491,0.5032316,0.5145659,0.46429786,0.50687915,0.50535506,0.51720154,0.46090454,0.49232867,0.5148258,0.44066018,0.47134945,0.45445228,495
0.49590018,0.49438983,0.5102041,0.5207136,0.4458028,0.5150295,0.5199345,0.53454643,0.44755015,0.5104452,0.51796097,0.43729472,0.4654182,0.4479969,496
0.5113882,0.496775,0.51294714,0.5085451,0.4685958,0.5202436,0.48470724,0.5352002,0.46829265,0.51647884,0.52806234,0.4627519,0.49550113,0.44613615,497
0.49323863,0.48629487,0.49898908,0.51330906,0.46635908,0.5126469,0.49207672,0.51498604,0.46610948,0.49382156,0.5176014,0.43966383,0.4709116,0.4591165,498
0.48999405,0.4791727,0.4846638,0.5052379,0.48303244,0.5025605,0.4601723,0.49041435,0.48052838,0.46835715,0.5119448,0.44081786,0.46629375,0.48097512,499
0.488565,0.51559496,0.5269044,0.5309666,0.4440643,0.5111387,0.56989604,0.5357201,0.43769178,0.5178112,0.5095925,0.44383314,0.47780263,0.4078673,500
0.49317297,0.45028776,0.44852605,0.46920013,0.54681927,0.47645938,0.32868826,0.4190013,0.5527536,0.40905386,0.5001252,0.45745158,0.45948347,0.5221253,501
0.50393075,0.49242836,0.50939626,0.5022158,0.47507262,0.5205487,0.46904358,0.5181257,0.49227428,0.49823427,0.53006583,0.45337367,0.5019244,0.44793147,502
0.48785794,0.51734626,0.59456676,0.6462296,0.34535563,0.46648377,0.75055605,0.6095864,0.36457875,0.6409466,0.4903531,0.45196277,0.4442357,0.14556487,503
0.49378714,0.49969625,0.5266975,0.54037434,0.42754373,0.5224486,0.5783875,0.5588591,0.4283663,0.5496375,0.5142464,0.44193134,0.47203514,0.38900626,504
0.4912739,0.5090075,0.56072944,0.5831046,0.38561392,0.5205237,0.68173796,0.599692,0.4026509,0.6199914,0.5025069,0.4621933,0.47971362,0.25286385,505
0.4780118,0.4927002,0.5333266,0.5657276,0.41489798,0.524043,0.6318275,0.5554463,0.41990316,0.55646753,0.50812286,0.4404808,0.4784001,0.3226966,506
0.49667445,0.49065185,0.506438,0.5199127,0.45605826,0.5204175,0.51033604,0.5272535,0.46025568,0.5080189,0.5187738,0.44152087,0.47519684,0.44796693,507
0.4985222,0.48762885,0.49788716,0.50830764,0.46514845,0.50973296,0.4740926,0.5174656,0.46817505,0.4916875,0.5208667,0.43853217,0.46621245,0.4817317,508
0.5026623,0.45137554,0.45605543,0.47632262,0.5327204,0.4815875,0.33208874,0.4447525,0.54128236,0.43218562,0.51348484,0.453277,0.45671493,0.5290263,509
0.48916343,0.5005119,0.5086597,0.51551384,0.45767242,0.5058916,0.518884,0.51868,0.4515895,0.49094453,0.51336414,0.43945035,0.4681983,0.4505988,510
0.49450284,0.5098234,0.542876,0.552848,0.41457278,0.52116704,0.62069076,0.57543486,0.4133659,0.57794136,0.506945,0.4538502,0.47523302,0.3375361,511
0.494834,0.506846,0.52524054,0.529977,0.43592632,0.5152449,0.5597802,0.54947764,0.43220973,0.53243655,0.5140323,0.44340917,0.47015762,0.4095491,512
0.4973233,0.48076373,0.49143082,0.5029236,0.48555425,0.50450754,0.44965616,0.49902013,0.4879316,0.47479963,0.51885813,0.4427694,0.4731959,0.48223206,513
0.47837663,0.4927476,0.53862417,0.57421607,0.40806204,0.52491796,0.6464755,0.5608245,0.41611847,0.5678005,0.50834113,0.44280276,0.48041385,0.2996215,514
0.50475645,0.40918753,0.41201234,0.43294838,0.62496847,0.439769,0.19018142,0.33457303,0.63696855,0.35901073,0.48055047,0.49740618,0.44797602,0.53703445,515
0.488109,0.5048099,0.53287154,0.5452267,0.4238551,0.5194819,0.599787,0.56254697,0.4235389,0.5568181,0.5117003,0.4452346,0.47531062,0.36533037,516
0.50754315,0.46093017,0.47256133,0.47882184,0.521563,0.49192527,0.34846553,0.46467698,0.534777,0.4436116,0.5248328,0.45938167,0.47513947,0.51455975,517
0.48707482,0.51342326,0.55759823,0.5756861,0.3988072,0.5152718,0.67132145,0.58514106,0.40622416,0.60290307,0.50000644,0.46380123,0.4834107,0.26786435,518
0.48976383,0.50475615,0.5212643,0.531555,0.44263455,0.51493067,0.5633829,0.53894687,0.43551666,0.5212103,0.5102024,0.44440913,0.4723667,0.4080375,519
0.49746612,0.45857581,0.46138355,0.4758661,0.5273874,0.47455907,0.34318906,0.44392574,0.5357088,0.4215446,0.51024306,0.44678175,0.4517083,0.53414303,520
0.4918448,0.49583864,0.5197981,0.53050375,0.44568408,0.5191086,0.5501125,0.5429899,0.4484489,0.5288525,0.5162902,0.44129005,0.47965786,0.40580085,521
0.50925916,0.40509325,0.40441105,0.4216665,0.6417236,0.44767874,0.16671677,0.31375268,0.65791136,0.3539725,0.47366205,0.5172832,0.45453987,0.5348363,522
0.49210003,0.499121,0.5100661,0.51733214,0.45494267,0.5112042,0.5197839,0.52602315,0.45309314,0.50122726,0.51733714,0.4404351,0.47358012,0.44317842,523
0.47781324,0.48924795,0.5223517,0.5551099,0.42794946,0.52456594,0.60207623,0.54180634,0.43004838,0.53653634,0.5091682,0.43707794,0.47708553,0.35703975,524
0.476249,0.49144158,0.5293353,0.5615503,0.42445534,0.52401453,0.61796886,0.54404163,0.42943507,0.54374677,0.5102976,0.43977612,0.48370776,0.3309328,525
0.4911558,0.51745397,0.5496456,0.55105084,0.41413116,0.50927645,0.63065696,0.57721883,0.40845037,0.5787185,0.50394565,0.45665082,0.47674885,0.32591656,526
0.49080917,0.4953382,0.5138792,0.5282931,0.44615254,0.51868314,0.5428033,0.53650045,0.44562006,0.52070194,0.51510376,0.44034326,0.47422737,0.42150167,527
0.49105188,0.49859455,0.5235773,0.53895026,0.43536395,0.5217228,0.5729338,0.54892224,0.43575075,0.53980863,0.51489604,0.44698945,0.48172817,0.38431802,528
0.49654973,0.4772308,0.48097202,0.4916248,0.49811918,0.4872286,0.41690835,0.48333263,0.4952476,0.45268086,0.5129573,0.4423044,0.4585484,0.51175565,529
0.51362294,0.40167835,0.4071841,0.4159291,0.647282,0.4469064,0.156839,0.3116372,0.6715671,0.35087144,0.4810401,0.5233782,0.46327436,0.5358619,530
0.50806504,0.41484708,0.4176591,0.4350935,0.61514014,0.45868403,0.2018734,0.3441568,0.63427955,0.37170273,0.4864682,0.49881697,0.45775172,0.53396696,531
0.50851595,0.40688148,0.4076662,0.42842126,0.63023084,0.45160306,0.18055665,0.32378146,0.6498566,0.36009043,0.47849986,0.5070855,0.45018795,0.53967166,532
0.4963106,0.486913,0.4950792,0.49643537,0.49173617,0.49577978,0.43205902,0.48745686,0.5087429,0.45670727,0.5224401,0.43823278,0.47779503,0.48751754,533
0.49263278,0.5031922,0.51540613,0.52326834,0.4488826,0.51026034,0.5412569,0.53633857,0.4421369,0.5150237,0.5139827,0.44311237,0.47146982,0.43008506,534
0.4921716,0.50654256,0.51636416,0.52018124,0.44972157,0.5059473,0.53621566,0.53396124,0.44207686,0.50896895,0.5124178,0.43977216,0.4660319,0.44375572,535
0.51003224,0.39667282,0.39541715,0.41226763,0.65551037,0.4360396,0.1500515,0.29658878,0.6717346,0.3410657,0.4669831,0.523497,0.44790405,0.5427711,536
0.4973715,0.47841865,0.4832498,0.49280006,0.495762,0.48859072,0.42229798,0.48474374,0.49330372,0.4539832,0.5127697,0.4432595,0.46114147,0.5080943,537
0.47705612,0.4904225,0.52926356,0.56552833,0.41674283,0.52662456,0.625456,0.55002826,0.4221575,0.5498553,0.50823605,0.43791333,0.47606662,0.3308356,538
0.4908153,0.50160426,0.5147339,0.5260688,0.4463499,0.51155853,0.5473067,0.53556955,0.43959755,0.5150128,0.5123712,0.44241533,0.470049,0.42506972,539
0.4949835,0.46518114,0.46819952,0.48855433,0.5107793,0.487608,0.39100167,0.46466863,0.5115328,0.44303626,0.510968,0.44622993,0.4623026,0.510737,540
0.49652064,0.4893669,0.49844584,0.50293785,0.4775146,0.4976432,0.4608325,0.5062398,0.48137712,0.47592747,0.51843137,0.43974072,0.4706219,0.48318097,541
0.48857835,0.5031642,0.5139419,0.5185361,0.45764983,0.5061788,0.5280295,0.5214812,0.44791192,0.49378413,0.513434,0.44099215,0.4708419,0.4412278,542
0.49169385,0.4808226,0.48276147,0.4956393,0.49218637,0.4859727,0.4374636,0.48415416,0.48616856,0.45274207,0.50981665,0.4379306,0.45674923,0.5058181,543
0.50132006,0.45767152,0.46262822,0.4724937,0.53264904,0.4774895,0.3338783,0.44579437,0.5445805,0.4246153,0.5138239,0.45018864,0.45655602,0.53523034,544
0.49024484,0.5045733,0.56403095,0.59524274,0.38148937,0.5169851,0.6992416,0.6085716,0.39668086,0.63585114,0.49851918,0.46916088,0.4786463,0.2258487,545
0.49437404,0.47619498,0.4798399,0.49434432,0.49978033,0.49758226,0.42336634,0.47901,0.5021698,0.45575008,0.5151404,0.44678193,0.47404236,0.49501318,546
0.48955184,0.48927903,0.4997499,0.5163874,0.46504128,0.5074535,0.5085157,0.514747,0.45997217,0.49365836,0.5122052,0.43978506,0.47062415,0.45331094,547
0.49302748,0.4879515,0.5007151,0.5172997,0.46099144,0.5155644,0.50361115,0.51792777,0.4624302,0.49688557,0.5161981,0.4405178,0.47201315,0.45311776,548
0.5200117,0.3931168,0.3854006,0.39235148,0.6768253,0.45318913,0.13553664,0.28263184,0.6963374,0.34282678,0.45405608,0.557823,0.46702632,0.54214734,549
0.5112806,0.4024931,0.40288123,0.41905215,0.63952374,0.45179948,0.16946027,0.31718174,0.6631908,0.3586447,0.4748849,0.52017283,0.45709383,0.5405717,550
0.49304393,0.5072059,0.5328584,0.5431482,0.42869782,0.51697737,0.5928251,0.55902296,0.42324546,0.5527307,0.51165676,0.4492213,0.47683483,0.36786377,551
0.4970053,0.5017991,0.5161947,0.51882786,0.45450303,0.51007044,0.52633554,0.5356235,0.4451832,0.5124947,0.5165945,0.44644728,0.4722615,0.43922922,552
0.5031341,0.47585377,0.49050164,0.4931409,0.5007309,0.5094489,0.40923625,0.48754752,0.51048523,0.46559653,0.52863497,0.45849454,0.49070185,0.47719467,553
0.49694908,0.47610584,0.4818459,0.49151817,0.49606618,0.49079078,0.40981355,0.4797097,0.50052756,0.4497958,0.5161963,0.43974656,0.4581237,0.51194245,554
0.4932015,0.5093975,0.539486,0.5495955,0.41622117,0.52059793,0.61277205,0.56838626,0.41438803,0.566283,0.5092284,0.45129424,0.47345877,0.34753782,555
0.49370217,0.50541735,0.5377591,0.5526389,0.41990122,0.52172005,0.61093855,0.5707343,0.41832745,0.57341,0.5103353,0.45561963,0.47870946,0.33925074,556
0.5050992,0.48997352,0.50434303,0.50653344,0.47606012,0.5173363,0.46632555,0.5163364,0.4807407,0.49308828,0.5283528,0.4513659,0.4877612,0.4616037,557
0.50851566,0.40921193,0.40763447,0.4224771,0.6351662,0.4486718,0.17662732,0.3224372,0.6522635,0.3578671,0.47971696,0.5103216,0.456312,0.5364316,558
0.49042845,0.489662,0.49707088,0.5114415,0.47380158,0.5009099,0.49019483,0.506718,0.4662492,0.4812727,0.51316214,0.43953517,0.46977186,0.46795702,559
0.49699843,0.5123473,0.5444305,0.5553665,0.4140895,0.5220374,0.6253288,0.579699,0.41390255,0.5869517,0.507004,0.46034747,0.4800992,0.32504952,560
0.5085958,0.40169218,0.4038661,0.42500502,0.63524073,0.4406713,0.1693689,0.31674576,0.65343744,0.35274792,0.47674438,0.5079635,0.44432482,0.5434047,561
0.50710875,0.43594214,0.445452,0.46223122,0.56502897,0.47158805,0.27350646,0.41236517,0.57628316,0.40943128,0.5080992,0.47376752,0.46026534,0.5310098,562
0.49654093,0.5013013,0.52012295,0.5285811,0.44126117,0.52081954,0.5474083,0.5457014,0.44160873,0.52943605,0.5170642,0.44303054,0.47285417,0.41630816,563
0.4773003,0.49281242,0.53072757,0.56651634,0.41611055,0.5262767,0.6302531,0.55120015,0.4222496,0.5535234,0.507108,0.44053933,0.4774608,0.32635057,564
0.50313914,0.41731822,0.42110354,0.44292647,0.6010429,0.44943687,0.21362707,0.35351405,0.61614734,0.370087,0.49172303,0.48056242,0.44158646,0.542858,565
0.49611792,0.49023935,0.49553525,0.49769792,0.4878163,0.49599755,0.4436484,0.49779698,0.4970965,0.46659935,0.522283,0.43878493,0.47668365,0.48970675,566
0.48869455,0.50998247,0.5446382,0.5613137,0.41090205,0.5205414,0.6367236,0.5758564,0.41298142,0.58408016,0.5048413,0.4548887,0.47708,0.3171378,567
0.50291395,0.5025357,0.52050257,0.5206971,0.45065027,0.5241777,0.5329054,0.54951936,0.4511629,0.53604305,0.5228747,0.45303547,0.48963225,0.419216,568
0.49444863,0.5051158,0.5234845,0.53147465,0.43953702,0.5176649,0.56496435,0.548844,0.43305156,0.5351901,0.5124001,0.44731244,0.47336248,0.40449235,569
0.50402164,0.42295012,0.42901126,0.4425827,0.59894955,0.45151943,0.21556814,0.36009002,0.6259549,0.3729109,0.5000353,0.47891083,0.45372334,0.5346009,570
0.47978708,0.4965094,0.54113,0.57394516,0.40518034,0.5220666,0.6502929,0.56832904,0.41272336,0.57638323,0.50654626,0.44431978,0.476188,0.3010882,571
0.4957907,0.5045973,0.5326101,0.543477,0.42286652,0.5244102,0.5893733,0.5650241,0.42403302,0.5598439,0.5133331,0.44605303,0.4726036,0.3744873,572
0.5064659,0.41603506,0.42127356,0.43774745,0.61044556,0.45361,0.20421796,0.3479188,0.62727803,0.36932027,0.49040574,0.49375826,0.4548369,0.533868,573
0.49426615,0.47212204,0.4774319,0.49152756,0.5030727,0.49021277,0.40846825,0.4723725,0.5047581,0.4492624,0.5137745,0.4430489,0.46369517,0.5032687,574
0.4871225,0.50497717,0.530091,0.55128866,0.42606464,0.5306828,0.6044504,0.5518102,0.43192637,0.55332667,0.511001,0.45073804,0.48112705,0.35362032,575
0.5001053,0.4611893,0.46637082,0.47462475,0.52937996,0.4845836,0.34207276,0.44656202,0.547025,0.42663914,0.51604533,0.44778845,0.46346268,0.5251531,576
0.49937266,0.5169754,0.5767565,0.59654766,0.380946,0.5228625,0.7031605,0.6113205,0.3987064,0.64856887,0.49611107,0.48387071,0.4848853,0.20703383,577
0.4900639,0.50384706,0.53530383,0.5488449,0.41805792,0.5185748,0.6113839,0.56847,0.41684213,0.5654122,0.5090532,0.44774586,0.47393292,0.35188454,578
0.5054943,0.39643905,0.39556485,0.41831684,0.6480409,0.42604968,0.15784349,0.30063593,0.65892106,0.33511418,0.4698968,0.51096874,0.43999916,0.54651433,579
0.48975357,0.5051716,0.5220604,0.531485,0.43986568,0.51361305,0.56498724,0.5399113,0.4312409,0.52088934,0.51112425,0.4444477,0.47035566,0.4060849,580
0.49716705,0.4240735,0.4240887,0.44481033,0.5936891,0.44188133,0.24082027,0.37023085,0.59528273,0.37097657,0.48920903,0.47837818,0.4464005,0.5407705,581
0.4833792,0.50360996,0.5604901,0.59278417,0.38613313,0.51561886,0.6918838,0.59510124,0.40236107,0.61697763,0.5005709,0.45672512,0.4782454,0.24231786,582
0.50976765,0.40564394,0.4047149,0.4173481,0.6398907,0.44887513,0.17237584,0.31731972,0.65943944,0.35525817,0.47332177,0.51836556,0.4602943,0.535989,583
0.48670563,0.5025514,0.52435595,0.53962314,0.4321783,0.5181692,0.5852296,0.55093646,0.42826062,0.5413862,0.5100287,0.4422682,0.47135177,0.3887797,584
0.49340144,0.51060385,0.53976524,0.5504138,0.41355047,0.52340436,0.6185648,0.5737355,0.4158623,0.5722466,0.5098596,0.44947207,0.47526225,0.3442075,585
0.49561852,0.4583901,0.45751706,0.47256526,0.53402644,0.47779933,0.34307286,0.4343654,0.541187,0.41435504,0.5068368,0.4480574,0.45121288,0.53565913,586
0.4948358,0.48710936,0.49249175,0.5022339,0.4784658,0.49852064,0.45677155,0.4970512,0.47821993,0.46626374,0.515959,0.4366034,0.46304703,0.49258417,587
0.50207424,0.48075745,0.4905186,0.49717063,0.49417228,0.50294536,0.43766588,0.49929664,0.4918117,0.4737008,0.52130604,0.45239556,0.48460883,0.4843464,588
0.4970102,0.49837214,0.5083689,0.5126417,0.461066,0.5080826,0.5021461,0.52484876,0.46031573,0.49762347,0.51899993,0.44249815,0.47416568,0.45704114,589
0.5018368,0.4130333,0.41386935,0.43692097,0.6156776,0.43956605,0.20723788,0.34402663,0.6211907,0.35914582,0.4819193,0.4898321,0.44383323,0.54316735,590
0.5110823,0.39056653,0.38987002,0.41001105,0.6589607,0.4299663,0.13795927,0.2884027,0.6723074,0.33592388,0.46579352,0.5245989,0.44068518,0.54901373,591
0.49108535,0.5023502,0.52993786,0.5459797,0.4266901,0.5208404,0.596165,0.5547698,0.42377988,0.5488937,0.51005787,0.44873407,0.47602576,0.36881298,592
0.480364,0.49064335,0.5379947,0.56959426,0.40906352,0.52904,0.6334694,0.5602206,0.42080474,0.56411636,0.51169336,0.4413431,0.479674,0.3086325,593
0.49111283,0.5047932,0.53173256,0.54453653,0.4282125,0.5201882,0.593841,0.5596188,0.42789435,0.5557884,0.5119156,0.4497314,0.47935364,0.36541903,594
0.49524426,0.4863569,0.5010221,0.511574,0.47054115,0.50645983,0.48298365,0.51561564,0.47199795,0.49286246,0.51763546,0.44120303,0.47133774,0.46354797,595
0.4980943,0.5056588,0.53518945,0.54610777,0.4294863,0.52991265,0.58757085,0.5631638,0.43923363,0.5639069,0.5160514,0.45296952,0.48835123,0.3578232,596
0.49775675,0.45235857,0.45555064,0.46805003,0.54280394,0.46681163,0.31780544,0.42823622,0.553558,0.40814906,0.5068473,0.4514896,0.45256245,0.5384243,597
0.4951496,0.50038016,0.5141746,0.520253,0.4523653,0.51103663,0.5250104,0.53038996,0.44923398,0.5058523,0.51653284,0.44268242,0.47221538,0.44018948,598
0.48170137,0.49356017,0.54481095,0.5759667,0.40150344,0.527931,0.6502889,0.56987375,0.41696626,0.5781464,0.5086975,0.44381577,0.4790513,0.29223675,599
0.505879,0.41940388,0.42061493,0.4341849,0.6097473,0.45910174,0.21091412,0.3478638,0.630514,0.37093547,0.488867,0.49755186,0.4630047,0.5287767,600
0.49714452,0.49352184,0.50093794,0.50485516,0.47435609,0.50047797,0.47443914,0.5126765,0.47362578,0.48233786,0.5184447,0.44194227,0.47256812,0.47682148,601
0.48396528,0.49289826,0.54253507,0.5726362,0.40677807,0.5307671,0.6415579,0.56591725,0.42187473,0.5745813,0.51236314,0.44674683,0.48623195,0.29445833,602
0.49532393,0.45829672,0.45875686,0.47784287,0.53038216,0.4755625,0.35222736,0.44038457,0.5324369,0.42007092,0.5045871,0.4448676,0.44850644,0.5327209,603
0.4988238,0.4815736,0.48811638,0.5013165,0.48286462,0.50560844,0.4484817,0.49962097,0.4846292,0.47507712,0.51706856,0.44256786,0.46816307,0.49446473,604
0.50483185,0.47873887,0.48727757,0.49274528,0.50120986,0.50185275,0.41169178,0.49338472,0.5056852,0.46758878,0.5260318,0.45312348,0.48210844,0.49481824,605
0.48933682,0.4902277,0.50152344,0.5149919,0.47247264,0.50984734,0.50184584,0.50783205,0.47107846,0.48567238,0.51472676,0.44516852,0.48170447,0.44608307,606
0.4936421,0.5008605,0.5160278,0.52337414,0.44969168,0.5102608,0.5343094,0.53571707,0.44643906,0.5146821,0.51548976,0.4426251,0.4739588,0.42967573,607
0.48779508,0.49836078,0.5281176,0.54601884,0.42584336,0.5202978,0.592404,0.55913556,0.42598948,0.55339825,0.5115048,0.4419046,0.4726889,0.3721458,608
0.4958335,0.47760123,0.48225063,0.49247366,0.49727103,0.49011967,0.4214545,0.48171926,0.49510747,0.4529942,0.51212347,0.44346243,0.46135178,0.5047011,609
0.47313246,0.49142766,0.5346141,0.5786128,0.40734947,0.52308226,0.6528324,0.5549316,0.4133863,0.56210744,0.505361,0.43932378,0.47462428,0.29948127,610
0.5182094,0.3969759,0.38934025,0.39609367,0.67230827,0.45303622,0.14493418,0.29160476,0.6897168,0.3460514,0.45584092,0.55465794,0.47329566,0.53399265,611
0.48454422,0.50589997,0.54027224,0.5656853,0.4120447,0.5213555,0.64445573,0.56954074,0.41252828,0.5779447,0.50332,0.45144662,0.4759465,0.31660506,612
0.49170816,0.50026435,0.5121745,0.5200156,0.45327148,0.5077166,0.52922827,0.52945644,0.4452681,0.5048391,0.51231074,0.43916672,0.4660842,0.44525927,613
0.4973854,0.4616903,0.46455875,0.48292688,0.51726097,0.49123088,0.3679712,0.45113772,0.52057546,0.43361947,0.5113733,0.4488029,0.4551158,0.51930565,614
0.5117529,0.40212446,0.40146846,0.41369617,0.64726275,0.44866353,0.1628677,0.30807412,0.6696465,0.3510314,0.47091323,0.52500445,0.45970064,0.5378405,615
0.49655762,0.51190096,0.52976924,0.53023624,0.43877286,0.5165892,0.5601214,0.55148673,0.4440436,0.5349718,0.5160708,0.44076753,0.47699985,0.40819257,616
0.49364918,0.50480855,0.5168091,0.5189144,0.44847998,0.5105916,0.53159994,0.53466475,0.44544256,0.5105012,0.5168946,0.44029298,0.46968722,0.43917423,617
0.48913097,0.51014096,0.5433973,0.5573762,0.41154325,0.5191973,0.6330225,0.575236,0.41059816,0.5780547,0.5046537,0.44945863,0.4720533,0.33139157,618
0.49633563,0.51617044,0.5619592,0.57262015,0.39613822,0.52153975,0.6662198,0.6007455,0.4040524,0.6186167,0.49994993,0.4656021,0.47967577,0.27123657,619
0.50499314,0.4690827,0.474475,0.48209172,0.5108908,0.5010396,0.37924471,0.47202885,0.5182286,0.4507236,0.52069396,0.4498632,0.4659706,0.5213166,620
0.4981348,0.5008359,0.52343947,0.5323739,0.44321162,0.5180089,0.5528087,0.54875666,0.44139,0.53665096,0.5197692,0.44928214,0.48292097,0.39742064,621
0.5024831,0.49934092,0.52025795,0.52044266,0.45335555,0.5195938,0.5152444,0.54035467,0.4537215,0.52383024,0.52741015,0.45597744,0.4896792,0.41708472,622
0.48963895,0.50412416,0.5230734,0.53804654,0.43362284,0.51636624,0.5787219,0.5489135,0.4276127,0.53737676,0.5096383,0.444442,0.47083652,0.3965528,623
0.5114975,0.40486944,0.4036089,0.41537082,0.63801265,0.45566493,0.17405248,0.3187871,0.6593807,0.35896167,0.47409278,0.52390933,0.4639435,0.53429645,624
0.49572653,0.5051602,0.519488,0.5268493,0.4445278,0.5144857,0.5503939,0.54364127,0.4377826,0.52682966,0.5139916,0.4472403,0.4737748,0.41835436,625
0.48819318,0.505037,0.5620459,0.5885407,0.38631794,0.5177785,0.68672633,0.603061,0.40158784,0.62330043,0.5012749,0.4585174,0.47751048,0.24798866,626
0.4953182,0.4999333,0.51295024,0.5163453,0.45443192,0.5095689,0.5143222,0.52545696,0.45401508,0.49877983,0.5183284,0.44001186,0.4718688,0.44794017,627
0.49681112,0.5134459,0.5507528,0.5594846,0.4133499,0.51995695,0.6329334,0.58476996,0.41916642,0.5961364,0.50650996,0.4612785,0.48499772,0.30727917,628
0.50361854,0.40629807,0.4090052,0.43438867,0.61794704,0.4346409,0.18666695,0.3329258,0.62910527,0.3534634,0.48426372,0.4886342,0.43458563,0.5497728,629
0.50725406,0.39671004,0.39746663,0.41791704,0.6438094,0.43108645,0.1572381,0.30435082,0.6604829,0.34248403,0.47275072,0.51008046,0.43933782,0.54869646,630
0.49173754,0.49400732,0.5141975,0.5246473,0.4491283,0.5188257,0.5352184,0.53352445,0.45127833,0.51594967,0.5174729,0.439683,0.4773984,0.42457554,631
0.49245173,0.49289617,0.518495,0.5326936,0.44421074,0.5291774,0.5504811,0.539158,0.45150694,0.52825415,0.5191274,0.44689706,0.48633966,0.39498144,632
0.5093301,0.40138462,0.40253234,0.41793254,0.6401913,0.4414029,0.16349594,0.30984667,0.66118056,0.34725025,0.47813123,0.51438105,0.45126766,0.5391214,633
0.4944171,0.49269232,0.49832988,0.5019037,0.47656882,0.49764153,0.4676859,0.50286686,0.47223443,0.47094512,0.5154059,0.440216,0.4661619,0.48557797,634
0.5006844,0.44953185,0.45407555,0.47580993,0.5405462,0.4823427,0.3339221,0.43646294,0.5475232,0.42708078,0.50740993,0.45962486,0.46632102,0.51850885,635
0.4923173,0.5111313,0.542942,0.552297,0.41596934,0.5183239,0.61892766,0.5722819,0.4164316,0.5734324,0.5070698,0.45475528,0.47747105,0.33176494,636
0.49373075,0.50916374,0.5401113,0.54897034,0.42283785,0.51848215,0.6095359,0.56675607,0.4181556,0.5649224,0.5083038,0.45410398,0.4783129,0.34392142,637
0.50010896,0.49557787,0.5066619,0.50242895,0.4781656,0.504552,0.4618417,0.5122316,0.49679887,0.4841409,0.5277634,0.44098258,0.48968068,0.4661726,638
0.4948278,0.48802477,0.49561143,0.50191236,0.47441593,0.5036055,0.4594858,0.50007,0.47725755,0.46911493,0.51729465,0.43539965,0.46083382,0.49052033,639
0.49750116,0.50566816,0.52391195,0.52250206,0.4503597,0.5192973,0.5330088,0.5405281,0.46413422,0.5212396,0.52255315,0.4427242,0.4900997,0.41433927,640
0.4927363,0.48790205,0.4919729,0.5031166,0.4827518,0.4945236,0.46300113,0.49906245,0.47645497,0.46973833,0.51376677,0.43990996,0.46570086,0.4888445,641
0.49198037,0.4795721,0.4813298,0.49346006,0.50326705,0.48835918,0.42489678,0.47594476,0.49965692,0.446992,0.5123779,0.44361588,0.468566,0.50002736,642
0.49415365,0.51195776,0.5526232,0.5676157,0.40396622,0.51974016,0.6511423,0.5893558,0.4085525,0.6044724,0.50411004,0.46214724,0.48068362,0.29019436,643
0.49601102,0.5089777,0.5417411,0.5506147,0.41962737,0.5258791,0.61122507,0.5701026,0.42518598,0.57375634,0.5126492,0.45785522,0.48754224,0.33260354,644
0.51212394,0.40422717,0.40202442,0.41657892,0.6494683,0.45146582,0.16124809,0.31002203,0.66480243,0.35452783,0.47055456,0.5269445,0.46135035,0.53301823,645
0.49669474,0.4989215,0.50969017,0.51235914,0.46101004,0.5056552,0.5009412,0.52445096,0.46016252,0.49608332,0.5179906,0.44102705,0.47092247,0.46017262,646
0.51498306,0.39525735,0.39259762,0.40315706,0.6666246,0.44310528,0.14169323,0.28845838,0.6856851,0.33969223,0.46436352,0.5394506,0.46053818,0.537132,647
0.4962097,0.47606057,0.48066005,0.4922497,0.50080264,0.4885219,0.41519073,0.47915125,0.5009712,0.45077375,0.5125902,0.44150048,0.4618595,0.51009,648
0.4935359,0.49715856,0.52604324,0.54108393,0.4336949,0.5223558,0.57936203,0.55673563,0.43178603,0.54990906,0.51400715,0.444767,0.47681367,0.3805914,649
0.49823445,0.45101866,0.45423722,0.47098994,0.5436184,0.4802225,0.32737193,0.42761067,0.552309,0.41641667,0.50600183,0.46008024,0.46422702,0.5207573,650
0.50341386,0.41967836,0.42026472,0.4380001,0.6038874,0.4573741,0.21709377,0.34997624,0.62357086,0.3698421,0.48611113,0.48981836,0.4522859,0.53670406,651
0.48930764,0.4909532,0.49914804,0.5081574,0.47981897,0.5001977,0.48155725,0.5008192,0.47508317,0.471456,0.5148702,0.44311503,0.47502375,0.46498477,652
0.4949689,0.51039755,0.5342162,0.53842,0.428777,0.5158579,0.5848492,0.56010944,0.42459044,0.5520156,0.51031786,0.45017964,0.4739256,0.38064572,653
0.5132356,0.39949954,0.3983508,0.40662062,0.65770644,0.44597387,0.1477647,0.29669952,0.68063116,0.34658554,0.4694618,0.53238213,0.4610091,0.5350824,654
0.4979025,0.49166447,0.5003542,0.5064953,0.47297624,0.5046679,0.47740656,0.5146306,0.47430566,0.4861828,0.5179523,0.4391025,0.47154954,0.47709256,655
0.49696735,0.47167277,0.4787632,0.4858537,0.5167447,0.48541388,0.38525164,0.4637235,0.5294438,0.43757012,0.51577264,0.4415083,0.4701754,0.50628936,656
0.49443197,0.48503923,0.4903142,0.49701846,0.4852811,0.4926543,0.4486117,0.4966316,0.4808979,0.4647244,0.5142118,0.4417872,0.46289283,0.49426475,657
0.49319407,0.461162,0.46347192,0.4778946,0.5326115,0.47516313,0.36099213,0.44450855,0.5316,0.4255422,0.50721246,0.45406675,0.46555993,0.5114554,658
0.5101566,0.40160373,0.40209565,0.42197508,0.6400137,0.445551,0.17065649,0.31362885,0.6550667,0.3515934,0.47323954,0.5132406,0.44735673,0.54409254,659
0.49868134,0.47314954,0.48194182,0.49802238,0.48890576,0.5041648,0.4258435,0.48946473,0.49580172,0.46685296,0.5185027,0.4433698,0.46890897,0.49760965,660
0.4958853,0.5136612,0.55082744,0.562759,0.40900642,0.5263531,0.6393404,0.58034897,0.42067164,0.5928181,0.5081296,0.45957038,0.48911768,0.29890803,661
0.49564037,0.4919835,0.501717,0.5104878,0.47225797,0.5005027,0.4880103,0.51654994,0.4664373,0.4897151,0.5170756,0.44396704,0.47364193,0.4659318,662
0.4964691,0.44991547,0.45198402,0.4736599,0.54142326,0.48072523,0.33187032,0.42820644,0.5473208,0.4191133,0.5030504,0.4589895,0.46070638,0.52052146,663
0.49646604,0.5134719,0.5539791,0.5672175,0.40057868,0.52434886,0.6498886,0.58839536,0.40686202,0.60203224,0.5032411,0.46310183,0.47774327,0.29154167,664
0.5028355,0.40792096,0.40621063,0.4256851,0.6300411,0.43900993,0.19088054,0.325809,0.64293706,0.3510405,0.4742943,0.5022878,0.4455491,0.54385525,665
0.48662537,0.502426,0.5384961,0.55771947,0.41381028,0.5202116,0.62350416,0.5705284,0.41581246,0.5722394,0.5080914,0.4464443,0.4748141,0.33531052,666
0.4946823,0.5108624,0.5387918,0.55077004,0.4205026,0.5239534,0.6142839,0.5682141,0.4202206,0.5687349,0.50828534,0.4535891,0.47849244,0.3468422,667
0.48707956,0.5009016,0.5196324,0.5338083,0.44064072,0.5167995,0.5644367,0.54087824,0.43828192,0.52663183,0.51223975,0.4415729,0.47362253,0.40559232,668
0.5013458,0.41770545,0.41887254,0.4457965,0.6058039,0.44539464,0.21670355,0.35073337,0.6152896,0.3668137,0.48595807,0.48054403,0.4404884,0.5411591,669
0.49021178,0.4883783,0.50058484,0.51776016,0.46457624,0.513255,0.5068876,0.51437956,0.46169162,0.49435028,0.51491016,0.44153312,0.47363943,0.44971877,670
0.5065706,0.41476128,0.41437215,0.42469215,0.6185007,0.45894763,0.19408663,0.33138382,0.64095396,0.3616018,0.48414847,0.5063848,0.4584564,0.52992225,671
0.4795402,0.49292254,0.5416798,0.57655984,0.40684408,0.52600163,0.6496105,0.5628199,0.41706413,0.57191896,0.50906956,0.4453673,0.48243728,0.29061404,672
0.50601834,0.4942926,0.5087574,0.50763965,0.46885875,0.5174358,0.47224337,0.52372116,0.47557542,0.49919996,0.5297713,0.4496963,0.48402834,0.46296963,673
0.49529633,0.5050084,0.51838833,0.5207495,0.4474065,0.51093906,0.5328818,0.5365823,0.4428572,0.51429486,0.5171549,0.44241694,0.4703073,0.43808535,674
0.5024878,0.41428822,0.41180593,0.43082133,0.6265577,0.44199616,0.20140594,0.33479112,0.6311461,0.35434765,0.47893426,0.49868715,0.4519765,0.5374075,675
0.5157512,0.40573674,0.41198128,0.41133428,0.6542369,0.453785,0.15111893,0.3133025,0.6842334,0.35750863,0.48291922,0.53608596,0.48099276,0.52450347,676
0.5262275,0.38213444,0.37910116,0.37980068,0.7001902,0.4354233,0.10015591,0.25326282,0.7209311,0.32479995,0.45413414,0.57407147,0.46219113,0.54967546,677
0.49171543,0.5047658,0.52252144,0.5334243,0.4358385,0.5183989,0.56776434,0.54707605,0.4345592,0.53277344,0.5128876,0.44318816,0.47203082,0.40382788,678
0.48986244,0.5015396,0.53657866,0.55085844,0.4212054,0.5206357,0.6064166,0.56576633,0.4233601,0.56348914,0.51178354,0.4474035,0.47938797,0.3487674,679
0.49153656,0.45558336,0.4566725,0.47376418,0.5409827,0.46441916,0.34088027,0.43150544,0.53969914,0.41113904,0.50217426,0.45156348,0.45389903,0.5260168,680
0.5007464,0.46544644,0.47127858,0.4802933,0.5121595,0.48202267,0.36523837,0.46586037,0.5202587,0.43923113,0.5167991,0.44519222,0.45580173,0.52848494,681
0.48838583,0.49154294,0.49947542,0.5128793,0.46894515,0.5068677,0.49698973,0.5072791,0.46578774,0.4831661,0.5132743,0.44019926,0.46858191,0.46121246,682
0.5082929,0.4027454,0.4072008,0.42630234,0.6338709,0.44093248,0.16850564,0.31770897,0.65577537,0.35460415,0.47875664,0.50492465,0.44540215,0.54095924,683
0.4763837,0.49188957,0.5330966,0.5711194,0.41441825,0.5248805,0.63846797,0.5511213,0.42020133,0.55558455,0.50768936,0.43990105,0.48069513,0.31243166,684
0.48759988,0.5146195,0.54331005,0.5558841,0.41503456,0.5146422,0.630867,0.56866086,0.41086027,0.5700201,0.502973,0.45218584,0.47370505,0.33312738,685
0.4832005,0.5017464,0.52455807,0.5438505,0.43051624,0.5163937,0.59278226,0.54978013,0.4259037,0.54210794,0.5083451,0.44304356,0.47172445,0.37865275,686
0.49257696,0.50296426,0.53238904,0.5453316,0.4264842,0.52111906,0.59540105,0.56516176,0.42604545,0.56181276,0.511349,0.44835287,0.47638673,0.36434355,687
0.5197952,0.39168718,0.38494298,0.39060867,0.6783127,0.44724616,0.13125925,0.2819217,0.6954823,0.34270632,0.4546081,0.55662,0.46445453,0.54378676,688
0.4926683,0.5024065,0.51942533,0.53088945,0.4399191,0.5140189,0.55704516,0.5465815,0.4335272,0.53148425,0.5133157,0.44114825,0.46837032,0.41866365,689
0.4935015,0.5051697,0.53127706,0.5455741,0.4244815,0.51687795,0.60103875,0.5649404,0.41583315,0.55970764,0.5071639,0.4484296,0.47023326,0.37108186,690
0.49580044,0.50164574,0.5246119,0.53588736,0.43044427,0.5227531,0.5666526,0.55546856,0.4317214,0.54338896,0.5150336,0.4428745,0.47065103,0.40240014,691
0.49867186,0.4431301,0.44427902,0.4698381,0.5543651,0.47962958,0.30849165,0.41161385,0.56033266,0.4102776,0.4990903,0.46472368,0.45846918,0.5232211,692
0.48809457,0.5003637,0.52347773,0.542104,0.4361725,0.52645445,0.58323514,0.5441021,0.43820062,0.53951794,0.51253974,0.44771722,0.48158813,0.3782229,693
0.50243926,0.41976985,0.4205798,0.44013977,0.60273206,0.45264757,0.22591627,0.3599678,0.61805797,0.3741926,0.48682544,0.4888882,0.45621705,0.5371037,694
0.5105987,0.4310298,0.44372338,0.44841006,0.5849529,0.4733035,0.23605646,0.38815022,0.60606515,0.3961836,0.51144814,0.4896306,0.4723629,0.5236252,695
0.5115137,0.40624085,0.41087535,0.42072967,0.63551784,0.44679374,0.1663024,0.32186884,0.6591981,0.35710847,0.4857593,0.51517326,0.46183833,0.5333219,696
0.49655104,0.44809672,0.44992295,0.46543398,0.55070317,0.4593117,0.30785152,0.41540727,0.5533253,0.39706856,0.5026172,0.45366898,0.44496292,0.53978354,697
0.49590126,0.47317868,0.4764483,0.4910405,0.5045743,0.48833779,0.41024655,0.4760364,0.50257474,0.44851708,0.5132686,0.4420926,0.4612355,0.5100596,698
0.4902989,0.48734483,0.48981324,0.49540585,0.49065953,0.48992887,0.44154134,0.482735,0.48637488,0.449231,0.5115971,0.43818343,0.45962396,0.5005234,699
0.49187043,0.50910765,0.5302073,0.54071903,0.42997587,0.51361936,0.59363633,0.5593154,0.4196396,0.55126244,0.5074885,0.45083037,0.47157097,0.37694272,700
0.49263155,0.502331,0.52068824,0.5322951,0.43571892,0.51579154,0.56287855,0.54592025,0.43224928,0.52746034,0.5144776,0.44105154,0.47099805,0.40864456,701
0.49759454,0.4684681,0.46976507,0.4813256,0.5144286,0.48366398,0.379122,0.46300384,0.51393974,0.43593943,0.510483,0.4463403,0.4537799,0.52758646,702
0.49414992,0.499002,0.5187697,0.5275915,0.44149607,0.5152787,0.549418,0.5416483,0.43842,0.522822,0.51384974,0.44347668,0.47185063,0.41572973,703
0.5046115,0.4061585,0.4065441,0.4237503,0.63206553,0.44050896,0.18268685,0.32303703,0.6531103,0.35235187,0.47758612,0.5059981,0.45329112,0.541196,704
0.49359173,0.4971133,0.50578064,0.51057297,0.46211708,0.5052503,0.49861494,0.5190323,0.45942244,0.49109977,0.51471543,0.43928516,0.46542537,0.4671958,705
0.4896483,0.49000537,0.4961363,0.5083827,0.47428527,0.50493705,0.48309442,0.5016528,0.4726787,0.4761862,0.51452875,0.44001505,0.46931577,0.4706975,706
0.4985379,0.5135415,0.5582008,0.5709967,0.4013024,0.52030075,0.64986974,0.59623176,0.41161633,0.6169271,0.506825,0.4654568,0.4868482,0.27574858,707
0.489813,0.49927673,0.5155984,0.52897006,0.44457287,0.51255983,0.54991317,0.53819823,0.4388666,0.5210015,0.5131405,0.44066757,0.4702611,0.42351973,708
0.51840967,0.39185795,0.39226216,0.3974414,0.67401767,0.44083884,0.123807415,0.2750213,0.6988314,0.3348369,0.4660057,0.54622144,0.45875758,0.5385814,709
0.4935013,0.50252384,0.5162106,0.52641195,0.44460058,0.5102885,0.54867166,0.5411065,0.4355739,0.52217644,0.5122348,0.44258708,0.4685313,0.42832762,710
0.49272335,0.48991632,0.5086585,0.5196686,0.4576957,0.52108216,0.5145193,0.5238301,0.46196052,0.50392115,0.51911527,0.4427942,0.47985917,0.43552542,711
0.4956238,0.51017296,0.540792,0.5470504,0.41934505,0.52296156,0.6009771,0.5684592,0.42845896,0.5648577,0.51464844,0.4489113,0.48209766,0.34896293,712
0.4812154,0.5097579,0.55235326,0.5761834,0.3974685,0.51453334,0.67280793,0.57514894,0.404918,0.5864016,0.5010447,0.45152143,0.47748464,0.28247187,713
0.48827866,0.49069658,0.50024015,0.51820856,0.46634758,0.5076376,0.5113135,0.51327354,0.460422,0.4914573,0.5112604,0.44034392,0.4725535,0.44989187,714
0.49457398,0.45531282,0.45572558,0.47246647,0.5452864,0.46866193,0.33955824,0.43223804,0.5429348,0.4136543,0.50408554,0.4573712,0.4619537,0.5218978,715
0.49372286,0.5099453,0.5407245,0.55144787,0.42107627,0.52417916,0.6109197,0.57049745,0.42750373,0.5718528,0.5098083,0.45142093,0.4813584,0.34287453,716
0.49260893,0.46167,0.464932,0.4813773,0.5283859,0.48702192,0.37044474,0.44525757,0.53143775,0.43151355,0.5086192,0.45674068,0.47507283,0.49796993,717
0.49639624,0.5113326,0.54985344,0.55754215,0.40672177,0.5238957,0.6347863,0.58937705,0.410913,0.5974501,0.50623244,0.4598721,0.47827262,0.3108741,718
0.4920485,0.50098264,0.51348263,0.52339554,0.44870883,0.509832,0.5385096,0.53362304,0.4389772,0.51115566,0.51222456,0.44276658,0.46722865,0.4361578,719
0.52076197,0.39279202,0.38424522,0.38772997,0.68203396,0.44985944,0.12830131,0.27499548,0.7003945,0.3366941,0.45365974,0.56031805,0.46568027,0.5438167,720
0.49846473,0.48326296,0.48965386,0.49330524,0.49686068,0.49400198,0.42172754,0.48771602,0.5062351,0.4556122,0.51935464,0.44015366,0.4698136,0.50294495,721
0.4962991,0.48688027,0.4950349,0.49835226,0.48818785,0.5001669,0.44514656,0.49380586,0.49664757,0.46410978,0.519501,0.4403729,0.47634268,0.4850408,722
0.49306944,0.46014807,0.46193543,0.47688493,0.5280082,0.46628267,0.3573532,0.4458853,0.5266418,0.41894224,0.50536394,0.44919783,0.45325193,0.52594995,723
0.49771854,0.5077961,0.5241572,0.52425385,0.44338167,0.51906335,0.5513094,0.5483119,0.43903586,0.52874273,0.51740974,0.44574955,0.47554073,0.41773197,724
0.4863693,0.5097864,0.5388153,0.55356044,0.41285872,0.5184091,0.62237006,0.5631723,0.4128393,0.55917233,0.5083013,0.44487664,0.47258335,0.3441591,725
0.4932645,0.47974148,0.48535052,0.49684185,0.49270222,0.4958201,0.4351574,0.48688465,0.4939524,0.462034,0.5162257,0.44371223,0.4694084,0.4916954,726
0.49193358,0.48972723,0.49035713,0.49603325,0.4852783,0.49112815,0.44718656,0.48862356,0.48340276,0.45429233,0.51464194,0.43512997,0.45908436,0.50219405,727
0.492583,0.5019228,0.52651983,0.54042184,0.4295265,0.52042997,0.5795141,0.5559409,0.42843682,0.54637516,0.51336163,0.44379592,0.4734781,0.38836074,728
0.4916412,0.5062171,0.52529156,0.53765905,0.43168333,0.5134994,0.5799406,0.55495584,0.4239061,0.5426625,0.5091387,0.44271332,0.46689728,0.39967635,729
0.5036038,0.41423547,0.4175278,0.44008163,0.60760707,0.4453363,0.20820591,0.3508954,0.62106097,0.36817238,0.48689258,0.48610955,0.44435376,0.54251945,730
0.49476722,0.49423027,0.5047793,0.507595,0.46339685,0.50531435,0.48250845,0.5136809,0.4666264,0.48357967,0.5184223,0.4378537,0.46666482,0.47163948,731
0.49068618,0.4967611,0.503995,0.51451623,0.4642706,0.5035272,0.50883347,0.51649845,0.45564625,0.48945975,0.5129823,0.43988344,0.46805775,0.4582941,732
0.49636823,0.42616794,0.4284617,0.44431686,0.6006347,0.43952867,0.22657171,0.3593913,0.62053555,0.36541238,0.49276924,0.47097695,0.45293283,0.5297487,733
0.49464625,0.51079977,0.56285787,0.5889404,0.3886174,0.52801543,0.6888635,0.60269004,0.41094232,0.62958306,0.500057,0.46695393,0.4891603,0.23829074,734
0.5107259,0.40495127,0.4119641,0.42096904,0.6324232,0.44356552,0.16649967,0.3213806,0.66218895,0.35646293,0.48763752,0.51041013,0.45948002,0.53481907,735
0.49645063,0.46343032,0.46887457,0.4831668,0.5228352,0.4812713,0.36791542,0.45005733,0.527679,0.4288939,0.5110038,0.4485916,0.4613255,0.5118849,736
0.49658585,0.45802695,0.46039748,0.47325224,0.53495026,0.4706373,0.3423792,0.4405255,0.53956103,0.4166199,0.50676936,0.44967318,0.45402363,0.53296137,737
0.48830312,0.49200693,0.50373065,0.5212792,0.45947674,0.51429164,0.5219232,0.518631,0.4556928,0.4996824,0.5124682,0.43929294,0.47281307,0.44234872,738
0.49482372,0.47119504,0.47558782,0.48730767,0.5049467,0.4841066,0.39643744,0.47056106,0.5074124,0.44106004,0.5134616,0.44529188,0.46070698,0.51046586,739
0.5020003,0.41095623,0.41344702,0.43579116,0.61598444,0.43683758,0.19788039,0.33846155,0.62357694,0.3549728,0.4834061,0.48967004,0.44115555,0.5415474,740
0.474945,0.492458,0.52857786,0.5634779,0.42387283,0.52354276,0.6231075,0.5427331,0.42721137,0.54305255,0.50865495,0.43940598,0.48333192,0.32967538,741
0.49636874,0.4934652,0.5069848,0.5169182,0.46379715,0.51635057,0.50764567,0.5235347,0.46635008,0.5031599,0.51854473,0.44373474,0.48181757,0.4469787,742
0.49324304,0.51226175,0.5694092,0.59443086,0.37720916,0.51973736,0.7029173,0.61585283,0.39849377,0.64238757,0.49563074,0.4708525,0.47724956,0.22384669,743
0.4989211,0.45213425,0.4534927,0.467441,0.5432077,0.47696474,0.3224642,0.4254385,0.54410845,0.41135332,0.5070119,0.4607417,0.45688212,0.52659297,744
0.50323486,0.415777,0.41709027,0.437411,0.6111884,0.44795248,0.21394248,0.35201684,0.61973715,0.3703939,0.4835239,0.49318132,0.45194963,0.53801256,745
0.4991775,0.50165975,0.5150781,0.51598287,0.45744953,0.51776403,0.5110234,0.5308428,0.46609306,0.507999,0.5218049,0.44318494,0.4822191,0.44362414,746
0.4980073,0.4655066,0.46774855,0.48304442,0.51645887,0.47839257,0.37330407,0.46240824,0.5174342,0.43542922,0.5110739,0.44499594,0.4535326,0.5289891,747
0.50040406,0.51064074,0.53214866,0.5333203,0.44127512,0.5213303,0.5617496,0.5558042,0.45027336,0.54763186,0.5200335,0.45081672,0.4937803,0.38424817,748
0.49369094,0.5038862,0.5224879,0.5286005,0.4385262,0.5154343,0.55120575,0.5447764,0.43658838,0.5266374,0.5159578,0.44308197,0.46979907,0.4154358,749
0.5059913,0.4007981,0.39847374,0.41926596,0.64700824,0.4303434,0.17314957,0.31362948,0.6522552,0.34330136,0.46836105,0.51339555,0.44765553,0.54343534,750
0.4880987,0.5071632,0.5237252,0.53323305,0.44124374,0.51004934,0.56958085,0.5447621,0.4318491,0.5304336,0.5099645,0.4436817,0.4711138,0.40700242,751
0.507137,0.40572613,0.40705752,0.42237195,0.63572204,0.44471115,0.17498633,0.32160878,0.6548706,0.35651916,0.47655472,0.51149446,0.4559415,0.53541505,752
0.49567497,0.50280666,0.51837176,0.5218366,0.45184416,0.516485,0.5287879,0.53154963,0.4598416,0.51004887,0.52054024,0.4399786,0.48294207,0.4273079,753
0.47564378,0.48954967,0.531056,0.5680171,0.4138195,0.52734613,0.6300033,0.5513419,0.42065257,0.55212706,0.50889796,0.43730065,0.47535053,0.32209072,754
0.4999441,0.51017135,0.5554115,0.5682559,0.4041706,0.52579683,0.6489907,0.59426636,0.41501805,0.6161872,0.50840527,0.4710842,0.49327394,0.27393362,755
0.50406337,0.42712593,0.4318274,0.45222485,0.5904587,0.45820498,0.2477805,0.3768343,0.5977838,0.38428643,0.49342757,0.48116457,0.4534376,0.53287065,756
0.49460608,0.50244427,0.5218708,0.5290556,0.4466716,0.51612264,0.5479762,0.5415465,0.44867796,0.5260125,0.51797146,0.44309968,0.48254707,0.41094887,757
0.4971541,0.44475746,0.44795763,0.46688652,0.55450207,0.457306,0.30224252,0.4167042,0.5582333,0.4005272,0.50273347,0.4561171,0.44862455,0.5373293,758
0.5161571,0.39815107,0.39352643,0.40335622,0.6626614,0.4548839,0.14803484,0.29208013,0.6844075,0.3453706,0.4656685,0.5429897,0.4666514,0.5364267,759
0.49639317,0.4969723,0.5069865,0.5160995,0.45421126,0.5105887,0.50746876,0.5261555,0.45214427,0.49952313,0.5164841,0.43781048,0.4652665,0.4639017,760
0.4938679,0.48102245,0.4837155,0.49994957,0.4857254,0.4979828,0.44573653,0.491744,0.48278943,0.46587858,0.5128122,0.44067943,0.46101567,0.50082976,761
0.48466477,0.5006282,0.5381846,0.5670929,0.41559651,0.5234209,0.63619775,0.5660238,0.42001212,0.5751078,0.50664485,0.45211667,0.48179424,0.31273174,762
0.49004948,0.50657654,0.5356347,0.55273074,0.418858,0.5188804,0.61634135,0.5647952,0.41403526,0.5627533,0.50743145,0.4477799,0.47130775,0.35139987,763
0.47766688,0.4938254,0.53182876,0.5649143,0.41952497,0.5271438,0.6269965,0.5501688,0.42595544,0.55291915,0.50942963,0.44137388,0.4825311,0.32518876,764
0.4909568,0.49643403,0.5055143,0.5153384,0.45774263,0.5036756,0.5126903,0.523672,0.44966537,0.49806643,0.51433575,0.43936002,0.46525648,0.45860535,765
0.49073365,0.5031126,0.5076916,0.52024096,0.45190284,0.51409954,0.5343661,0.5228128,0.44239274,0.49686196,0.5093809,0.4386556,0.46166793,0.4534374,766
0.5180717,0.39530945,0.38581654,0.38927716,0.6803327,0.44855797,0.13932852,0.28205943,0.6995127,0.33848318,0.45428535,0.5582507,0.4746883,0.5387329,767
0.49757153,0.5088351,0.52939266,0.534245,0.43981993,0.5148609,0.56623036,0.5532625,0.44116017,0.543759,0.5161299,0.44843525,0.48378438,0.39251646,768
0.4969067,0.45610353,0.45943114,0.4745842,0.5338795,0.47140804,0.3366018,0.43767187,0.54073876,0.4168124,0.5085482,0.44856098,0.45097318,0.5330383,769
0.49315444,0.4790525,0.48069984,0.49743673,0.49007863,0.49068192,0.43651316,0.48445433,0.48452073,0.45789045,0.51056904,0.4367101,0.45245418,0.50844663,770
0.49405608,0.50097096,0.51575756,0.5176409,0.4568781,0.5076842,0.514227,0.5256658,0.46674415,0.49979672,0.5194562,0.436087,0.47846526,0.44069356,771
0.49162114,0.47883004,0.4822844,0.49749008,0.49446863,0.48691908,0.43546954,0.48467222,0.49029836,0.45557085,0.51178885,0.44199988,0.46347907,0.49838525,772
0.5035232,0.40321696,0.4059948,0.42862782,0.6274396,0.4312477,0.1759332,0.32215676,0.6417574,0.347403,0.48161238,0.49577123,0.43833536,0.5463419,773
0.5126977,0.4002135,0.3980288,0.41050842,0.65364176,0.44499084,0.15542643,0.30229393,0.6714065,0.34698895,0.46968973,0.527796,0.45826778,0.538162,774
0.49482664,0.50394464,0.52293545,0.53206676,0.43736973,0.51447254,0.5608454,0.54971373,0.4316481,0.5347747,0.51299196,0.44284868,0.4697146,0.4134849,775
0.49112606,0.49316102,0.50261,0.5181937,0.45780614,0.50719583,0.5137756,0.5230821,0.45109308,0.49974906,0.5138142,0.43875933,0.4648602,0.45719877,776
0.4936093,0.5029678,0.5199665,0.5287676,0.44183984,0.5132013,0.55481887,0.5454317,0.43615186,0.5291191,0.5141051,0.44325697,0.47194323,0.41727683,777
0.4966069,0.4353146,0.43820307,0.46073937,0.56852317,0.45268223,0.27895483,0.39582437,0.57449704,0.38825485,0.49590892,0.4612187,0.44594935,0.53668374,778
0.5021033,0.45280454,0.4562551,0.47323933,0.5359257,0.48061705,0.330463,0.43820083,0.5427332,0.42300633,0.5098596,0.45310366,0.45250165,0.53512216,779
0.49219388,0.5081457,0.5425976,0.55665827,0.41329828,0.5229682,0.6328974,0.5791892,0.4121723,0.58482015,0.5055668,0.4556809,0.47699663,0.3244376,780
0.48599353,0.5015538,0.5103744,0.5229329,0.4521216,0.5068949,0.5377347,0.52090675,0.44242612,0.49463114,0.509255,0.43666232,0.46482852,0.44305384,781
0.49551085,0.5016376,0.5394906,0.5587524,0.41244483,0.53299433,0.6200373,0.57629603,0.4211798,0.5829673,0.5103379,0.45433438,0.47829482,0.32801718,782
0.49740162,0.50013375,0.51183593,0.5141966,0.4568642,0.5112492,0.5123314,0.5272245,0.45166793,0.5020692,0.5178495,0.4429485,0.47125506,0.45413554,783
0.4989986,0.44666803,0.45325756,0.4633226,0.5566728,0.4666027,0.29652727,0.41456634,0.57526183,0.40231356,0.50788665,0.46118954,0.46597362,0.52242476,784
0.4953312,0.48433703,0.48879722,0.49623415,0.4905176,0.49009418,0.43455365,0.48849612,0.49367288,0.45585638,0.51521134,0.43761835,0.46340013,0.5019477,785
0.4944027,0.5133471,0.5500119,0.5655375,0.4098209,0.5177257,0.640017,0.58102465,0.4189092,0.5953074,0.50740117,0.45801345,0.48891312,0.29873446,786
0.49302173,0.47912142,0.48860887,0.5059272,0.47939423,0.50982153,0.46128753,0.49769256,0.48271245,0.4763296,0.51567847,0.44020203,0.4712449,0.47708568,787
0.5007641,0.5081582,0.5262133,0.52664906,0.44071597,0.52035695,0.54439586,0.5500173,0.44259307,0.5322279,0.519769,0.44742736,0.4774845,0.41660744,788
0.49470034,0.51473624,0.5562582,0.5692618,0.40005958,0.5210295,0.6570509,0.5924384,0.40485287,0.6080397,0.50134987,0.46278512,0.47690976,0.2853902,789
0.507213,0.41030055,0.4109644,0.42981553,0.6224774,0.45298147,0.19390659,0.33624348,0.6432764,0.36686638,0.4808107,0.50420535,0.45564216,0.5390104,790
0.51141155,0.3956987,0.39483786,0.40934896,0.6564712,0.4387102,0.14940792,0.29611212,0.6757412,0.3422563,0.46627566,0.5268944,0.44963828,0.544381,791
0.49088374,0.5076385,0.5247078,0.53190976,0.43717402,0.5115934,0.5666865,0.54212904,0.43525514,0.5233179,0.51289195,0.43944252,0.47326303,0.40519282,792
0.51347566,0.40513837,0.40003473,0.4079637,0.6511405,0.4580327,0.15866718,0.3051823,0.67232853,0.35463467,0.4696227,0.5331718,0.4659444,0.5322682,793
0.5045326,0.40870193,0.4069927,0.42830452,0.6268082,0.44437757,0.1898178,0.3310614,0.6350402,0.35953802,0.47573847,0.5046491,0.45145053,0.53594357,794
0.49585235,0.5081846,0.55059683,0.5637049,0.4016917,0.5285623,0.6428703,0.5879038,0.40990007,0.5989312,0.5067315,0.46034154,0.47907367,0.30038297,795
0.4940527,0.4752525,0.47970033,0.493326,0.49776137,0.4895689,0.41824037,0.47969913,0.4963845,0.4521893,0.5141282,0.44267538,0.46176746,0.5041683,796
0.5121246,0.41362965,0.41324285,0.42412728,0.6198777,0.47123036,0.18275063,0.32602033,0.6495022,0.3660144,0.48810616,0.5102265,0.45924914,0.53518736,797
0.4948055,0.50109476,0.52078176,0.53119653,0.43825036,0.51930267,0.55520856,0.5502224,0.4364533,0.5368495,0.5158076,0.44385377,0.47193533,0.41226912,798
0.4963953,0.4896944,0.4972934,0.5018235,0.4777645,0.5002876,0.4599415,0.5030462,0.48138857,0.47193357,0.5164251,0.4392315,0.4674365,0.48773676,799
0.49720475,0.47446063,0.47877613,0.48778045,0.5027617,0.49328324,0.39972657,0.47318748,0.50597405,0.44591725,0.51526386,0.4419767,0.4584006,0.5164804,800
0.4934913,0.5025011,0.51212835,0.51847607,0.45296308,0.5115141,0.527425,0.53154016,0.44684017,0.50780356,0.51388735,0.44264355,0.4693167,0.4455529,801
0.49332866,0.48982444,0.49518114,0.49857867,0.47437692,0.49891815,0.4527936,0.49868062,0.4767869,0.46297413,0.51900166,0.43818703,0.46285734,0.4930467,802
0.49426347,0.50879294,0.5358825,0.5410123,0.43020225,0.52503586,0.58632964,0.5593767,0.44049698,0.55393845,0.51507187,0.44833905,0.48644873,0.36561814,803
0.5046538,0.41072002,0.41211697,0.43468294,0.61278594,0.44630572,0.19648913,0.339952,0.62792385,0.36357132,0.4838711,0.49266547,0.44339985,0.54370946,804
0.48430386,0.5048639,0.5299573,0.5491083,0.42532215,0.51983917,0.60925746,0.5564091,0.42049593,0.5534533,0.50660664,0.44566378,0.4707411,0.36304587,805
0.49684924,0.51578116,0.56688577,0.58244723,0.38756225,0.5248131,0.6886147,0.60834605,0.40118533,0.6328627,0.49525818,0.47205612,0.47936755,0.24386123,806
0.48829824,0.5005657,0.5191035,0.5354226,0.43714875,0.515772,0.569149,0.544171,0.4303706,0.5300885,0.51012367,0.43968686,0.46732032,0.40914056,807
0.5111426,0.40169346,0.4000315,0.41522813,0.6418901,0.4512304,0.16891971,0.31428596,0.66387063,0.3552526,0.4713382,0.52346975,0.45818743,0.5409,808
0.51160884,0.40065292,0.40384293,0.4122576,0.64867693,0.4417177,0.15246688,0.3017606,0.67511255,0.3457391,0.47709975,0.5227999,0.45881408,0.5337798,809
0.5019131,0.40979075,0.40874028,0.430469,0.6258787,0.43912625,0.19342917,0.33063146,0.63386047,0.3552426,0.47775415,0.49764967,0.44732574,0.53646326,810
0.49010915,0.5021532,0.5223488,0.5369076,0.43666932,0.51643544,0.5693273,0.5469061,0.43390653,0.5346861,0.5125134,0.4432566,0.4728893,0.40022248,811
0.5006119,0.41720918,0.41762236,0.4374637,0.61399454,0.44100145,0.21174422,0.34572545,0.6226958,0.36118278,0.4820972,0.49025705,0.45044294,0.5338233,812
0.49851063,0.42265177,0.4236116,0.44473234,0.5973174,0.4403355,0.23296718,0.36800298,0.6064164,0.37165135,0.49003035,0.48026663,0.45090327,0.5375134,813
0.496252,0.49209127,0.5022004,0.5063758,0.47298434,0.5032924,0.47447386,0.5110628,0.47841668,0.4823158,0.5182612,0.43800816,0.4708202,0.47507304,814
0.4949578,0.44981796,0.45149353,0.47226235,0.54697037,0.4742823,0.32728502,0.4217655,0.5504613,0.4116003,0.50091773,0.45885816,0.458364,0.51923376,815
0.49360892,0.49846175,0.51798147,0.5331701,0.43937394,0.5235063,0.5576525,0.5459335,0.4410061,0.5349413,0.5156046,0.44429812,0.47540015,0.40782112,816
0.4994451,0.41883263,0.42063332,0.44446978,0.6018269,0.44245836,0.22086862,0.35390896,0.6181571,0.36775056,0.48665464,0.47652847,0.43910477,0.5434415,817
0.48825207,0.5123076,0.5383469,0.5505066,0.42052436,0.516257,0.6195699,0.55952394,0.4134299,0.5553468,0.50487345,0.44833654,0.47359583,0.3519953,818
0.49488875,0.4951482,0.51416457,0.5230104,0.4461375,0.52005506,0.5268918,0.5341494,0.4541009,0.5129987,0.5226936,0.43624508,0.4759894,0.429189,819
0.5019912,0.48976943,0.50643283,0.5132187,0.46350685,0.524305,0.49186236,0.5236656,0.46980965,0.50382715,0.52484894,0.446708,0.48435545,0.45038673,820
0.49553952,0.5028555,0.5186299,0.5270401,0.44747257,0.51924765,0.547486,0.5425354,0.44540074,0.52777195,0.51662797,0.4464117,0.4795062,0.41931877,821
0.49812427,0.4722438,0.4759211,0.4839994,0.5162027,0.48071438,0.3832241,0.4659092,0.5237238,0.43750367,0.5143478,0.4433487,0.46446267,0.51745856,822
0.4894608,0.5097875,0.5411913,0.5508849,0.4140101,0.51696604,0.62037945,0.5709617,0.41348538,0.5692959,0.507131,0.4499031,0.4748164,0.34130672,823
0.47921124,0.49151587,0.52582085,0.55492544,0.428556,0.5224673,0.6046592,0.5435179,0.42945817,0.5397632,0.51079136,0.44105154,0.4824918,0.34835115,824
0.4779361,0.4905247,0.53084433,0.5622422,0.42132887,0.5241883,0.61980784,0.54794705,0.42602012,0.5471749,0.51108843,0.43974504,0.48306903,0.328538,825
0.49013045,0.49893498,0.5257994,0.5450531,0.4315228,0.52771425,0.58816427,0.55057335,0.43495625,0.5472643,0.5130643,0.44806588,0.48200512,0.36901903,826
0.49724165,0.49111623,0.49791613,0.50051373,0.47848174,0.5004237,0.45864892,0.5040549,0.48299184,0.47238314,0.51937985,0.440387,0.47035846,0.48679906,827
0.49437568,0.51169336,0.54967403,0.5593841,0.40864658,0.52246857,0.63447225,0.5824364,0.41405603,0.5887504,0.50672287,0.45598558,0.47973183,0.3145105,828
0.5117701,0.39924505,0.39832595,0.41307688,0.64749116,0.44774604,0.16108142,0.30794507,0.66832036,0.3525227,0.46826908,0.52614754,0.45551232,0.5400604,829
0.4976635,0.50566906,0.5324886,0.5378953,0.4236031,0.52742404,0.57417136,0.55984616,0.43315053,0.54938024,0.5184777,0.44566852,0.4770128,0.38124287,830
0.4931804,0.4925559,0.49877277,0.50627035,0.47469065,0.49825788,0.4789701,0.5069933,0.466121,0.47738782,0.51477206,0.44053254,0.46552563,0.4796173,831
0.5048954,0.4185426,0.42078507,0.4363485,0.606459,0.45371795,0.21321322,0.35272163,0.62484246,0.37038764,0.48923093,0.4911419,0.45344552,0.5401387,832
0.4937412,0.5072944,0.5410888,0.5491937,0.41764867,0.5186756,0.60813516,0.5753123,0.416732,0.57538205,0.5111436,0.45170256,0.4754664,0.3456327,833
0.5056582,0.40347126,0.40506467,0.42600232,0.6333964,0.436869,0.17627707,0.32137123,0.64928234,0.35211498,0.47708085,0.502141,0.44396028,0.54334426,834
0.4921464,0.49203113,0.51250947,0.5241914,0.45159566,0.51865035,0.53219193,0.5346581,0.45069677,0.5176008,0.5177075,0.44287482,0.47771943,0.42384243,835
0.5013189,0.5075925,0.54802513,0.5510939,0.40583044,0.53285766,0.61359245,0.5823093,0.41985503,0.58510846,0.5144601,0.4564372,0.48368293,0.3260213,836
0.49586976,0.48952693,0.50632274,0.51780194,0.46093518,0.51985675,0.50118196,0.5204144,0.46710917,0.49859762,0.5206812,0.4422946,0.47957483,0.44746536,837
0.5121573,0.40327066,0.40119618,0.41537422,0.64982307,0.45091432,0.1585586,0.3064288,0.66601026,0.35205844,0.4704378,0.52679616,0.45848608,0.5344827,838
0.49724874,0.47819263,0.48314616,0.49155292,0.49794218,0.49009162,0.4147793,0.4806941,0.49966383,0.4509171,0.51533484,0.4406237,0.46164304,0.510933,839
0.48411304,0.5058089,0.5307127,0.54775643,0.4300841,0.51867664,0.60541916,0.55109197,0.42713386,0.5478899,0.508445,0.44858617,0.48028874,0.3583784,840
0.4933264,0.49360526,0.5068668,0.521697,0.45249423,0.5157476,0.52212816,0.5288551,0.45019087,0.50796545,0.51511544,0.43899298,0.46876228,0.44677785,841
0.48793307,0.49517804,0.5096883,0.5249422,0.45156386,0.51213217,0.5348084,0.5277832,0.4498259,0.5083804,0.5143626,0.43807817,0.47178462,0.43304387,842
0.50238603,0.42759585,0.4305115,0.44493997,0.5899526,0.45625508,0.23126024,0.36674416,0.6073133,0.375066,0.4997985,0.4749122,0.4489557,0.5407486,843
0.49080652,0.5094198,0.5465667,0.5582543,0.40658942,0.51832885,0.6329429,0.5832517,0.4071023,0.58776414,0.50626034,0.4540891,0.47291043,0.3180096,844
0.49157053,0.5131685,0.5505203,0.5644414,0.4037987,0.52252614,0.65176314,0.5869954,0.40698725,0.59685147,0.50276387,0.45842013,0.47533923,0.3006387,845
0.5021038,0.49785867,0.5206333,0.5254313,0.43556306,0.5341331,0.54185545,0.55058575,0.4452629,0.5341637,0.523394,0.4422566,0.4767242,0.42044756,846
0.50078493,0.5104595,0.5678098,0.5871515,0.3869235,0.52629095,0.6825042,0.6118093,0.41061732,0.6415563,0.5012431,0.4731592,0.4888547,0.23283404,847
0.49431974,0.49088788,0.50977373,0.5222597,0.45550603,0.5266919,0.5182673,0.52629465,0.4645246,0.5093969,0.52051497,0.44320518,0.48329648,0.43117625,848
0.4959993,0.49796686,0.508985,0.51290095,0.46194053,0.5097033,0.4966614,0.51920563,0.47023484,0.49115345,0.5214293,0.43651772,0.47619164,0.45866787,849
0.4948901,0.46465364,0.46800157,0.48124906,0.528388,0.47624478,0.3631887,0.4482182,0.5371658,0.42561588,0.5112534,0.44501784,0.46592283,0.5150625,850
0.51239765,0.3949189,0.39145502,0.4009811,0.6655937,0.43569237,0.14448005,0.29151818,0.6818153,0.33821782,0.46215582,0.5365137,0.45896208,0.5398195,851
0.50656295,0.4023139,0.4005653,0.4142089,0.6459021,0.4349246,0.16574362,0.3094364,0.663595,0.34482163,0.4709979,0.51694643,0.45472458,0.53826374,852
0.4936853,0.48082614,0.48612183,0.50030017,0.48829392,0.5004156,0.44754595,0.4896897,0.48914877,0.46426502,0.5140449,0.44142357,0.46897772,0.4900276,853
0.48907262,0.5034373,0.54946715,0.57250786,0.40062255,0.5207388,0.6534904,0.58631325,0.40909618,0.6007973,0.50722873,0.4560485,0.48049706,0.28661457,854
0.5016419,0.411811,0.41383943,0.43570843,0.61313105,0.4346597,0.19969667,0.34298962,0.62338686,0.35695755,0.48638004,0.4859106,0.44045183,0.5457744,855
0.49415416,0.50755435,0.5264723,0.53168344,0.43688136,0.5167072,0.56675786,0.5458673,0.43266258,0.5293299,0.5148589,0.44503826,0.47608802,0.40074015,856
0.508498,0.4132976,0.42126992,0.4360248,0.61578965,0.44818607,0.18992727,0.34557223,0.6362676,0.36590445,0.49435145,0.49656585,0.45479193,0.5382312,857
0.48259917,0.4947942,0.54526275,0.57388884,0.4053414,0.52660066,0.6468856,0.57031137,0.41888234,0.5796687,0.5102634,0.4475941,0.48397312,0.29061338,858
0.49706382,0.4882893,0.49340782,0.5016985,0.47705024,0.49675134,0.45910084,0.50546086,0.47308612,0.47423348,0.5173109,0.44001722,0.462325,0.49392983,859
0.5001945,0.5096883,0.54634196,0.5520334,0.41695422,0.5254485,0.61337,0.58253276,0.4280071,0.5890307,0.51334316,0.4559833,0.48909777,0.32658392,860
0.49769622,0.5193903,0.5710855,0.5850289,0.3866291,0.5221003,0.6894379,0.61275077,0.4014662,0.64142364,0.49527082,0.47444442,0.48201382,0.23592126,861
0.49793753,0.4292306,0.43108797,0.4479788,0.5907752,0.4485022,0.24620156,0.37386578,0.5986045,0.37559333,0.49217078,0.477089,0.45215863,0.53502923,862
0.5172576,0.39681304,0.38797414,0.38943958,0.6822574,0.4427756,0.12882271,0.2762655,0.7097826,0.33663002,0.4586752,0.5507731,0.4702483,0.54017043,863
0.47822517,0.49720636,0.55469847,0.59640807,0.38570413,0.5192361,0.6912179,0.58047897,0.40320635,0.59973085,0.50302756,0.44930524,0.47627205,0.24418254,864
0.49655244,0.47470102,0.47828582,0.48826265,0.50760657,0.48750433,0.40494573,0.47342765,0.50682217,0.44565126,0.5140981,0.44650376,0.46489298,0.510249,865
0.5053695,0.41743642,0.42416683,0.44800708,0.5966077,0.44916624,0.21621187,0.36147612,0.6115273,0.37301508,0.4958907,0.47692028,0.43931863,0.54647416,866
0.48613876,0.50552344,0.5385557,0.55825746,0.41822207,0.5181842,0.62754893,0.56799895,0.4177477,0.57429117,0.50622845,0.4526318,0.47914702,0.32650873,867
0.49389482,0.5110032,0.5679392,0.5920852,0.38101465,0.5204649,0.70132333,0.6123903,0.39906824,0.64000565,0.49608272,0.47177157,0.47935012,0.22806028,868
0.49760216,0.5145725,0.56073225,0.57263154,0.3977465,0.5236848,0.6640033,0.5992859,0.40606537,0.6194752,0.5001766,0.46879435,0.48175135,0.2686084,869
0.49426237,0.4826822,0.4853862,0.4907553,0.50263363,0.4827199,0.41983193,0.48092845,0.5013264,0.44746983,0.5138504,0.44351143,0.466793,0.5058662,870
0.4888915,0.50192636,0.5206737,0.5373731,0.43505293,0.513451,0.57785636,0.5496041,0.42633376,0.5391756,0.50941205,0.44446176,0.4688975,0.39677525,871
0.49400982,0.51021564,0.5288318,0.533106,0.44004214,0.5140394,0.56572974,0.5497008,0.4392667,0.5341361,0.5156223,0.44389722,0.48046234,0.3967901,872
0.49778718,0.48914444,0.49628934,0.50452846,0.47346348,0.50394696,0.46248588,0.50731206,0.4743444,0.47737318,0.5186293,0.43828502,0.4638806,0.49018264,873
0.4950037,0.49909285,0.51084447,0.51781493,0.45803317,0.50430137,0.52017456,0.5303134,0.4481538,0.507306,0.5134665,0.44315287,0.47011158,0.44991726,874
0.49522614,0.4517951,0.45437345,0.47117242,0.5441419,0.46618146,0.32396153,0.42592546,0.5488347,0.40743756,0.5041488,0.45158544,0.45092267,0.53196096,875
0.49211383,0.49657455,0.5119448,0.52100503,0.45438606,0.5128544,0.5275914,0.53037643,0.45259953,0.5095877,0.51677966,0.44260466,0.47630072,0.43462735,876
0.49505162,0.4863173,0.49001625,0.4991773,0.4847233,0.49470174,0.45126697,0.4966249,0.48285145,0.4653045,0.5149307,0.44019353,0.4647143,0.4948487,877
0.4896155,0.48765874,0.49589622,0.510818,0.46958724,0.50237304,0.49034068,0.50964403,0.4630137,0.48455396,0.511683,0.43960732,0.46459487,0.46802288,878
0.49286368,0.51267356,0.54589576,0.5581548,0.41005564,0.51993495,0.6396569,0.5811292,0.40869346,0.58592135,0.5020446,0.45465058,0.47283873,0.3238197,879
0.47843677,0.49541098,0.5516006,0.59208196,0.3894602,0.523166,0.68094367,0.5784717,0.40659595,0.59521174,0.5055399,0.44863176,0.47691897,0.25344494,880
0.48797134,0.50573826,0.5255051,0.54014796,0.43499464,0.51436996,0.5856472,0.54852945,0.42728,0.538079,0.5089435,0.44471323,0.47238517,0.3900354,881
0.5003643,0.48986197,0.5067632,0.5137158,0.45682082,0.52173185,0.49178022,0.52482665,0.4674365,0.5006113,0.5231659,0.44186354,0.4743206,0.45697412,882
0.495485,0.4979516,0.505892,0.5094302,0.46588504,0.5067848,0.49034542,0.51731634,0.46926507,0.48852026,0.51961416,0.43918645,0.47325096,0.46847925,883
0.4994394,0.43741095,0.4427496,0.45642582,0.57433105,0.45006254,0.2670491,0.39491317,0.58699286,0.3839939,0.5017584,0.46462402,0.4517735,0.5379152,884
0.50448567,0.41250914,0.4141252,0.4355853,0.62539506,0.44266674,0.19778232,0.33597338,0.6333822,0.35722873,0.4810852,0.49700692,0.4518399,0.5342944,885
0.48752248,0.49781287,0.5043643,0.52266127,0.45775053,0.5049656,0.53687555,0.52437884,0.44078654,0.50536937,0.50647414,0.44250962,0.46266267,0.44602105,886
0.49015382,0.49867943,0.5149431,0.526395,0.4451656,0.5140419,0.54354024,0.5379072,0.44244564,0.5199019,0.5157576,0.44054344,0.47108063,0.42501277,887
0.49537975,0.49441367,0.4998711,0.5060818,0.46877643,0.5021553,0.47936502,0.512239,0.46551317,0.48298755,0.51701754,0.43882483,0.46380875,0.4840251,888
0.4937222,0.49606395,0.5022482,0.5079534,0.47642687,0.49801722,0.4820269,0.5085796,0.47419757,0.47944844,0.5158231,0.43892866,0.47257766,0.4751181,889
0.4905416,0.5045018,0.52375925,0.53867203,0.43524683,0.51555324,0.5816433,0.54979753,0.4270986,0.54011303,0.5094644,0.4466668,0.47269717,0.39157265,890
0.49181446,0.5026987,0.519777,0.5284602,0.4413404,0.5069838,0.5523432,0.5441736,0.43465534,0.5262709,0.5135555,0.44330066,0.470726,0.4175648,891
0.5100071,0.4191557,0.43055707,0.44089696,0.6069598,0.4573161,0.20246428,0.35872728,0.6296742,0.37526077,0.5015347,0.49578214,0.4622612,0.53206086,892
0.4967814,0.44822276,0.45115495,0.46795264,0.54819214,0.46130183,0.31158227,0.42078245,0.55414516,0.4033022,0.5035729,0.45393583,0.4496617,0.5353374,893
0.48184004,0.50403166,0.5608783,0.59429777,0.381829,0.51539004,0.6984564,0.58662724,0.39804888,0.60771745,0.50087285,0.45615757,0.47787052,0.23699081,894
0.51698416,0.4023563,0.3926972,0.4021632,0.6657166,0.45858845,0.15674865,0.29869583,0.68068105,0.35009396,0.45773515,0.5480036,0.47458336,0.5316382,895
0.4941462,0.5019138,0.51531583,0.52804345,0.44536135,0.5154118,0.5492704,0.54087955,0.4365405,0.52460605,0.51354975,0.4456954,0.47085544,0.426142,896
0.4774319,0.48910576,0.529267,0.56249624,0.4192845,0.5277895,0.6179569,0.5479148,0.4261792,0.54607666,0.5100227,0.43718976,0.47808117,0.33414578,897
0.5110038,0.43858096,0.4511189,0.4606811,0.56813544,0.47770348,0.26580584,0.41432008,0.5832277,0.41273677,0.5178606,0.47911873,0.4731806,0.523185,898
0.5082884,0.4033118,0.39618593,0.41397455,0.65534586,0.43814856,0.17716672,0.31227946,0.6540822,0.34538224,0.4591714,0.5270907,0.45993888,0.5346313,899
0.5050115,0.4194533,0.42290798,0.4360691,0.59847707,0.45960388,0.21303241,0.3507675,0.62076664,0.36984125,0.49219522,0.48897615,0.45052147,0.5337338,900
0.50534534,0.41937354,0.42191598,0.43478096,0.60528576,0.4567791,0.21574333,0.35517302,0.6242604,0.3723479,0.49267304,0.49220902,0.45679638,0.5400902,901
0.48795998,0.5010674,0.51217467,0.52229863,0.4556918,0.5036839,0.53688514,0.5276353,0.4441676,0.50551975,0.5102137,0.4406911,0.46770895,0.44031256,902
0.48884276,0.50274205,0.52805734,0.5441622,0.43245393,0.5200682,0.59300923,0.5559581,0.42983356,0.55107117,0.5098455,0.447183,0.47771922,0.37049118,903
0.5305124,0.38834408,0.37240353,0.36890793,0.70698005,0.45755234,0.11473048,0.26053306,0.72747725,0.33122516,0.4432975,0.5947047,0.48183298,0.55262256,904
0.5013237,0.49930596,0.5117755,0.5168276,0.4505705,0.51157004,0.51161647,0.540202,0.44763938,0.51714,0.5195677,0.44124833,0.4676481,0.4591341,905
0.50544846,0.400434,0.3979611,0.41758126,0.6503489,0.43209386,0.16491863,0.3029426,0.662085,0.33884895,0.46723932,0.5143912,0.44851804,0.53977615,906
0.4984699,0.50421584,0.51818466,0.52418876,0.44782943,0.51215535,0.5378705,0.5413122,0.44124317,0.5206393,0.5151715,0.4444877,0.47161677,0.43449107,907
0.503262,0.41132128,0.4137433,0.43074876,0.6204664,0.44215548,0.19687088,0.33868575,0.6363344,0.3620571,0.48151922,0.49925414,0.45445704,0.5343633,908
0.5062352,0.41261888,0.4165733,0.42935514,0.62625885,0.44555324,0.18400677,0.3273334,0.6542756,0.3571,0.48428306,0.49795017,0.45686865,0.5284863,909
0.49124807,0.50362676,0.53208745,0.5457288,0.4279076,0.5203108,0.5953697,0.56074506,0.4273061,0.5567234,0.5118083,0.4474821,0.4796219,0.36623225,910
0.49578285,0.46362457,0.46741265,0.4809387,0.51976144,0.48304567,0.36879832,0.45497707,0.5250133,0.43188608,0.5115408,0.44963104,0.46173555,0.5162632,911
0.51378244,0.40343055,0.396918,0.4113198,0.6559756,0.45347142,0.16571471,0.3098178,0.6663146,0.3556226,0.4619358,0.53475106,0.46678042,0.5324164,912
0.5002081,0.43093255,0.43055952,0.44722518,0.59229165,0.46447757,0.24712056,0.37231386,0.6033286,0.38779673,0.48998672,0.48743045,0.4692688,0.51760143,913
0.49587405,0.51229465,0.5371014,0.5420983,0.42379904,0.51942796,0.5954779,0.5654888,0.4218926,0.5577018,0.5109513,0.447784,0.47495404,0.37249023,914
0.50631106,0.42932647,0.4382046,0.44324535,0.59382945,0.45928836,0.22413698,0.3756587,0.61937034,0.384394,0.5073774,0.48703414,0.4724015,0.52454084,915
0.49605367,0.4950894,0.50584155,0.50954455,0.46781725,0.50401676,0.48838243,0.5129596,0.46546182,0.48418283,0.51720786,0.44029477,0.46977463,0.46702424,916
0.49310264,0.514411,0.55071837,0.5587298,0.4009857,0.5241008,0.64370346,0.5786532,0.40613812,0.58269864,0.50831836,0.45632103,0.47985038,0.3078799,917
0.5102562,0.405996,0.40352932,0.4130536,0.64549124,0.45091996,0.16332261,0.30861497,0.67095554,0.35249725,0.47670346,0.52228725,0.4640918,0.534795,918
0.5055731,0.40160072,0.40141758,0.41811526,0.6439517,0.4325408,0.16828871,0.3121496,0.65920067,0.34436283,0.47263572,0.5123558,0.45166638,0.53940374,919
0.49201474,0.50376207,0.52247673,0.5356434,0.433628,0.5188459,0.5713857,0.5502783,0.42856395,0.5373954,0.51139474,0.44188398,0.46828666,0.40546006,920
0.49169686,0.49635935,0.511604,0.52390206,0.44824943,0.5156771,0.5328523,0.53192365,0.44835848,0.5118937,0.5155875,0.43834096,0.47122118,0.43516856,921
0.48790345,0.5075951,0.54956424,0.5715666,0.40335,0.51789844,0.6591765,0.58522147,0.4109949,0.59666085,0.50139475,0.45276773,0.47576582,0.29417977,922
0.48681805,0.5016451,0.50743026,0.51321155,0.4611126,0.49921256,0.51314735,0.51422775,0.4512717,0.48445994,0.5101316,0.43656543,0.46248478,0.46055153,923
0.4990548,0.45392615,0.45745817,0.47636026,0.5301081,0.47361204,0.3379714,0.44336203,0.53343445,0.42331183,0.50869876,0.4493887,0.44934952,0.53626364,924
0.49723965,0.5111299,0.55439097,0.56483024,0.40176988,0.52344006,0.647312,0.594769,0.40831116,0.6083505,0.5031205,0.46333817,0.47840223,0.29143327,925
0.4908414,0.5112372,0.5580036,0.57703996,0.3923834,0.52057886,0.6744931,0.595785,0.40196502,0.61311245,0.5008989,0.46364924,0.47970527,0.26374012,926
0.4865765,0.49520275,0.51304406,0.53441256,0.44306955,0.5171491,0.5590061,0.5362378,0.4392557,0.52184016,0.51174897,0.4393627,0.4721284,0.4117435,927
0.49894103,0.44446895,0.44726628,0.46713892,0.5503286,0.46934336,0.30251595,0.41859815,0.5565442,0.40821612,0.50446224,0.45775852,0.4499575,0.53648835,928
0.5283125,0.3898807,0.37640134,0.37094218,0.70600003,0.45132315,0.11113316,0.2589337,0.7283641,0.3300423,0.44651055,0.58800215,0.47848198,0.54766977,929
0.49861363,0.4393655,0.4440162,0.4569094,0.57304454,0.45720077,0.27342793,0.3987449,0.58784795,0.39288032,0.50243235,0.46974614,0.4648567,0.5224771,930
0.5049214,0.41599554,0.4185473,0.43301004,0.6097339,0.44956174,0.20500326,0.3457933,0.6303468,0.36503306,0.48933247,0.4928319,0.45255792,0.53811353,931
0.4926589,0.5033117,0.529309,0.54596615,0.43340835,0.5268598,0.59266293,0.5551687,0.43647307,0.55746907,0.51385975,0.4562438,0.49184752,0.354468,932
0.5002498,0.46665743,0.4736813,0.48470348,0.5166486,0.49286368,0.37840414,0.46377277,0.5232614,0.44164005,0.5173363,0.45201123,0.47250488,0.5082409,933
0.49301913,0.5003858,0.51420677,0.5179845,0.4509783,0.50605786,0.5211211,0.5304645,0.44718102,0.50289726,0.51534325,0.44121668,0.46775684,0.44498378,934
0.4964101,0.4698856,0.47452825,0.48170304,0.51314294,0.48017108,0.37698454,0.4600431,0.5201006,0.430651,0.51378155,0.44355804,0.45807344,0.52138364,935
0.4999289,0.44571188,0.4529845,0.46248186,0.5558796,0.46259984,0.29574353,0.4185892,0.56666887,0.40321264,0.5084179,0.46411276,0.46160337,0.528457,936
0.49241394,0.51067334,0.5438799,0.55447334,0.41300976,0.5206201,0.62458813,0.5791213,0.4141121,0.5823554,0.5064193,0.45278874,0.47390422,0.3332596,937
0.4896331,0.5134578,0.54575324,0.55737823,0.4099757,0.520525,0.6390188,0.5691754,0.4099427,0.57114077,0.5055537,0.45303226,0.4782199,0.32217577,938
0.49299026,0.466998,0.47073448,0.4820705,0.51958084,0.48206034,0.36955673,0.45110413,0.53175485,0.4269717,0.51298743,0.44236752,0.46248293,0.5119788,939
0.49941072,0.48678058,0.49419126,0.49722162,0.48411936,0.49935466,0.44378075,0.49861506,0.48634285,0.4687622,0.52066416,0.4433987,0.47108823,0.49135396,940
0.5020345,0.44136176,0.44071883,0.45956236,0.5696988,0.48619342,0.28562245,0.39838642,0.5836787,0.40820208,0.5007553,0.4771147,0.47381985,0.51621825,941
0.5010933,0.5020272,0.5272561,0.53638035,0.42633113,0.52966815,0.56623536,0.5624643,0.43322703,0.5535957,0.51771754,0.4478056,0.47620997,0.39352435,942
0.51852226,0.39672375,0.39829427,0.40940094,0.65402955,0.4542235,0.14409795,0.30024529,0.67641467,0.3536484,0.47028053,0.5367703,0.46052223,0.5381487,943
0.49523807,0.5082478,0.53169143,0.53647554,0.43407425,0.5197685,0.57100236,0.5524613,0.43824148,0.5404699,0.5161715,0.4436727,0.47908425,0.38805866,944
0.49027735,0.5051964,0.52540344,0.5329694,0.43726084,0.51396126,0.56724465,0.54898274,0.43386415,0.5333264,0.5121427,0.44267425,0.47043368,0.4024353,945
0.49149716,0.47622558,0.4768608,0.48465958,0.5102967,0.4787023,0.39791846,0.4623553,0.5087123,0.42934734,0.5107448,0.44306865,0.4597287,0.51302403,946
0.48886463,0.4895897,0.49297902,0.50580776,0.47868222,0.5020337,0.47627583,0.49800402,0.47514737,0.4717139,0.5137291,0.44044048,0.47032502,0.4760905,947
0.49510175,0.509252,0.54173696,0.5479229,0.41684347,0.5240004,0.6085921,0.57587624,0.42062142,0.57382375,0.50989085,0.45074278,0.4757738,0.34651282,948
0.49243364,0.49987134,0.5073723,0.51154596,0.4634325,0.5038074,0.50065786,0.5134652,0.4584522,0.4822258,0.5160834,0.438262,0.46785524,0.46487933,949
0.49030864,0.49955943,0.5236549,0.53896993,0.43296346,0.5255984,0.5739152,0.5481792,0.4364452,0.53840655,0.5143493,0.443958,0.47674474,0.38775975,950
0.49605292,0.47760788,0.4808595,0.49196926,0.50068516,0.48549524,0.41732,0.4811965,0.49852782,0.45172065,0.51320326,0.4428975,0.46217686,0.50796205,951
0.506593,0.4166065,0.42186362,0.4376577,0.61312765,0.4495137,0.20120518,0.34607264,0.6305142,0.36552918,0.4912441,0.4936286,0.4535576,0.53429997,952
0.503502,0.42139506,0.42334318,0.44011566,0.6039302,0.459799,0.21917579,0.35459054,0.62040395,0.37354863,0.4897685,0.4910536,0.45786792,0.52924997,953
0.49362198,0.46796083,0.4727564,0.48938996,0.5125127,0.4912747,0.39911008,0.46463832,0.51293993,0.44215924,0.5104104,0.44656655,0.46495187,0.5031687,954
0.48955402,0.5073937,0.5333527,0.5478397,0.4262569,0.5212164,0.6051519,0.5614066,0.42407823,0.5595845,0.5089231,0.45132402,0.47918043,0.35277978,955
0.49625698,0.49373564,0.5108072,0.5224487,0.44903716,0.51686597,0.5224747,0.53710675,0.44982758,0.5186052,0.51880795,0.43999168,0.47057688,0.44154203,956
0.49610502,0.49379957,0.49967584,0.50535345,0.4725626,0.4999068,0.47424132,0.50809675,0.4697815,0.47609633,0.51705587,0.440444,0.46724227,0.48411527,957
0.48585504,0.49719173,0.51769537,0.5376082,0.44108406,0.52013075,0.5690965,0.53941435,0.44080952,0.5293096,0.5121147,0.4411819,0.4764823,0.39882213,958
0.49290335,0.49212417,0.4996453,0.5070403,0.47237387,0.50061697,0.48160768,0.5072166,0.4681926,0.47660097,0.5152133,0.43884358,0.46736494,0.4748837,959
0.47591457,0.49074084,0.53127074,0.5683618,0.41677955,0.52632004,0.6311576,0.5494434,0.42280835,0.5520676,0.50868016,0.43948397,0.47964033,0.31934217,960
0.50484335,0.5054542,0.52885705,0.53651273,0.44364697,0.52797127,0.5638766,0.55826634,0.4513756,0.5595969,0.5213883,0.46504596,0.50693357,0.36050156,961
0.4990814,0.4772559,0.4807549,0.48784295,0.50098073,0.49179983,0.40308583,0.48012677,0.50445336,0.45031556,0.5168643,0.44173977,0.45900658,0.52004313,962
0.4935639,0.5095727,0.53701967,0.54500335,0.42243978,0.5194402,0.60221714,0.5660399,0.4195804,0.5594594,0.5092879,0.44815427,0.47253597,0.36420774,963
0.49215126,0.50525415,0.5227688,0.5296608,0.44099468,0.51407164,0.54961944,0.5391955,0.44765934,0.5190374,0.51742953,0.43659282,0.47650418,0.4145378,964
0.51022685,0.39817864,0.39858085,0.41642514,0.6461254,0.43919426,0.1564427,0.30677316,0.6613722,0.34804007,0.47134256,0.5172308,0.44753784,0.5424307,965
0.50596625,0.43909317,0.44938064,0.45119977,0.57665884,0.4689435,0.25360554,0.39626327,0.5978069,0.39357525,0.5134916,0.48072958,0.47429654,0.52101874,966
0.48918232,0.5105299,0.52910984,0.53744555,0.43279743,0.52057916,0.58436674,0.54924995,0.4292307,0.53812176,0.5131535,0.44975397,0.48147756,0.37726736,967
0.5042694,0.40675882,0.40587956,0.4236835,0.6340617,0.44052416,0.18013269,0.32224533,0.6505058,0.35383764,0.47514176,0.507277,0.4526811,0.5362252,968
0.4938275,0.47071677,0.47326505,0.48720425,0.5180005,0.48584434,0.39539126,0.4650888,0.52013284,0.44263077,0.51191366,0.44974628,0.47757083,0.5012532,969
0.4916504,0.50963324,0.53050864,0.54116946,0.42877465,0.5178825,0.59324354,0.5574427,0.4217909,0.54979724,0.50799495,0.44848007,0.4714039,0.37920102,970
0.48389277,0.5017159,0.5641298,0.59715587,0.37700078,0.5148646,0.69889516,0.60229874,0.39484224,0.6238911,0.50056136,0.45647454,0.47211227,0.23396142,971
0.49690846,0.496625,0.5041259,0.51004237,0.46818268,0.50372934,0.48897576,0.5165043,0.46474612,0.48701248,0.5183564,0.44031492,0.47094935,0.47113904,972
0.49265105,0.49639225,0.50718486,0.5161748,0.4558492,0.50780976,0.51114696,0.52109873,0.45499405,0.49352825,0.5134602,0.43547016,0.4637129,0.46075577,973
0.5060832,0.47711766,0.487476,0.4941392,0.48587418,0.5161619,0.42059797,0.49715886,0.5002526,0.4741271,0.52448094,0.44662398,0.47483554,0.50277865,974
0.4957743,0.5045918,0.52159816,0.52642137,0.44770303,0.51433367,0.5435507,0.54112464,0.44846338,0.52020854,0.51783603,0.4398154,0.4785658,0.42135546,975
0.4942209,0.50466436,0.5190565,0.52454793,0.44265902,0.51458436,0.5440666,0.5413987,0.43851492,0.5209822,0.5145449,0.4426246,0.46803948,0.4292343,976
0.49656725,0.48685494,0.49779934,0.51061964,0.4709508,0.5158183,0.47957855,0.51090914,0.47487208,0.4885918,0.5197152,0.4430225,0.47594982,0.46788797,977
0.49526107,0.51304543,0.5628604,0.5805233,0.38956574,0.5189096,0.67930126,0.6047048,0.4016886,0.6268607,0.4988407,0.46577227,0.47837794,0.2568944,978
0.5141127,0.39919588,0.3959437,0.40264282,0.6646382,0.44696328,0.14854977,0.29627544,0.69019234,0.34715688,0.4635887,0.5416666,0.47213995,0.5311065,979
0.49052757,0.4899129,0.49176666,0.50130504,0.48496777,0.48649928,0.465194,0.49873126,0.47356775,0.46758693,0.5110483,0.44195974,0.46465155,0.49111283,980
0.49491024,0.4860312,0.49867845,0.51141244,0.46780124,0.5142316,0.48658586,0.51327026,0.4702009,0.49191594,0.5178104,0.44168577,0.4738382,0.46326345,981
0.5128844,0.4082033,0.40117243,0.41550034,0.64467996,0.46644846,0.17656839,0.31321323,0.6614028,0.35839784,0.46986368,0.52990174,0.46991897,0.53077465,982
0.49421585,0.4449829,0.44636348,0.46218023,0.561327,0.45217893,0.2957925,0.409545,0.565943,0.39255455,0.50036037,0.45677853,0.4504492,0.53564847,983
0.4964188,0.49014437,0.49536183,0.5017818,0.47987068,0.49636957,0.4601154,0.50328004,0.47372282,0.47147173,0.51675,0.44199952,0.46549097,0.49193642,984
0.47649604,0.49168682,0.53095144,0.5693134,0.41439795,0.5267538,0.6347049,0.5508584,0.4197778,0.5538076,0.5072886,0.4400818,0.47744265,0.3195174,985
0.49729306,0.49405172,0.501677,0.504469,0.4731609,0.5007208,0.47642732,0.51368016,0.46891606,0.48323077,0.5176708,0.44399232,0.46989232,0.47655377,986
0.49151316,0.5022737,0.5194109,0.52990764,0.44146836,0.51401085,0.556816,0.5403797,0.43561214,0.5222353,0.511348,0.44218263,0.4684016,0.41743806,987
0.49479768,0.49225697,0.5015265,0.5101867,0.46738145,0.5061194,0.4891208,0.5151497,0.46584418,0.48707154,0.515684,0.43749884,0.466261,0.47249728,988
0.4971357,0.46537027,0.4692019,0.4769439,0.52409214,0.47601318,0.36101127,0.45301732,0.52720124,0.42518583,0.51109266,0.44864058,0.45730355,0.5280828,989
0.49039656,0.48559383,0.4897171,0.507762,0.4728757,0.49960342,0.47368923,0.50218725,0.46960723,0.47623023,0.5119468,0.43510285,0.45815244,0.4883909,990
0.4957522,0.4872665,0.49834326,0.5120764,0.46904987,0.51249725,0.48508495,0.51432055,0.46969038,0.49246722,0.51774365,0.44001085,0.47096223,0.46838325,991
0.49510223,0.472477,0.4756579,0.4818623,0.51606905,0.4803026,0.38034588,0.4597741,0.5227012,0.43080038,0.5124946,0.4433219,0.46178007,0.5197056,992
0.4995903,0.4267265,0.42934772,0.44837707,0.5883722,0.45067063,0.24238491,0.37252536,0.6006934,0.3758831,0.49244267,0.47389776,0.44705063,0.5403023,993
0.4903333,0.48368892,0.48845938,0.5037872,0.48326686,0.49554527,0.46105638,0.49434492,0.47709507,0.46713153,0.5115469,0.4388147,0.46299428,0.48811173,994
0.484354,0.50824285,0.52893037,0.5427453,0.433082,0.51320493,0.5963193,0.5513651,0.42463636,0.54446435,0.50730705,0.4460861,0.47328332,0.37688714,995
0.4946407,0.4965314,0.50531554,0.51326376,0.46408612,0.50779736,0.5087558,0.5206528,0.45384815,0.49490127,0.512901,0.4422135,0.4665376,0.4615804,996
0.49437475,0.5067796,0.52788043,0.5330167,0.43584892,0.5153592,0.57086116,0.5514614,0.42937592,0.53787243,0.5122088,0.44888893,0.4746202,0.39389032,997
0.47467583,0.4879173,0.52560264,0.5636796,0.4229675,0.5262416,0.6169283,0.54012346,0.42706314,0.53805894,0.50951517,0.4340964,0.47856745,0.33631027,998
0.49675593,0.51285577,0.5257787,0.53118706,0.4484864,0.5158466,0.5604311,0.54172313,0.4473865,0.5284974,0.5141332,0.44807303,0.48837134,0.403902,999
